-- phpMyAdmin SQL Dump
-- version 4.9.0.1
-- https://www.phpmyadmin.net/
--
-- Servidor: 127.0.0.1
-- Tiempo de generación: 17-09-2019 a las 07:31:45
-- Versión del servidor: 10.3.16-MariaDB
-- Versión de PHP: 7.3.7

SET SQL_MODE = "NO_AUTO_VALUE_ON_ZERO";
SET AUTOCOMMIT = 0;
START TRANSACTION;
SET time_zone = "+00:00";


/*!40101 SET @OLD_CHARACTER_SET_CLIENT=@@CHARACTER_SET_CLIENT */;
/*!40101 SET @OLD_CHARACTER_SET_RESULTS=@@CHARACTER_SET_RESULTS */;
/*!40101 SET @OLD_COLLATION_CONNECTION=@@COLLATION_CONNECTION */;
/*!40101 SET NAMES utf8mb4 */;

--
-- Base de datos: `bdcontrole`
--
CREATE DATABASE IF NOT EXISTS `bdcontrole` DEFAULT CHARACTER SET utf8 COLLATE utf8_spanish_ci;
USE `bdcontrole`;

-- --------------------------------------------------------

--
-- Estructura de tabla para la tabla `acta`
--

CREATE TABLE `acta` (
  `IdActa` int(11) NOT NULL,
  `IdDignidad` int(11) DEFAULT NULL,
  `NroActa` varchar(45) DEFAULT NULL,
  `TotalVotos` int(11) DEFAULT 0,
  `Imagen` varchar(300) DEFAULT NULL,
  `VotosBlancos` int(11) DEFAULT 0,
  `VotosNulos` int(11) DEFAULT 0,
  `IdJunta` int(11) DEFAULT NULL,
  `Observaciones` varchar(200) DEFAULT NULL,
  `VotosValidos` int(11) DEFAULT 0,
  `actaEstado` varchar(2) DEFAULT NULL,
  `cargada` int(1) DEFAULT 0,
  `revisada` int(1) DEFAULT 0,
  `observacion` int(11) DEFAULT NULL,
  `idusuario` int(11) DEFAULT NULL
) ENGINE=InnoDB DEFAULT CHARSET=utf8;

--
-- Volcado de datos para la tabla `acta`
--

INSERT INTO `acta` (`IdActa`, `IdDignidad`, `NroActa`, `TotalVotos`, `Imagen`, `VotosBlancos`, `VotosNulos`, `IdJunta`, `Observaciones`, `VotosValidos`, `actaEstado`, `cargada`, `revisada`, `observacion`, `idusuario`) VALUES
(126, 1, '0', 0, '0', 0, 0, 75, NULL, 0, '0', 0, 0, 0, 298),
(127, 2, '0', 0, NULL, 0, 0, 75, NULL, 0, '0', 0, 0, 0, 49),
(128, 3, '0', 0, NULL, 0, 0, 75, NULL, 0, '0', 0, 0, 0, NULL),
(129, 1, '0', 0, NULL, 0, 0, 76, NULL, 0, '0', 0, 0, 0, 51),
(130, 2, '0', 0, NULL, 0, 0, 76, NULL, 0, '0', 0, 0, 0, 51),
(131, 3, '0', 0, NULL, 0, 0, 76, NULL, 0, '0', 0, 0, 0, NULL),
(132, 1, '0', 0, NULL, 0, 0, 77, NULL, 0, '0', 0, 0, 0, 76),
(133, 2, '0', 0, NULL, 0, 0, 77, NULL, 0, '0', 0, 0, 0, NULL),
(134, 3, '0', 0, NULL, 0, 0, 77, NULL, 0, '0', 0, 0, 0, NULL),
(135, 1, '0', 0, NULL, 0, 0, 78, NULL, 0, '0', 0, 0, 0, 57),
(136, 2, '0', 0, NULL, 0, 0, 78, NULL, 0, '0', 0, 0, 0, 57),
(137, 3, '0', 0, NULL, 0, 0, 78, NULL, 0, '0', 0, 0, 0, NULL),
(138, 1, '0', 0, NULL, 0, 0, 79, NULL, 0, '0', 0, 0, 0, NULL),
(139, 2, '0', 0, NULL, 0, 0, 79, NULL, 0, '0', 0, 0, 0, NULL),
(140, 3, '0', 0, NULL, 0, 0, 79, NULL, 0, '0', 0, 0, 0, NULL),
(141, 1, '0', 0, NULL, 0, 0, 80, NULL, 0, '0', 0, 0, 0, NULL),
(142, 2, '0', 0, NULL, 0, 0, 80, NULL, 0, '0', 0, 0, 0, NULL),
(143, 3, '0', 0, NULL, 0, 0, 80, NULL, 0, '0', 0, 0, 0, NULL),
(144, 1, '0', 0, NULL, 0, 0, 81, NULL, 0, '0', 0, 0, 0, 59),
(145, 2, '0', 0, NULL, 0, 0, 81, NULL, 0, '0', 0, 0, 0, NULL),
(146, 3, '0', 0, NULL, 0, 0, 81, NULL, 0, '0', 0, 0, 0, NULL),
(147, 1, '0', 0, NULL, 0, 0, 82, NULL, 0, '0', 0, 0, 0, NULL),
(148, 2, '0', 0, NULL, 0, 0, 82, NULL, 0, '0', 0, 0, 0, NULL),
(149, 3, '0', 0, NULL, 0, 0, 82, NULL, 0, '0', 0, 0, 0, NULL),
(150, 1, '0', 0, NULL, 0, 0, 83, NULL, 0, '0', 0, 0, 0, NULL),
(151, 2, '0', 0, NULL, 0, 0, 83, NULL, 0, '0', 0, 0, 0, NULL),
(152, 3, '0', 0, NULL, 0, 0, 83, NULL, 0, '0', 0, 0, 0, NULL),
(153, 1, '0', 0, NULL, 0, 0, 84, NULL, 0, '0', 0, 0, 0, 11),
(154, 2, '0', 0, NULL, 0, 0, 84, NULL, 0, '0', 0, 0, 0, 80),
(155, 3, '0', 0, NULL, 0, 0, 84, NULL, 0, '0', 0, 0, 0, 11),
(156, 1, '0', 0, NULL, 0, 0, 85, NULL, 0, '0', 0, 0, 0, NULL),
(157, 2, '0', 0, NULL, 0, 0, 85, NULL, 0, '0', 0, 0, 0, NULL),
(158, 3, '0', 0, NULL, 0, 0, 85, NULL, 0, '0', 0, 0, 0, NULL),
(159, 1, '0', 0, NULL, 0, 0, 86, NULL, 0, '0', 0, 0, 0, NULL),
(160, 2, '0', 0, NULL, 0, 0, 86, NULL, 0, '0', 0, 0, 0, NULL),
(161, 3, '0', 0, NULL, 0, 0, 86, NULL, 0, '0', 0, 0, 0, NULL),
(162, 1, '0', 0, NULL, 0, 0, 87, NULL, 0, '0', 0, 0, 0, NULL),
(163, 2, '0', 0, NULL, 0, 0, 87, NULL, 0, '0', 0, 0, 0, NULL),
(164, 3, '0', 0, NULL, 0, 0, 87, NULL, 0, '0', 0, 0, 0, NULL),
(165, 1, '0', 0, NULL, 0, 0, 88, NULL, 0, '0', 0, 0, 0, 11),
(166, 2, '0', 0, NULL, 0, 0, 88, NULL, 0, '0', 0, 0, 0, 48),
(167, 3, '0', 0, NULL, 0, 0, 88, NULL, 0, '0', 0, 0, 0, NULL),
(168, 1, '0', 0, NULL, 0, 0, 89, NULL, 0, '0', 0, 0, 0, 11),
(169, 2, '0', 0, NULL, 0, 0, 89, NULL, 0, '0', 0, 0, 0, 11),
(170, 3, '0', 0, NULL, 0, 0, 89, NULL, 0, '0', 0, 0, 0, NULL),
(171, 1, '0', 0, NULL, 0, 0, 90, NULL, 0, '0', 0, 0, 0, NULL),
(172, 2, '0', 0, NULL, 0, 0, 90, NULL, 0, '0', 0, 0, 0, NULL),
(173, 3, '0', 0, NULL, 0, 0, 90, NULL, 0, '0', 0, 0, 0, NULL),
(174, 1, '0', 0, NULL, 0, 0, 91, NULL, 0, '0', 0, 0, 0, 55),
(175, 2, '0', 0, NULL, 0, 0, 91, NULL, 0, '0', 0, 0, 0, NULL),
(176, 3, '0', 0, NULL, 0, 0, 91, NULL, 0, '0', 0, 0, 0, NULL),
(177, 1, '0', 0, NULL, 0, 0, 92, NULL, 0, '0', 0, 0, 0, NULL),
(178, 2, '0', 0, NULL, 0, 0, 92, NULL, 0, '0', 0, 0, 0, NULL),
(179, 3, '0', 0, NULL, 0, 0, 92, NULL, 0, '0', 0, 0, 0, NULL),
(180, 1, '0', 0, NULL, 0, 0, 93, NULL, 0, '0', 0, 0, 0, NULL),
(181, 2, '0', 0, NULL, 0, 0, 93, NULL, 0, '0', 0, 0, 0, NULL),
(182, 3, '0', 0, NULL, 0, 0, 93, NULL, 0, '0', 0, 0, 0, NULL),
(183, 1, '0', 0, NULL, 0, 0, 94, NULL, 0, '0', 0, 0, 0, NULL),
(184, 2, '0', 0, NULL, 0, 0, 94, NULL, 0, '0', 0, 0, 0, NULL),
(185, 3, '0', 0, NULL, 0, 0, 94, NULL, 0, '0', 0, 0, 0, NULL),
(186, 1, '0', 0, NULL, 0, 0, 95, NULL, 0, '0', 0, 0, 0, 77),
(187, 2, '0', 0, NULL, 0, 0, 95, NULL, 0, '0', 0, 0, 0, 77),
(188, 3, '0', 0, NULL, 0, 0, 95, NULL, 0, '0', 0, 0, 0, 77),
(189, 1, '0', 0, NULL, 0, 0, 96, NULL, 0, '0', 0, 0, 0, NULL),
(190, 2, '0', 0, NULL, 0, 0, 96, NULL, 0, '0', 0, 0, 0, NULL),
(191, 3, '0', 0, NULL, 0, 0, 96, NULL, 0, '0', 0, 0, 0, NULL),
(192, 1, '0', 0, NULL, 0, 0, 97, NULL, 0, '0', 0, 0, 0, NULL),
(193, 2, '0', 0, NULL, 0, 0, 97, NULL, 0, '0', 0, 0, 0, NULL),
(194, 3, '0', 0, NULL, 0, 0, 97, NULL, 0, '0', 0, 0, 0, NULL),
(195, 1, '0', 0, NULL, 0, 0, 98, NULL, 0, '0', 0, 0, 0, NULL),
(196, 2, '0', 0, NULL, 0, 0, 98, NULL, 0, '0', 0, 0, 0, NULL),
(197, 3, '0', 0, NULL, 0, 0, 98, NULL, 0, '0', 0, 0, 0, NULL),
(198, 1, '0', 0, NULL, 0, 0, 99, NULL, 0, '0', 0, 0, 0, NULL),
(199, 2, '0', 0, NULL, 0, 0, 99, NULL, 0, '0', 0, 0, 0, NULL),
(200, 3, '0', 0, NULL, 0, 0, 99, NULL, 0, '0', 0, 0, 0, NULL),
(201, 1, '0', 0, NULL, 0, 0, 100, NULL, 0, '0', 0, 0, 0, NULL),
(202, 2, '0', 0, NULL, 0, 0, 100, NULL, 0, '0', 0, 0, 0, NULL),
(203, 3, '0', 0, NULL, 0, 0, 100, NULL, 0, '0', 0, 0, 0, NULL),
(204, 1, '0', 0, NULL, 0, 0, 101, NULL, 0, '0', 0, 0, 0, 79),
(205, 2, '0', 0, NULL, 0, 0, 101, NULL, 0, '0', 0, 0, 0, NULL),
(206, 3, '0', 0, NULL, 0, 0, 101, NULL, 0, '0', 0, 0, 0, NULL),
(207, 1, '0', 0, NULL, 0, 0, 102, NULL, 0, '0', 0, 0, 0, 82),
(208, 2, '0', 0, NULL, 0, 0, 102, NULL, 0, '0', 0, 0, 0, NULL),
(209, 3, '0', 0, NULL, 0, 0, 102, NULL, 0, '0', 0, 0, 0, 82),
(210, 1, '0', 0, NULL, 0, 0, 103, NULL, 0, '0', 0, 0, 0, 86),
(211, 2, '0', 0, NULL, 0, 0, 103, NULL, 0, '0', 0, 0, 0, 44),
(212, 3, '0', 0, NULL, 0, 0, 103, NULL, 0, '0', 0, 0, 0, 84),
(213, 1, '0', 0, NULL, 0, 0, 104, NULL, 0, '0', 0, 0, 0, 87),
(214, 2, '0', 0, NULL, 0, 0, 104, NULL, 0, '0', 0, 0, 0, 92),
(215, 3, '0', 0, NULL, 0, 0, 104, NULL, 0, '0', 0, 0, 0, 87),
(216, 1, '0', 0, NULL, 0, 0, 105, NULL, 0, '0', 0, 0, 0, 92),
(217, 2, '0', 0, NULL, 0, 0, 105, NULL, 0, '0', 0, 0, 0, NULL),
(218, 3, '0', 0, NULL, 0, 0, 105, NULL, 0, '0', 0, 0, 0, NULL),
(219, 1, '0', 0, NULL, 0, 0, 106, NULL, 0, '0', 0, 0, 0, 91),
(220, 2, '0', 0, NULL, 0, 0, 106, NULL, 0, '0', 0, 0, 0, NULL),
(221, 3, '0', 0, NULL, 0, 0, 106, NULL, 0, '0', 0, 0, 0, NULL),
(222, 1, '0', 0, NULL, 0, 0, 107, NULL, 0, '0', 0, 0, 0, NULL),
(223, 2, '0', 0, NULL, 0, 0, 107, NULL, 0, '0', 0, 0, 0, NULL),
(224, 3, '0', 0, NULL, 0, 0, 107, NULL, 0, '0', 0, 0, 0, NULL),
(225, 1, '0', 0, NULL, 0, 0, 108, NULL, 0, '0', 0, 0, 0, NULL),
(226, 2, '0', 0, NULL, 0, 0, 108, NULL, 0, '0', 0, 0, 0, NULL),
(227, 3, '0', 0, NULL, 0, 0, 108, NULL, 0, '0', 0, 0, 0, NULL),
(228, 1, '0', 0, NULL, 0, 0, 109, NULL, 0, '0', 0, 0, 0, NULL),
(229, 2, '0', 0, NULL, 0, 0, 109, NULL, 0, '0', 0, 0, 0, NULL),
(230, 3, '0', 0, NULL, 0, 0, 109, NULL, 0, '0', 0, 0, 0, NULL),
(231, 1, '0', 0, NULL, 0, 0, 110, NULL, 0, '0', 0, 0, 0, NULL),
(232, 2, '0', 0, NULL, 0, 0, 110, NULL, 0, '0', 0, 0, 0, NULL),
(233, 3, '0', 0, NULL, 0, 0, 110, NULL, 0, '0', 0, 0, 0, NULL),
(234, 1, '0', 0, NULL, 0, 0, 111, NULL, 0, '0', 0, 0, 0, NULL),
(235, 2, '0', 0, NULL, 0, 0, 111, NULL, 0, '0', 0, 0, 0, NULL),
(236, 3, '0', 0, NULL, 0, 0, 111, NULL, 0, '0', 0, 0, 0, NULL),
(237, 1, '0', 0, NULL, 0, 0, 112, NULL, 0, '0', 0, 0, 0, NULL),
(238, 2, '0', 0, NULL, 0, 0, 112, NULL, 0, '0', 0, 0, 0, NULL),
(239, 3, '0', 0, NULL, 0, 0, 112, NULL, 0, '0', 0, 0, 0, NULL),
(240, 1, '0', 0, NULL, 0, 0, 113, NULL, 0, '0', 0, 0, 0, NULL),
(241, 2, '0', 0, NULL, 0, 0, 113, NULL, 0, '0', 0, 0, 0, NULL),
(242, 3, '0', 0, NULL, 0, 0, 113, NULL, 0, '0', 0, 0, 0, NULL),
(243, 1, '0', 0, NULL, 0, 0, 114, NULL, 0, '0', 0, 0, 0, NULL),
(244, 2, '0', 0, NULL, 0, 0, 114, NULL, 0, '0', 0, 0, 0, NULL),
(245, 3, '0', 0, NULL, 0, 0, 114, NULL, 0, '0', 0, 0, 0, NULL),
(246, 1, '0', 0, NULL, 0, 0, 115, NULL, 0, '0', 0, 0, 0, NULL),
(247, 2, '0', 0, NULL, 0, 0, 115, NULL, 0, '0', 0, 0, 0, NULL),
(248, 3, '0', 0, NULL, 0, 0, 115, NULL, 0, '0', 0, 0, 0, NULL),
(249, 1, '0', 0, NULL, 0, 0, 116, NULL, 0, '0', 0, 0, 0, NULL),
(250, 2, '0', 0, NULL, 0, 0, 116, NULL, 0, '0', 0, 0, 0, NULL),
(251, 3, '0', 0, NULL, 0, 0, 116, NULL, 0, '0', 0, 0, 0, NULL),
(252, 1, '0', 0, NULL, 0, 0, 117, NULL, 0, '0', 0, 0, 0, NULL),
(253, 2, '0', 0, NULL, 0, 0, 117, NULL, 0, '0', 0, 0, 0, NULL),
(254, 3, '0', 0, NULL, 0, 0, 117, NULL, 0, '0', 0, 0, 0, NULL),
(255, 1, '0', 0, NULL, 0, 0, 118, NULL, 0, '0', 0, 0, 0, NULL),
(256, 2, '0', 0, NULL, 0, 0, 118, NULL, 0, '0', 0, 0, 0, NULL),
(257, 3, '0', 0, NULL, 0, 0, 118, NULL, 0, '0', 0, 0, 0, NULL),
(258, 1, '0', 0, NULL, 0, 0, 119, NULL, 0, '0', 0, 0, 0, NULL),
(259, 2, '0', 0, NULL, 0, 0, 119, NULL, 0, '0', 0, 0, 0, NULL),
(260, 3, '0', 0, NULL, 0, 0, 119, NULL, 0, '0', 0, 0, 0, NULL),
(261, 1, '0', 0, NULL, 0, 0, 120, NULL, 0, '0', 0, 0, 0, NULL),
(262, 2, '0', 0, NULL, 0, 0, 120, NULL, 0, '0', 0, 0, 0, NULL),
(263, 3, '0', 0, NULL, 0, 0, 120, NULL, 0, '0', 0, 0, 0, NULL),
(264, 1, '0', 0, NULL, 0, 0, 121, NULL, 0, '0', 0, 0, 0, 103),
(265, 2, '0', 0, NULL, 0, 0, 121, NULL, 0, '0', 0, 0, 0, 103),
(266, 3, '0', 0, NULL, 0, 0, 121, NULL, 0, '0', 0, 0, 0, NULL),
(267, 1, '0', 0, NULL, 0, 0, 122, NULL, 0, '0', 0, 0, 0, NULL),
(268, 2, '0', 0, NULL, 0, 0, 122, NULL, 0, '0', 0, 0, 0, NULL),
(269, 3, '0', 0, NULL, 0, 0, 122, NULL, 0, '0', 0, 0, 0, NULL),
(270, 1, '0', 0, NULL, 0, 0, 123, NULL, 0, '0', 0, 0, 0, 110),
(271, 2, '0', 0, NULL, 0, 0, 123, NULL, 0, '0', 0, 0, 0, NULL),
(272, 3, '0', 0, NULL, 0, 0, 123, NULL, 0, '0', 0, 0, 0, NULL),
(273, 1, '0', 0, NULL, 0, 0, 124, NULL, 0, '0', 0, 0, 0, NULL),
(274, 2, '0', 0, NULL, 0, 0, 124, NULL, 0, '0', 0, 0, 0, NULL),
(275, 3, '0', 0, NULL, 0, 0, 124, NULL, 0, '0', 0, 0, 0, NULL),
(276, 1, '0', 0, NULL, 0, 0, 125, NULL, 0, '0', 0, 0, 0, 548),
(277, 2, '0', 0, NULL, 0, 0, 125, NULL, 0, '0', 0, 1, 0, NULL),
(278, 3, '0', 0, NULL, 0, 0, 125, NULL, 0, '0', 0, 0, 0, NULL),
(279, 1, '0', 0, NULL, 0, 0, 126, NULL, 0, '0', 0, 0, 0, 127),
(280, 2, '0', 0, NULL, 0, 0, 126, NULL, 0, '0', 0, 0, 0, NULL),
(281, 3, '0', 0, NULL, 0, 0, 126, NULL, 0, '0', 0, 0, 0, NULL),
(282, 1, '0', 0, NULL, 0, 0, 127, NULL, 0, '0', 0, 0, 0, NULL),
(283, 2, '0', 0, NULL, 0, 0, 127, NULL, 0, '0', 0, 0, 0, NULL),
(284, 3, '0', 0, NULL, 0, 0, 127, NULL, 0, '0', 0, 0, 0, NULL),
(285, 1, '0', 0, NULL, 0, 0, 128, NULL, 0, '0', 0, 0, 0, NULL),
(286, 2, '0', 0, NULL, 0, 0, 128, NULL, 0, '0', 0, 0, 0, NULL),
(287, 3, '0', 0, NULL, 0, 0, 128, NULL, 0, '0', 0, 0, 0, NULL),
(288, 1, '0', 0, NULL, 0, 0, 129, NULL, 0, '0', 0, 0, 0, NULL),
(289, 2, '0', 0, NULL, 0, 0, 129, NULL, 0, '0', 0, 0, 0, NULL),
(290, 3, '0', 0, NULL, 0, 0, 129, NULL, 0, '0', 0, 0, 0, NULL),
(291, 1, '0', 0, NULL, 0, 0, 130, NULL, 0, '0', 0, 0, 0, NULL),
(292, 2, '0', 0, NULL, 0, 0, 130, NULL, 0, '0', 0, 0, 0, NULL),
(293, 3, '0', 0, NULL, 0, 0, 130, NULL, 0, '0', 0, 0, 0, NULL),
(294, 1, '0', 0, NULL, 0, 0, 131, NULL, 0, '0', 0, 0, 0, 127),
(295, 2, '0', 0, NULL, 0, 0, 131, NULL, 0, '0', 0, 0, 0, NULL),
(296, 3, '0', 0, NULL, 0, 0, 131, NULL, 0, '0', 0, 0, 0, NULL),
(297, 1, '0', 0, NULL, 0, 0, 132, NULL, 0, '0', 0, 0, 0, NULL),
(298, 2, '0', 0, NULL, 0, 0, 132, NULL, 0, '0', 0, 0, 0, NULL),
(299, 3, '0', 0, NULL, 0, 0, 132, NULL, 0, '0', 0, 0, 0, NULL),
(300, 1, '0', 0, NULL, 0, 0, 133, NULL, 0, '0', 0, 0, 0, NULL),
(301, 2, '0', 0, NULL, 0, 0, 133, NULL, 0, '0', 0, 0, 0, NULL),
(302, 3, '0', 0, NULL, 0, 0, 133, NULL, 0, '0', 0, 0, 0, NULL),
(303, 1, '0', 0, NULL, 0, 0, 134, NULL, 0, '0', 0, 0, 0, NULL),
(304, 2, '0', 0, NULL, 0, 0, 134, NULL, 0, '0', 0, 0, 0, NULL),
(305, 3, '0', 0, NULL, 0, 0, 134, NULL, 0, '0', 0, 0, 0, NULL),
(306, 1, '0', 0, NULL, 0, 0, 135, NULL, 0, '0', 0, 0, 0, NULL),
(307, 2, '0', 0, NULL, 0, 0, 135, NULL, 0, '0', 0, 0, 0, NULL),
(308, 3, '0', 0, NULL, 0, 0, 135, NULL, 0, '0', 0, 0, 0, NULL),
(309, 1, '0', 0, NULL, 0, 0, 136, NULL, 0, '0', 0, 0, 0, NULL),
(310, 2, '0', 0, NULL, 0, 0, 136, NULL, 0, '0', 0, 0, 0, NULL),
(311, 3, '0', 0, NULL, 0, 0, 136, NULL, 0, '0', 0, 0, 0, NULL),
(312, 1, '0', 0, NULL, 0, 0, 137, NULL, 0, '0', 0, 0, 0, 134),
(313, 2, '0', 0, NULL, 0, 0, 137, NULL, 0, '0', 0, 0, 0, NULL),
(314, 3, '0', 0, NULL, 0, 0, 137, NULL, 0, '0', 0, 0, 0, NULL),
(315, 1, '0', 0, NULL, 0, 0, 138, NULL, 0, '0', 0, 0, 0, NULL),
(316, 2, '0', 0, NULL, 0, 0, 138, NULL, 0, '0', 0, 0, 0, NULL),
(317, 3, '0', 0, NULL, 0, 0, 138, NULL, 0, '0', 0, 0, 0, NULL),
(318, 1, '0', 0, NULL, 0, 0, 139, NULL, 0, '0', 0, 0, 0, 137),
(319, 2, '0', 0, NULL, 0, 0, 139, NULL, 0, '0', 0, 0, 0, NULL),
(320, 3, '0', 0, NULL, 0, 0, 139, NULL, 0, '0', 0, 0, 0, NULL),
(321, 1, '0', 0, NULL, 0, 0, 140, NULL, 0, '0', 0, 0, 0, NULL),
(322, 2, '0', 0, NULL, 0, 0, 140, NULL, 0, '0', 0, 0, 0, NULL),
(323, 3, '0', 0, NULL, 0, 0, 140, NULL, 0, '0', 0, 0, 0, NULL),
(324, 1, '0', 0, NULL, 0, 0, 141, NULL, 0, '0', 0, 0, 0, NULL),
(325, 2, '0', 0, NULL, 0, 0, 141, NULL, 0, '0', 0, 0, 0, NULL),
(326, 3, '0', 0, NULL, 0, 0, 141, NULL, 0, '0', 0, 0, 0, NULL),
(327, 1, '0', 0, NULL, 0, 0, 142, NULL, 0, '0', 0, 0, 0, NULL),
(328, 2, '0', 0, NULL, 0, 0, 142, NULL, 0, '0', 0, 0, 0, NULL),
(329, 3, '0', 0, NULL, 0, 0, 142, NULL, 0, '0', 0, 0, 0, NULL),
(330, 1, '0', 0, NULL, 0, 0, 143, NULL, 0, '0', 0, 0, 0, NULL),
(331, 2, '0', 0, NULL, 0, 0, 143, NULL, 0, '0', 0, 0, 0, NULL),
(332, 3, '0', 0, NULL, 0, 0, 143, NULL, 0, '0', 0, 0, 0, NULL),
(333, 1, '0', 0, NULL, 0, 0, 144, NULL, 0, '0', 0, 0, 0, NULL),
(334, 2, '0', 0, NULL, 0, 0, 144, NULL, 0, '0', 0, 0, 0, NULL),
(335, 3, '0', 0, NULL, 0, 0, 144, NULL, 0, '0', 0, 0, 0, NULL),
(336, 1, '0', 0, NULL, 0, 0, 145, NULL, 0, '0', 0, 0, 0, NULL),
(337, 2, '0', 0, NULL, 0, 0, 145, NULL, 0, '0', 0, 0, 0, NULL),
(338, 3, '0', 0, NULL, 0, 0, 145, NULL, 0, '0', 0, 0, 0, NULL),
(339, 1, '0', 0, NULL, 0, 0, 146, NULL, 0, '0', 0, 0, 0, NULL),
(340, 2, '0', 0, NULL, 0, 0, 146, NULL, 0, '0', 0, 0, 0, NULL),
(341, 3, '0', 0, NULL, 0, 0, 146, NULL, 0, '0', 0, 0, 0, NULL),
(342, 1, '0', 0, NULL, 0, 0, 147, NULL, 0, '0', 0, 0, 0, 131),
(343, 2, '0', 0, NULL, 0, 0, 147, NULL, 0, '0', 0, 0, 0, NULL),
(344, 3, '0', 0, NULL, 0, 0, 147, NULL, 0, '0', 0, 0, 0, NULL),
(345, 1, '0', 0, NULL, 0, 0, 148, NULL, 0, '0', 0, 0, 0, NULL),
(346, 2, '0', 0, NULL, 0, 0, 148, NULL, 0, '0', 0, 0, 0, NULL),
(347, 3, '0', 0, NULL, 0, 0, 148, NULL, 0, '0', 0, 0, 0, NULL),
(348, 1, '0', 0, NULL, 0, 0, 149, NULL, 0, '0', 0, 0, 0, NULL),
(349, 2, '0', 0, NULL, 0, 0, 149, NULL, 0, '0', 0, 0, 0, NULL),
(350, 3, '0', 0, NULL, 0, 0, 149, NULL, 0, '0', 0, 0, 0, NULL),
(351, 1, '0', 0, NULL, 0, 0, 150, NULL, 0, '0', 0, 0, 0, 128),
(352, 2, '0', 0, NULL, 0, 0, 150, NULL, 0, '0', 0, 0, 0, NULL),
(353, 3, '0', 0, NULL, 0, 0, 150, NULL, 0, '0', 0, 0, 0, NULL),
(354, 1, '0', 0, NULL, 0, 0, 151, NULL, 0, '0', 0, 0, 0, NULL),
(355, 2, '0', 0, NULL, 0, 0, 151, NULL, 0, '0', 0, 0, 0, NULL),
(356, 3, '0', 0, NULL, 0, 0, 151, NULL, 0, '0', 0, 0, 0, NULL),
(357, 1, '0', 0, NULL, 0, 0, 152, NULL, 0, '0', 0, 0, 0, NULL),
(358, 2, '0', 0, NULL, 0, 0, 152, NULL, 0, '0', 0, 0, 0, NULL),
(359, 3, '0', 0, NULL, 0, 0, 152, NULL, 0, '0', 0, 0, 0, NULL),
(360, 1, '0', 0, NULL, 0, 0, 153, NULL, 0, '0', 0, 0, 0, 125),
(361, 2, '0', 0, NULL, 0, 0, 153, NULL, 0, '0', 0, 0, 0, NULL),
(362, 3, '0', 0, NULL, 0, 0, 153, NULL, 0, '0', 0, 0, 0, NULL),
(363, 1, '0', 0, NULL, 0, 0, 154, NULL, 0, '0', 0, 0, 0, NULL),
(364, 2, '0', 0, NULL, 0, 0, 154, NULL, 0, '0', 0, 0, 0, NULL),
(365, 3, '0', 0, NULL, 0, 0, 154, NULL, 0, '0', 0, 0, 0, NULL),
(366, 1, '0', 0, NULL, 0, 0, 155, NULL, 0, '0', 0, 0, 0, NULL),
(367, 2, '0', 0, NULL, 0, 0, 155, NULL, 0, '0', 0, 0, 0, NULL),
(368, 3, '0', 0, NULL, 0, 0, 155, NULL, 0, '0', 0, 0, 0, NULL),
(369, 1, '0', 0, NULL, 0, 0, 156, NULL, 0, '0', 0, 0, 0, NULL),
(370, 2, '0', 0, NULL, 0, 0, 156, NULL, 0, '0', 0, 0, 0, NULL),
(371, 3, '0', 0, NULL, 0, 0, 156, NULL, 0, '0', 0, 0, 0, NULL),
(372, 1, '0', 0, NULL, 0, 0, 157, NULL, 0, '0', 0, 0, 0, NULL),
(373, 2, '0', 0, NULL, 0, 0, 157, NULL, 0, '0', 0, 0, 0, NULL),
(374, 3, '0', 0, NULL, 0, 0, 157, NULL, 0, '0', 0, 0, 0, NULL),
(375, 1, '0', 0, NULL, 0, 0, 158, NULL, 0, '0', 0, 0, 0, NULL),
(376, 2, '0', 0, NULL, 0, 0, 158, NULL, 0, '0', 0, 0, 0, NULL),
(377, 3, '0', 0, NULL, 0, 0, 158, NULL, 0, '0', 0, 0, 0, NULL),
(378, 1, '0', 0, NULL, 0, 0, 159, NULL, 0, '0', 0, 0, 0, 493),
(379, 2, '0', 0, NULL, 0, 0, 159, NULL, 0, '0', 0, 0, 0, 493),
(380, 3, '0', 0, NULL, 0, 0, 159, NULL, 0, '0', 0, 0, 0, NULL),
(381, 1, '0', 0, NULL, 0, 0, 160, NULL, 0, '0', 0, 0, 0, 302),
(382, 2, '0', 0, NULL, 0, 0, 160, NULL, 0, '0', 0, 0, 0, 493),
(383, 3, '0', 0, NULL, 0, 0, 160, NULL, 0, '0', 0, 0, 0, NULL),
(384, 1, '0', 0, NULL, 0, 0, 161, NULL, 0, '0', 0, 0, 0, 493),
(385, 2, '0', 0, NULL, 0, 0, 161, NULL, 0, '0', 0, 0, 0, NULL),
(386, 3, '0', 0, NULL, 0, 0, 161, NULL, 0, '0', 0, 0, 0, NULL),
(387, 1, '1256', 200, NULL, 10, 10, 162, NULL, 180, '0', 2, 0, 0, 298),
(388, 2, '0', 0, NULL, 0, 0, 162, NULL, 0, '0', 0, 0, 0, 306),
(389, 3, '0', 0, NULL, 0, 0, 162, NULL, 0, '0', 0, 0, 0, NULL),
(390, 1, '0', 0, NULL, 0, 0, 163, NULL, 0, '0', 0, 0, 0, NULL),
(391, 2, '0', 0, NULL, 0, 0, 163, NULL, 0, '0', 0, 0, 0, NULL),
(392, 3, '0', 0, NULL, 0, 0, 163, NULL, 0, '0', 0, 0, 0, NULL),
(393, 1, '0', 0, NULL, 0, 0, 164, NULL, 0, '0', 0, 0, 0, NULL),
(394, 2, '0', 0, NULL, 0, 0, 164, NULL, 0, '0', 0, 0, 0, NULL),
(395, 3, '0', 0, NULL, 0, 0, 164, NULL, 0, '0', 0, 0, 0, NULL),
(396, 1, '0', 0, NULL, 0, 0, 165, NULL, 0, '0', 0, 0, 0, 304),
(397, 2, '0', 0, NULL, 0, 0, 165, NULL, 0, '0', 0, 0, 0, 304),
(398, 3, '0', 0, NULL, 0, 0, 165, NULL, 0, '0', 0, 0, 0, NULL),
(399, 1, '0', 0, NULL, 0, 0, 166, NULL, 0, '0', 0, 0, 0, NULL),
(400, 2, '0', 0, NULL, 0, 0, 166, NULL, 0, '0', 0, 0, 0, NULL),
(401, 3, '0', 0, NULL, 0, 0, 166, NULL, 0, '0', 0, 0, 0, NULL),
(402, 1, '0', 0, NULL, 0, 0, 167, NULL, 0, '0', 0, 0, 0, NULL),
(403, 2, '0', 0, NULL, 0, 0, 167, NULL, 0, '0', 0, 0, 0, NULL),
(404, 3, '0', 0, NULL, 0, 0, 167, NULL, 0, '0', 0, 0, 0, NULL),
(405, 1, '0', 0, NULL, 0, 0, 168, NULL, 0, '0', 0, 0, 0, NULL),
(406, 2, '0', 0, NULL, 0, 0, 168, NULL, 0, '0', 0, 0, 0, NULL),
(407, 3, '0', 0, NULL, 0, 0, 168, NULL, 0, '0', 0, 0, 0, NULL),
(408, 1, '0', 0, NULL, 0, 0, 169, NULL, 0, '0', 0, 0, 0, NULL),
(409, 2, '0', 0, NULL, 0, 0, 169, NULL, 0, '0', 0, 0, 0, NULL),
(410, 3, '0', 0, NULL, 0, 0, 169, NULL, 0, '0', 0, 0, 0, NULL),
(411, 1, '0', 0, NULL, 0, 0, 170, NULL, 0, '0', 0, 0, 0, NULL),
(412, 2, '0', 0, NULL, 0, 0, 170, NULL, 0, '0', 0, 0, 0, NULL),
(413, 3, '0', 0, NULL, 0, 0, 170, NULL, 0, '0', 0, 0, 0, NULL),
(414, 1, '0', 0, NULL, 0, 0, 171, NULL, 0, '0', 0, 0, 0, NULL),
(415, 2, '0', 0, NULL, 0, 0, 171, NULL, 0, '0', 0, 0, 0, NULL),
(416, 3, '0', 0, NULL, 0, 0, 171, NULL, 0, '0', 0, 0, 0, NULL),
(417, 1, '0', 0, NULL, 0, 0, 172, NULL, 0, '0', 0, 0, 0, 341),
(418, 2, '0', 0, NULL, 0, 0, 172, NULL, 0, '0', 0, 0, 0, NULL),
(419, 3, '0', 0, NULL, 0, 0, 172, NULL, 0, '0', 0, 0, 0, NULL),
(420, 1, '0', 0, NULL, 0, 0, 173, NULL, 0, '0', 0, 0, 0, NULL),
(421, 2, '0', 0, NULL, 0, 0, 173, NULL, 0, '0', 0, 0, 0, NULL),
(422, 3, '0', 0, NULL, 0, 0, 173, NULL, 0, '0', 0, 0, 0, NULL),
(423, 1, '0', 0, NULL, 0, 0, 174, NULL, 0, '0', 0, 0, 0, NULL),
(424, 2, '0', 0, NULL, 0, 0, 174, NULL, 0, '0', 0, 0, 0, NULL),
(425, 3, '0', 0, NULL, 0, 0, 174, NULL, 0, '0', 0, 0, 0, NULL),
(426, 1, '0', 0, NULL, 0, 0, 175, NULL, 0, '0', 0, 0, 0, NULL),
(427, 2, '0', 0, NULL, 0, 0, 175, NULL, 0, '0', 0, 0, 0, NULL),
(428, 3, '0', 0, NULL, 0, 0, 175, NULL, 0, '0', 0, 0, 0, NULL),
(429, 1, '0', 0, NULL, 0, 0, 176, NULL, 0, '0', 0, 0, 0, NULL),
(430, 2, '0', 0, NULL, 0, 0, 176, NULL, 0, '0', 0, 0, 0, NULL),
(431, 3, '0', 0, NULL, 0, 0, 176, NULL, 0, '0', 0, 0, 0, NULL),
(432, 1, '0', 0, NULL, 0, 0, 177, NULL, 0, '0', 0, 0, 0, NULL),
(433, 2, '0', 0, NULL, 0, 0, 177, NULL, 0, '0', 0, 0, 0, NULL),
(434, 3, '0', 0, NULL, 0, 0, 177, NULL, 0, '0', 0, 0, 0, NULL),
(435, 1, '0', 0, NULL, 0, 0, 178, NULL, 0, '0', 0, 1, 0, NULL),
(436, 2, '0', 0, NULL, 0, 0, 178, NULL, 0, '0', 0, 0, 0, NULL),
(437, 3, '0', 0, NULL, 0, 0, 178, NULL, 0, '0', 0, 0, 0, NULL),
(438, 1, '0', 0, NULL, 0, 0, 179, NULL, 0, '0', 0, 0, 0, NULL),
(439, 2, '0', 0, NULL, 0, 0, 179, NULL, 0, '0', 0, 0, 0, NULL),
(440, 3, '0', 0, NULL, 0, 0, 179, NULL, 0, '0', 0, 0, 0, NULL),
(441, 1, '0', 0, NULL, 0, 0, 180, NULL, 0, '0', 0, 0, 0, NULL),
(442, 2, '0', 0, NULL, 0, 0, 180, NULL, 0, '0', 0, 0, 0, NULL),
(443, 3, '0', 0, NULL, 0, 0, 180, NULL, 0, '0', 0, 0, 0, NULL),
(444, 1, '0', 0, NULL, 0, 0, 181, NULL, 0, '0', 0, 0, 0, NULL),
(445, 2, '0', 0, NULL, 0, 0, 181, NULL, 0, '0', 0, 0, 0, NULL),
(446, 3, '0', 0, NULL, 0, 0, 181, NULL, 0, '0', 0, 0, 0, NULL),
(447, 1, '0', 0, NULL, 0, 0, 182, NULL, 0, '0', 0, 0, 0, NULL),
(448, 2, '0', 0, NULL, 0, 0, 182, NULL, 0, '0', 0, 0, 0, NULL),
(449, 3, '0', 0, NULL, 0, 0, 182, NULL, 0, '0', 0, 0, 0, NULL),
(450, 1, '0', 0, NULL, 0, 0, 183, NULL, 0, '0', 0, 0, 0, NULL),
(451, 2, '0', 0, NULL, 0, 0, 183, NULL, 0, '0', 0, 0, 0, NULL),
(452, 3, '0', 0, NULL, 0, 0, 183, NULL, 0, '0', 0, 0, 0, NULL),
(453, 1, '0', 0, NULL, 0, 0, 184, NULL, 0, '0', 0, 0, 0, NULL),
(454, 2, '0', 0, NULL, 0, 0, 184, NULL, 0, '0', 0, 0, 0, NULL),
(455, 3, '0', 0, NULL, 0, 0, 184, NULL, 0, '0', 0, 0, 0, NULL),
(456, 1, '0', 0, NULL, 0, 0, 185, NULL, 0, '0', 0, 0, 0, NULL),
(457, 2, '0', 0, NULL, 0, 0, 185, NULL, 0, '0', 0, 0, 0, NULL),
(458, 3, '0', 0, NULL, 0, 0, 185, NULL, 0, '0', 0, 0, 0, NULL),
(459, 1, '0', 0, NULL, 0, 0, 186, NULL, 0, '0', 0, 0, 0, NULL),
(460, 2, '0', 0, NULL, 0, 0, 186, NULL, 0, '0', 0, 0, 0, NULL),
(461, 3, '0', 0, NULL, 0, 0, 186, NULL, 0, '0', 0, 0, 0, NULL),
(462, 1, '0', 0, NULL, 0, 0, 187, NULL, 0, '0', 0, 0, 0, NULL),
(463, 2, '0', 0, NULL, 0, 0, 187, NULL, 0, '0', 0, 0, 0, NULL),
(464, 3, '0', 0, NULL, 0, 0, 187, NULL, 0, '0', 0, 0, 0, NULL),
(465, 1, '0', 0, NULL, 0, 0, 188, NULL, 0, '0', 0, 0, 0, NULL),
(466, 2, '0', 0, NULL, 0, 0, 188, NULL, 0, '0', 0, 0, 0, NULL),
(467, 3, '0', 0, NULL, 0, 0, 188, NULL, 0, '0', 0, 0, 0, NULL),
(468, 1, '0', 0, NULL, 0, 0, 189, NULL, 0, '0', 0, 0, 0, NULL),
(469, 2, '0', 0, NULL, 0, 0, 189, NULL, 0, '0', 0, 0, 0, NULL),
(470, 3, '0', 0, NULL, 0, 0, 189, NULL, 0, '0', 0, 0, 0, NULL),
(471, 1, '0', 0, NULL, 0, 0, 190, NULL, 0, '0', 0, 0, 0, 352),
(472, 2, '0', 0, NULL, 0, 0, 190, NULL, 0, '0', 0, 0, 0, NULL),
(473, 3, '0', 0, NULL, 0, 0, 190, NULL, 0, '0', 0, 0, 0, NULL),
(474, 1, '0', 0, NULL, 0, 0, 191, NULL, 0, '0', 0, 0, 0, NULL),
(475, 2, '0', 0, NULL, 0, 0, 191, NULL, 0, '0', 0, 0, 0, NULL),
(476, 3, '0', 0, NULL, 0, 0, 191, NULL, 0, '0', 0, 0, 0, NULL),
(477, 1, '0', 0, NULL, 0, 0, 192, NULL, 0, '0', 0, 0, 0, NULL),
(478, 2, '0', 0, NULL, 0, 0, 192, NULL, 0, '0', 0, 0, 0, NULL),
(479, 3, '0', 0, NULL, 0, 0, 192, NULL, 0, '0', 0, 0, 0, NULL),
(480, 1, '0', 0, NULL, 0, 0, 193, NULL, 0, '0', 0, 0, 0, NULL),
(481, 2, '0', 0, NULL, 0, 0, 193, NULL, 0, '0', 0, 0, 0, NULL),
(482, 3, '0', 0, NULL, 0, 0, 193, NULL, 0, '0', 0, 0, 0, NULL),
(483, 1, '0', 0, NULL, 0, 0, 194, NULL, 0, '0', 0, 0, 0, 220),
(484, 2, '0', 0, NULL, 0, 0, 194, NULL, 0, '0', 0, 0, 0, NULL),
(485, 3, '0', 0, NULL, 0, 0, 194, NULL, 0, '0', 0, 0, 0, NULL),
(486, 1, '0', 0, NULL, 0, 0, 195, NULL, 0, '0', 0, 0, 0, 222),
(487, 2, '0', 0, NULL, 0, 0, 195, NULL, 0, '0', 0, 0, 0, NULL),
(488, 3, '0', 0, NULL, 0, 0, 195, NULL, 0, '0', 0, 0, 0, NULL),
(489, 1, '0', 0, NULL, 0, 0, 196, NULL, 0, '0', 0, 0, 0, 225),
(490, 2, '0', 0, NULL, 0, 0, 196, NULL, 0, '0', 0, 1, 0, 225),
(491, 3, '0', 0, NULL, 0, 0, 196, NULL, 0, '0', 0, 0, 0, NULL),
(492, 1, '0', 0, NULL, 0, 0, 197, NULL, 0, '0', 0, 0, 0, 227),
(493, 2, '0', 0, NULL, 0, 0, 197, NULL, 0, '0', 0, 0, 0, NULL),
(494, 3, '0', 0, NULL, 0, 0, 197, NULL, 0, '0', 0, 0, 0, NULL),
(495, 1, '0', 0, NULL, 0, 0, 198, NULL, 0, '0', 0, 0, 0, 229),
(496, 2, '0', 0, NULL, 0, 0, 198, NULL, 0, '0', 0, 0, 0, 229),
(497, 3, '0', 0, NULL, 0, 0, 198, NULL, 0, '0', 0, 0, 0, NULL),
(498, 1, '0', 0, NULL, 0, 0, 199, NULL, 0, '0', 0, 0, 0, NULL),
(499, 2, '0', 0, NULL, 0, 0, 199, NULL, 0, '0', 0, 0, 0, NULL),
(500, 3, '0', 0, NULL, 0, 0, 199, NULL, 0, '0', 0, 0, 0, NULL),
(501, 1, '0', 0, NULL, 0, 0, 200, NULL, 0, '0', 0, 0, 0, NULL),
(502, 2, '0', 0, NULL, 0, 0, 200, NULL, 0, '0', 0, 0, 0, NULL),
(503, 3, '0', 0, NULL, 0, 0, 200, NULL, 0, '0', 0, 0, 0, NULL),
(504, 1, '0', 0, NULL, 0, 0, 201, NULL, 0, '0', 0, 0, 0, NULL),
(505, 2, '0', 0, NULL, 0, 0, 201, NULL, 0, '0', 0, 0, 0, NULL),
(506, 3, '0', 0, NULL, 0, 0, 201, NULL, 0, '0', 0, 0, 0, NULL),
(507, 1, '0', 0, NULL, 0, 0, 202, NULL, 0, '0', 0, 0, 0, NULL),
(508, 2, '0', 0, NULL, 0, 0, 202, NULL, 0, '0', 0, 0, 0, NULL),
(509, 3, '0', 0, NULL, 0, 0, 202, NULL, 0, '0', 0, 0, 0, NULL),
(510, 1, '0', 0, NULL, 0, 0, 203, NULL, 0, '0', 0, 0, 0, NULL),
(511, 2, '0', 0, NULL, 0, 0, 203, NULL, 0, '0', 0, 0, 0, NULL),
(512, 3, '0', 0, NULL, 0, 0, 203, NULL, 0, '0', 0, 0, 0, NULL),
(513, 1, '0', 0, NULL, 0, 0, 204, NULL, 0, '0', 0, 0, 0, NULL),
(514, 2, '0', 0, NULL, 0, 0, 204, NULL, 0, '0', 0, 0, 0, NULL),
(515, 3, '0', 0, NULL, 0, 0, 204, NULL, 0, '0', 0, 0, 0, NULL),
(516, 1, '0', 0, NULL, 0, 0, 205, NULL, 0, '0', 0, 0, 0, 223),
(517, 2, '0', 0, NULL, 0, 0, 205, NULL, 0, '0', 0, 0, 0, 223),
(518, 3, '0', 0, NULL, 0, 0, 205, NULL, 0, '0', 0, 0, 0, 223),
(519, 1, '0', 0, NULL, 0, 0, 206, NULL, 0, '0', 0, 0, 0, NULL),
(520, 2, '0', 0, NULL, 0, 0, 206, NULL, 0, '0', 0, 0, 0, NULL),
(521, 3, '0', 0, NULL, 0, 0, 206, NULL, 0, '0', 0, 0, 0, NULL),
(522, 1, '0', 0, NULL, 0, 0, 207, NULL, 0, '0', 0, 0, 0, 228),
(523, 2, '0', 0, NULL, 0, 0, 207, NULL, 0, '0', 0, 0, 0, 228),
(524, 3, '0', 0, NULL, 0, 0, 207, NULL, 0, '0', 0, 0, 0, NULL),
(525, 1, '0', 0, NULL, 0, 0, 208, NULL, 0, '0', 0, 0, 0, NULL),
(526, 2, '0', 0, NULL, 0, 0, 208, NULL, 0, '0', 0, 0, 0, NULL),
(527, 3, '0', 0, NULL, 0, 0, 208, NULL, 0, '0', 0, 0, 0, NULL),
(528, 1, '0', 0, NULL, 0, 0, 209, NULL, 0, '0', 0, 0, 0, 233),
(529, 2, '0', 0, NULL, 0, 0, 209, NULL, 0, '0', 0, 0, 0, NULL),
(530, 3, '0', 0, NULL, 0, 0, 209, NULL, 0, '0', 0, 0, 0, NULL),
(531, 1, '0', 0, NULL, 0, 0, 210, NULL, 0, '0', 0, 0, 0, NULL),
(532, 2, '0', 0, NULL, 0, 0, 210, NULL, 0, '0', 0, 0, 0, NULL),
(533, 3, '0', 0, NULL, 0, 0, 210, NULL, 0, '0', 0, 0, 0, NULL),
(534, 1, '0', 0, NULL, 0, 0, 211, NULL, 0, '0', 0, 0, 0, 238),
(535, 2, '0', 0, NULL, 0, 0, 211, NULL, 0, '0', 0, 0, 0, NULL),
(536, 3, '0', 0, NULL, 0, 0, 211, NULL, 0, '0', 0, 0, 0, NULL),
(537, 1, '0', 0, NULL, 0, 0, 212, NULL, 0, '0', 0, 0, 0, NULL),
(538, 2, '0', 0, NULL, 0, 0, 212, NULL, 0, '0', 0, 0, 0, NULL),
(539, 3, '0', 0, NULL, 0, 0, 212, NULL, 0, '0', 0, 0, 0, NULL),
(540, 1, '0', 0, NULL, 0, 0, 213, NULL, 0, '0', 0, 0, 0, 243),
(541, 2, '0', 0, NULL, 0, 0, 213, NULL, 0, '0', 0, 0, 0, NULL),
(542, 3, '0', 0, NULL, 0, 0, 213, NULL, 0, '0', 0, 0, 0, NULL),
(543, 1, '0', 0, NULL, 0, 0, 214, NULL, 0, '0', 0, 0, 0, NULL),
(544, 2, '0', 0, NULL, 0, 0, 214, NULL, 0, '0', 0, 0, 0, NULL),
(545, 3, '0', 0, NULL, 0, 0, 214, NULL, 0, '0', 0, 0, 0, NULL),
(546, 1, '0', 0, NULL, 0, 0, 215, NULL, 0, '0', 0, 0, 0, NULL),
(547, 2, '0', 0, NULL, 0, 0, 215, NULL, 0, '0', 0, 0, 0, NULL),
(548, 3, '0', 0, NULL, 0, 0, 215, NULL, 0, '0', 0, 0, 0, NULL),
(549, 1, '0', 0, NULL, 0, 0, 216, NULL, 0, '0', 0, 0, 0, NULL),
(550, 2, '0', 0, NULL, 0, 0, 216, NULL, 0, '0', 0, 1, 0, NULL),
(551, 3, '0', 0, NULL, 0, 0, 216, NULL, 0, '0', 0, 1, 0, NULL),
(552, 1, '0', 0, NULL, 0, 0, 217, NULL, 0, '0', 0, 0, 0, 10),
(553, 2, '0', 0, NULL, 0, 0, 217, NULL, 0, '0', 0, 1, 0, NULL),
(554, 3, '0', 0, NULL, 0, 0, 217, NULL, 0, '0', 0, 1, 0, NULL),
(555, 1, '0', 0, NULL, 0, 0, 218, NULL, 0, '0', 0, 0, 0, 286),
(556, 2, '0', 0, NULL, 0, 0, 218, NULL, 0, '0', 0, 0, 0, 537),
(557, 3, '0', 0, NULL, 0, 0, 218, NULL, 0, '0', 0, 1, 0, NULL),
(558, 1, '0', 0, NULL, 0, 0, 219, NULL, 0, '0', 0, 1, 0, NULL),
(559, 2, '0', 0, NULL, 0, 0, 219, NULL, 0, '0', 0, 1, 0, NULL),
(560, 3, '0', 0, NULL, 0, 0, 219, NULL, 0, '0', 0, 1, 0, NULL),
(561, 1, '0', 0, NULL, 0, 0, 220, NULL, 0, '0', 0, 1, 0, NULL),
(562, 2, '0', 0, NULL, 0, 0, 220, NULL, 0, '0', 0, 1, 0, NULL),
(563, 3, '0', 0, NULL, 0, 0, 220, NULL, 0, '0', 0, 1, 0, NULL),
(564, 1, '0', 0, NULL, 0, 0, 221, NULL, 0, '0', 0, 1, 0, NULL),
(565, 2, '0', 0, NULL, 0, 0, 221, NULL, 0, '0', 0, 1, 0, NULL),
(566, 3, '0', 0, NULL, 0, 0, 221, NULL, 0, '0', 0, 1, 0, NULL),
(567, 1, '0', 0, NULL, 0, 0, 222, NULL, 0, '0', 0, 1, 0, NULL),
(568, 2, '0', 0, NULL, 0, 0, 222, NULL, 0, '0', 0, 1, 0, NULL),
(569, 3, '0', 0, NULL, 0, 0, 222, NULL, 0, '0', 0, 1, 0, NULL),
(570, 1, '0', 0, NULL, 0, 0, 223, NULL, 0, '0', 0, 1, 0, NULL),
(571, 2, '0', 0, NULL, 0, 0, 223, NULL, 0, '0', 0, 1, 0, NULL),
(572, 3, '0', 0, NULL, 0, 0, 223, NULL, 0, '0', 0, 1, 0, NULL),
(573, 1, '0', 0, NULL, 0, 0, 224, NULL, 0, '0', 0, 1, 0, NULL),
(574, 2, '0', 0, NULL, 0, 0, 224, NULL, 0, '0', 0, 1, 0, NULL),
(575, 3, '0', 0, NULL, 0, 0, 224, NULL, 0, '0', 0, 1, 0, NULL),
(576, 1, '0', 0, NULL, 0, 0, 225, NULL, 0, '0', 0, 1, 0, NULL),
(577, 2, '0', 0, NULL, 0, 0, 225, NULL, 0, '0', 0, 1, 0, NULL),
(578, 3, '0', 0, NULL, 0, 0, 225, NULL, 0, '0', 0, 1, 0, NULL),
(579, 1, '0', 0, NULL, 0, 0, 226, NULL, 0, '0', 0, 1, 0, NULL),
(580, 2, '0', 0, NULL, 0, 0, 226, NULL, 0, '0', 0, 1, 0, NULL),
(581, 3, '0', 0, NULL, 0, 0, 226, NULL, 0, '0', 0, 1, 0, NULL),
(582, 1, '0', 0, NULL, 0, 0, 227, NULL, 0, '0', 0, 1, 0, NULL),
(583, 2, '0', 0, NULL, 0, 0, 227, NULL, 0, '0', 0, 1, 0, NULL),
(584, 3, '0', 0, NULL, 0, 0, 227, NULL, 0, '0', 0, 1, 0, NULL),
(585, 1, '0', 0, NULL, 0, 0, 228, NULL, 0, '0', 0, 0, 0, 539),
(586, 2, '0', 0, NULL, 0, 0, 228, NULL, 0, '0', 0, 1, 0, NULL),
(587, 3, '0', 0, NULL, 0, 0, 228, NULL, 0, '0', 0, 1, 0, NULL),
(588, 1, '0', 0, NULL, 0, 0, 229, NULL, 0, '0', 0, 1, 0, NULL),
(589, 2, '0', 0, NULL, 0, 0, 229, NULL, 0, '0', 0, 1, 0, NULL),
(590, 3, '0', 0, NULL, 0, 0, 229, NULL, 0, '0', 0, 1, 0, NULL),
(591, 1, '0', 0, NULL, 0, 0, 230, NULL, 0, '0', 0, 1, 0, NULL),
(592, 2, '0', 0, NULL, 0, 0, 230, NULL, 0, '0', 0, 1, 0, NULL),
(593, 3, '0', 0, NULL, 0, 0, 230, NULL, 0, '0', 0, 1, 0, NULL),
(594, 1, '0', 0, NULL, 0, 0, 231, NULL, 0, '0', 0, 1, 0, NULL),
(595, 2, '0', 0, NULL, 0, 0, 231, NULL, 0, '0', 0, 1, 0, NULL),
(596, 3, '0', 0, NULL, 0, 0, 231, NULL, 0, '0', 0, 1, 0, NULL),
(597, 1, '0', 0, NULL, 0, 0, 232, NULL, 0, '0', 0, 1, 0, NULL),
(598, 2, '0', 0, NULL, 0, 0, 232, NULL, 0, '0', 0, 1, 0, NULL),
(599, 3, '0', 0, NULL, 0, 0, 232, NULL, 0, '0', 0, 1, 0, NULL),
(600, 1, '0', 0, NULL, 0, 0, 233, NULL, 0, '0', 0, 1, 0, NULL),
(601, 2, '0', 0, NULL, 0, 0, 233, NULL, 0, '0', 0, 1, 0, NULL),
(602, 3, '0', 0, NULL, 0, 0, 233, NULL, 0, '0', 0, 1, 0, NULL),
(603, 1, '0', 0, NULL, 0, 0, 234, NULL, 0, '0', 0, 0, 0, 261),
(604, 2, '0', 0, NULL, 0, 0, 234, NULL, 0, '0', 0, 0, 0, 260),
(605, 3, '0', 0, NULL, 0, 0, 234, NULL, 0, '0', 0, 0, 0, NULL),
(606, 1, '0', 0, NULL, 0, 0, 235, NULL, 0, '0', 0, 0, 0, NULL),
(607, 2, '0', 0, NULL, 0, 0, 235, NULL, 0, '0', 0, 0, 0, NULL),
(608, 3, '0', 0, NULL, 0, 0, 235, NULL, 0, '0', 0, 0, 0, NULL),
(609, 1, '0', 0, NULL, 0, 0, 236, NULL, 0, '0', 0, 0, 0, NULL),
(610, 2, '0', 0, NULL, 0, 0, 236, NULL, 0, '0', 0, 0, 0, NULL),
(611, 3, '0', 0, NULL, 0, 0, 236, NULL, 0, '0', 0, 0, 0, NULL),
(612, 1, '0', 0, NULL, 0, 0, 237, NULL, 0, '0', 0, 0, 0, NULL),
(613, 2, '0', 0, NULL, 0, 0, 237, NULL, 0, '0', 0, 0, 0, NULL),
(614, 3, '0', 0, NULL, 0, 0, 237, NULL, 0, '0', 0, 0, 0, NULL),
(615, 1, '0', 0, NULL, 0, 0, 238, NULL, 0, '0', 0, 1, 0, NULL),
(616, 2, '0', 0, NULL, 0, 0, 238, NULL, 0, '0', 0, 0, 0, NULL),
(617, 3, '0', 0, NULL, 0, 0, 238, NULL, 0, '0', 0, 0, 0, NULL),
(618, 1, '0', 0, NULL, 0, 0, 239, NULL, 0, '0', 0, 0, 0, NULL),
(619, 2, '0', 0, NULL, 0, 0, 239, NULL, 0, '0', 0, 0, 0, NULL),
(620, 3, '0', 0, NULL, 0, 0, 239, NULL, 0, '0', 0, 0, 0, NULL),
(621, 1, '0', 0, NULL, 0, 0, 240, NULL, 0, '0', 0, 0, 0, NULL),
(622, 2, '0', 0, NULL, 0, 0, 240, NULL, 0, '0', 0, 0, 0, NULL),
(623, 3, '0', 0, NULL, 0, 0, 240, NULL, 0, '0', 0, 0, 0, NULL),
(624, 1, '0', 0, NULL, 0, 0, 241, NULL, 0, '0', 0, 0, 0, NULL),
(625, 2, '0', 0, NULL, 0, 0, 241, NULL, 0, '0', 0, 0, 0, NULL),
(626, 3, '0', 0, NULL, 0, 0, 241, NULL, 0, '0', 0, 0, 0, NULL),
(627, 1, '0', 0, NULL, 0, 0, 242, NULL, 0, '0', 0, 0, 0, NULL),
(628, 2, '0', 0, NULL, 0, 0, 242, NULL, 0, '0', 0, 0, 0, NULL),
(629, 3, '0', 0, NULL, 0, 0, 242, NULL, 0, '0', 0, 0, 0, NULL),
(630, 1, '0', 0, NULL, 0, 0, 243, NULL, 0, '0', 0, 0, 0, NULL),
(631, 2, '0', 0, NULL, 0, 0, 243, NULL, 0, '0', 0, 0, 0, NULL),
(632, 3, '0', 0, NULL, 0, 0, 243, NULL, 0, '0', 0, 0, 0, NULL),
(633, 1, '0', 0, NULL, 0, 0, 244, NULL, 0, '0', 0, 0, 0, NULL),
(634, 2, '0', 0, NULL, 0, 0, 244, NULL, 0, '0', 0, 0, 0, NULL),
(635, 3, '0', 0, NULL, 0, 0, 244, NULL, 0, '0', 0, 0, 0, NULL),
(636, 1, '0', 0, NULL, 0, 0, 245, NULL, 0, '0', 0, 0, 0, NULL),
(637, 2, '0', 0, NULL, 0, 0, 245, NULL, 0, '0', 0, 0, 0, NULL),
(638, 3, '0', 0, NULL, 0, 0, 245, NULL, 0, '0', 0, 0, 0, NULL),
(639, 1, '0', 0, NULL, 0, 0, 246, NULL, 0, '0', 0, 0, 0, NULL),
(640, 2, '0', 0, NULL, 0, 0, 246, NULL, 0, '0', 0, 0, 0, NULL),
(641, 3, '0', 0, NULL, 0, 0, 246, NULL, 0, '0', 0, 0, 0, NULL),
(642, 1, '0', 0, NULL, 0, 0, 247, NULL, 0, '0', 0, 0, 0, NULL),
(643, 2, '0', 0, NULL, 0, 0, 247, NULL, 0, '0', 0, 0, 0, NULL),
(644, 3, '0', 0, NULL, 0, 0, 247, NULL, 0, '0', 0, 0, 0, NULL),
(645, 1, '0', 0, NULL, 0, 0, 248, NULL, 0, '0', 0, 0, 0, NULL),
(646, 2, '0', 0, NULL, 0, 0, 248, NULL, 0, '0', 0, 0, 0, NULL),
(647, 3, '0', 0, NULL, 0, 0, 248, NULL, 0, '0', 0, 0, 0, NULL),
(648, 1, '0', 0, NULL, 0, 0, 249, NULL, 0, '0', 0, 0, 0, NULL),
(649, 2, '0', 0, NULL, 0, 0, 249, NULL, 0, '0', 0, 0, 0, NULL),
(650, 3, '0', 0, NULL, 0, 0, 249, NULL, 0, '0', 0, 0, 0, NULL),
(651, 1, '0', 0, NULL, 0, 0, 250, NULL, 0, '0', 0, 0, 0, NULL),
(652, 2, '0', 0, NULL, 0, 0, 250, NULL, 0, '0', 0, 0, 0, NULL),
(653, 3, '0', 0, NULL, 0, 0, 250, NULL, 0, '0', 0, 0, 0, NULL),
(654, 1, '0', 0, NULL, 0, 0, 251, NULL, 0, '0', 0, 0, 0, NULL),
(655, 2, '0', 0, NULL, 0, 0, 251, NULL, 0, '0', 0, 0, 0, NULL),
(656, 3, '0', 0, NULL, 0, 0, 251, NULL, 0, '0', 0, 0, 0, NULL),
(657, 1, '0', 0, NULL, 0, 0, 252, NULL, 0, '0', 0, 0, 0, NULL),
(658, 2, '0', 0, NULL, 0, 0, 252, NULL, 0, '0', 0, 0, 0, NULL),
(659, 3, '0', 0, NULL, 0, 0, 252, NULL, 0, '0', 0, 0, 0, NULL),
(660, 1, '0', 0, NULL, 0, 0, 253, NULL, 0, '0', 0, 0, 0, NULL),
(661, 2, '0', 0, NULL, 0, 0, 253, NULL, 0, '0', 0, 0, 0, NULL),
(662, 3, '0', 0, NULL, 0, 0, 253, NULL, 0, '0', 0, 0, 0, NULL),
(663, 1, '0', 0, NULL, 0, 0, 254, NULL, 0, '0', 0, 0, 0, NULL),
(664, 2, '0', 0, NULL, 0, 0, 254, NULL, 0, '0', 0, 0, 0, NULL),
(665, 3, '0', 0, NULL, 0, 0, 254, NULL, 0, '0', 0, 0, 0, NULL),
(666, 1, '0', 0, NULL, 0, 0, 255, NULL, 0, '0', 0, 0, 0, NULL),
(667, 2, '0', 0, NULL, 0, 0, 255, NULL, 0, '0', 0, 0, 0, NULL),
(668, 3, '0', 0, NULL, 0, 0, 255, NULL, 0, '0', 0, 0, 0, NULL),
(669, 1, '0', 0, NULL, 0, 0, 256, NULL, 0, '0', 0, 0, 0, NULL),
(670, 2, '0', 0, NULL, 0, 0, 256, NULL, 0, '0', 0, 0, 0, NULL),
(671, 3, '0', 0, NULL, 0, 0, 256, NULL, 0, '0', 0, 0, 0, NULL),
(672, 1, '0', 0, NULL, 0, 0, 257, NULL, 0, '0', 0, 0, 0, NULL),
(673, 2, '0', 0, NULL, 0, 0, 257, NULL, 0, '0', 0, 0, 0, NULL),
(674, 3, '0', 0, NULL, 0, 0, 257, NULL, 0, '0', 0, 0, 0, NULL),
(675, 1, '0', 0, NULL, 0, 0, 258, NULL, 0, '0', 0, 0, 0, NULL),
(676, 2, '0', 0, NULL, 0, 0, 258, NULL, 0, '0', 0, 0, 0, NULL),
(677, 3, '0', 0, NULL, 0, 0, 258, NULL, 0, '0', 0, 0, 0, NULL),
(678, 1, '0', 0, NULL, 0, 0, 259, NULL, 0, '0', 0, 0, 0, NULL),
(679, 2, '0', 0, NULL, 0, 0, 259, NULL, 0, '0', 0, 0, 0, NULL),
(680, 3, '0', 0, NULL, 0, 0, 259, NULL, 0, '0', 0, 0, 0, NULL),
(681, 1, '0', 0, NULL, 0, 0, 260, NULL, 0, '0', 0, 0, 0, 205),
(682, 2, '0', 0, NULL, 0, 0, 260, NULL, 0, '0', 0, 0, 0, NULL),
(683, 3, '0', 0, NULL, 0, 0, 260, NULL, 0, '0', 0, 0, 0, NULL),
(684, 1, '0', 0, NULL, 0, 0, 261, NULL, 0, '0', 0, 0, 0, NULL),
(685, 2, '0', 0, NULL, 0, 0, 261, NULL, 0, '0', 0, 0, 0, NULL),
(686, 3, '0', 0, NULL, 0, 0, 261, NULL, 0, '0', 0, 0, 0, NULL),
(687, 1, '0', 0, NULL, 0, 0, 262, NULL, 0, '0', 0, 0, 0, NULL),
(688, 2, '0', 0, NULL, 0, 0, 262, NULL, 0, '0', 0, 0, 0, NULL),
(689, 3, '0', 0, NULL, 0, 0, 262, NULL, 0, '0', 0, 0, 0, NULL),
(690, 1, '0', 0, NULL, 0, 0, 263, NULL, 0, '0', 0, 0, 0, NULL),
(691, 2, '0', 0, NULL, 0, 0, 263, NULL, 0, '0', 0, 0, 0, NULL),
(692, 3, '0', 0, NULL, 0, 0, 263, NULL, 0, '0', 0, 0, 0, NULL),
(693, 1, '0', 0, NULL, 0, 0, 264, NULL, 0, '0', 0, 0, 0, NULL),
(694, 2, '0', 0, NULL, 0, 0, 264, NULL, 0, '0', 0, 0, 0, NULL),
(695, 3, '0', 0, NULL, 0, 0, 264, NULL, 0, '0', 0, 0, 0, NULL),
(696, 1, '0', 0, NULL, 0, 0, 265, NULL, 0, '0', 0, 0, 0, NULL),
(697, 2, '0', 0, NULL, 0, 0, 265, NULL, 0, '0', 0, 0, 0, NULL),
(698, 3, '0', 0, NULL, 0, 0, 265, NULL, 0, '0', 0, 0, 0, NULL),
(699, 1, '0', 0, NULL, 0, 0, 266, NULL, 0, '0', 0, 0, 0, NULL),
(700, 2, '0', 0, NULL, 0, 0, 266, NULL, 0, '0', 0, 0, 0, NULL),
(701, 3, '0', 0, NULL, 0, 0, 266, NULL, 0, '0', 0, 0, 0, NULL),
(702, 1, '0', 0, NULL, 0, 0, 267, NULL, 0, '0', 0, 0, 0, NULL),
(703, 2, '0', 0, NULL, 0, 0, 267, NULL, 0, '0', 0, 0, 0, NULL),
(704, 3, '0', 0, NULL, 0, 0, 267, NULL, 0, '0', 0, 0, 0, NULL),
(705, 1, '0', 0, NULL, 0, 0, 268, NULL, 0, '0', 0, 0, 0, NULL),
(706, 2, '0', 0, NULL, 0, 0, 268, NULL, 0, '0', 0, 0, 0, NULL),
(707, 3, '0', 0, NULL, 0, 0, 268, NULL, 0, '0', 0, 0, 0, NULL),
(708, 1, '0', 0, NULL, 0, 0, 269, NULL, 0, '0', 0, 0, 0, NULL),
(709, 2, '0', 0, NULL, 0, 0, 269, NULL, 0, '0', 0, 0, 0, NULL),
(710, 3, '0', 0, NULL, 0, 0, 269, NULL, 0, '0', 0, 0, 0, NULL),
(711, 1, '0', 0, NULL, 0, 0, 270, NULL, 0, '0', 0, 0, 0, NULL),
(712, 2, '0', 0, NULL, 0, 0, 270, NULL, 0, '0', 0, 0, 0, NULL),
(713, 3, '0', 0, NULL, 0, 0, 270, NULL, 0, '0', 0, 0, 0, NULL),
(714, 1, '0', 0, NULL, 0, 0, 271, NULL, 0, '0', 0, 0, 0, NULL),
(715, 2, '0', 0, NULL, 0, 0, 271, NULL, 0, '0', 0, 0, 0, NULL),
(716, 3, '0', 0, NULL, 0, 0, 271, NULL, 0, '0', 0, 0, 0, NULL),
(717, 1, '0', 0, NULL, 0, 0, 272, NULL, 0, '0', 0, 0, 0, NULL),
(718, 2, '0', 0, NULL, 0, 0, 272, NULL, 0, '0', 0, 0, 0, NULL),
(719, 3, '0', 0, NULL, 0, 0, 272, NULL, 0, '0', 0, 0, 0, NULL),
(720, 1, '0', 0, NULL, 0, 0, 273, NULL, 0, '0', 0, 0, 0, NULL),
(721, 2, '0', 0, NULL, 0, 0, 273, NULL, 0, '0', 0, 0, 0, NULL),
(722, 3, '0', 0, NULL, 0, 0, 273, NULL, 0, '0', 0, 0, 0, NULL),
(723, 1, '0', 0, NULL, 0, 0, 274, NULL, 0, '0', 0, 0, 0, NULL),
(724, 2, '0', 0, NULL, 0, 0, 274, NULL, 0, '0', 0, 0, 0, NULL),
(725, 3, '0', 0, NULL, 0, 0, 274, NULL, 0, '0', 0, 0, 0, NULL),
(726, 1, '0', 0, NULL, 0, 0, 275, NULL, 0, '0', 0, 0, 0, NULL),
(727, 2, '0', 0, NULL, 0, 0, 275, NULL, 0, '0', 0, 0, 0, NULL),
(728, 3, '0', 0, NULL, 0, 0, 275, NULL, 0, '0', 0, 0, 0, NULL),
(729, 1, '0', 0, NULL, 0, 0, 276, NULL, 0, '0', 0, 0, 0, NULL),
(730, 2, '0', 0, NULL, 0, 0, 276, NULL, 0, '0', 0, 0, 0, NULL),
(731, 3, '0', 0, NULL, 0, 0, 276, NULL, 0, '0', 0, 0, 0, NULL),
(732, 1, '0', 0, NULL, 0, 0, 277, NULL, 0, '0', 0, 0, 0, NULL),
(733, 2, '0', 0, NULL, 0, 0, 277, NULL, 0, '0', 0, 0, 0, NULL),
(734, 3, '0', 0, NULL, 0, 0, 277, NULL, 0, '0', 0, 0, 0, NULL),
(735, 1, '0', 0, NULL, 0, 0, 278, NULL, 0, '0', 0, 0, 0, NULL),
(736, 2, '0', 0, NULL, 0, 0, 278, NULL, 0, '0', 0, 0, 0, NULL),
(737, 3, '0', 0, NULL, 0, 0, 278, NULL, 0, '0', 0, 0, 0, NULL),
(738, 1, '0', 0, NULL, 0, 0, 279, NULL, 0, '0', 0, 0, 0, NULL),
(739, 2, '0', 0, NULL, 0, 0, 279, NULL, 0, '0', 0, 0, 0, NULL),
(740, 3, '0', 0, NULL, 0, 0, 279, NULL, 0, '0', 0, 0, 0, NULL),
(741, 1, '0', 0, NULL, 0, 0, 280, NULL, 0, '0', 0, 0, 0, NULL),
(742, 2, '0', 0, NULL, 0, 0, 280, NULL, 0, '0', 0, 0, 0, NULL),
(743, 3, '0', 0, NULL, 0, 0, 280, NULL, 0, '0', 0, 0, 0, NULL),
(744, 1, '0', 0, NULL, 0, 0, 281, NULL, 0, '0', 0, 0, 0, 496),
(745, 2, '0', 0, NULL, 0, 0, 281, NULL, 0, '0', 0, 0, 0, 502),
(746, 4, '0', 0, NULL, 0, 0, 281, NULL, 0, '0', 0, 0, 0, NULL),
(747, 5, '0', 0, NULL, 0, 0, 281, NULL, 0, '0', 0, 0, 0, NULL),
(748, 1, '0', 0, NULL, 0, 0, 282, NULL, 0, '0', 0, 0, 0, 503),
(749, 2, '0', 0, NULL, 0, 0, 282, NULL, 0, '0', 0, 0, 0, 503),
(750, 4, '0', 0, NULL, 0, 0, 282, NULL, 0, '0', 0, 0, 0, NULL),
(751, 5, '0', 0, NULL, 0, 0, 282, NULL, 0, '0', 0, 0, 0, NULL),
(752, 1, '0', 0, NULL, 0, 0, 283, NULL, 0, '0', 0, 0, 0, 504),
(753, 2, '0', 0, NULL, 0, 0, 283, NULL, 0, '0', 0, 0, 0, 496),
(754, 4, '0', 0, NULL, 0, 0, 283, NULL, 0, '0', 0, 0, 0, NULL),
(755, 5, '0', 0, NULL, 0, 0, 283, NULL, 0, '0', 0, 0, 0, NULL),
(756, 1, '0', 0, NULL, 0, 0, 284, NULL, 0, '0', 0, 0, 0, NULL),
(757, 2, '0', 0, NULL, 0, 0, 284, NULL, 0, '0', 0, 0, 0, NULL),
(758, 4, '0', 0, NULL, 0, 0, 284, NULL, 0, '0', 0, 0, 0, NULL),
(759, 5, '0', 0, NULL, 0, 0, 284, NULL, 0, '0', 0, 0, 0, NULL),
(760, 1, '0', 0, NULL, 0, 0, 285, NULL, 0, '0', 0, 0, 0, 506),
(761, 2, '0', 0, NULL, 0, 0, 285, NULL, 0, '0', 0, 0, 0, 506),
(762, 4, '0', 0, NULL, 0, 0, 285, NULL, 0, '0', 0, 0, 0, NULL),
(763, 5, '0', 0, NULL, 0, 0, 285, NULL, 0, '0', 0, 0, 0, NULL),
(764, 1, '0', 0, NULL, 0, 0, 286, NULL, 0, '0', 0, 0, 0, NULL),
(765, 2, '0', 0, NULL, 0, 0, 286, NULL, 0, '0', 0, 0, 0, NULL),
(766, 4, '0', 0, NULL, 0, 0, 286, NULL, 0, '0', 0, 0, 0, NULL),
(767, 5, '0', 0, NULL, 0, 0, 286, NULL, 0, '0', 0, 0, 0, NULL),
(768, 1, '0', 0, NULL, 0, 0, 287, NULL, 0, '0', 0, 0, 0, NULL),
(769, 2, '0', 0, NULL, 0, 0, 287, NULL, 0, '0', 0, 0, 0, NULL),
(770, 4, '0', 0, NULL, 0, 0, 287, NULL, 0, '0', 0, 0, 0, NULL),
(771, 5, '0', 0, NULL, 0, 0, 287, NULL, 0, '0', 0, 0, 0, NULL),
(772, 1, '0', 0, NULL, 0, 0, 288, NULL, 0, '0', 0, 0, 0, NULL),
(773, 2, '0', 0, NULL, 0, 0, 288, NULL, 0, '0', 0, 0, 0, NULL),
(774, 4, '0', 0, NULL, 0, 0, 288, NULL, 0, '0', 0, 0, 0, NULL),
(775, 5, '0', 0, NULL, 0, 0, 288, NULL, 0, '0', 0, 0, 0, NULL),
(776, 1, '0', 0, NULL, 0, 0, 289, NULL, 0, '0', 0, 0, 0, 499),
(777, 2, '0', 0, NULL, 0, 0, 289, NULL, 0, '0', 0, 0, 0, NULL),
(778, 4, '0', 0, NULL, 0, 0, 289, NULL, 0, '0', 0, 0, 0, NULL),
(779, 5, '0', 0, NULL, 0, 0, 289, NULL, 0, '0', 0, 0, 0, NULL),
(780, 1, '0', 0, NULL, 0, 0, 290, NULL, 0, '0', 0, 0, 0, 500),
(781, 2, '0', 0, NULL, 0, 0, 290, NULL, 0, '0', 0, 0, 0, 500),
(782, 4, '0', 0, NULL, 0, 0, 290, NULL, 0, '0', 0, 0, 0, NULL),
(783, 5, '0', 0, NULL, 0, 0, 290, NULL, 0, '0', 0, 0, 0, NULL),
(784, 1, '0', 0, NULL, 0, 0, 291, NULL, 0, '0', 0, 0, 0, 501),
(785, 2, '0', 0, NULL, 0, 0, 291, NULL, 0, '0', 0, 0, 0, NULL),
(786, 4, '0', 0, NULL, 0, 0, 291, NULL, 0, '0', 0, 0, 0, NULL),
(787, 5, '0', 0, NULL, 0, 0, 291, NULL, 0, '0', 0, 0, 0, NULL),
(788, 1, '0', 0, NULL, 0, 0, 292, NULL, 0, '0', 0, 0, 0, 338),
(789, 2, '0', 0, NULL, 0, 0, 292, NULL, 0, '0', 0, 0, 0, NULL),
(790, 4, '0', 0, NULL, 0, 0, 292, NULL, 0, '0', 0, 0, 0, NULL),
(791, 5, '0', 0, NULL, 0, 0, 292, NULL, 0, '0', 0, 0, 0, NULL),
(792, 1, '0', 0, NULL, 0, 0, 293, NULL, 0, '0', 0, 0, 0, NULL),
(793, 2, '0', 0, NULL, 0, 0, 293, NULL, 0, '0', 0, 0, 0, NULL),
(794, 4, '0', 0, NULL, 0, 0, 293, NULL, 0, '0', 0, 0, 0, NULL),
(795, 5, '0', 0, NULL, 0, 0, 293, NULL, 0, '0', 0, 0, 0, NULL),
(796, 1, '0', 0, NULL, 0, 0, 294, NULL, 0, '0', 0, 0, 0, NULL),
(797, 2, '0', 0, NULL, 0, 0, 294, NULL, 0, '0', 0, 0, 0, NULL),
(798, 4, '0', 0, NULL, 0, 0, 294, NULL, 0, '0', 0, 0, 0, NULL),
(799, 5, '0', 0, NULL, 0, 0, 294, NULL, 0, '0', 0, 0, 0, NULL),
(800, 1, '0', 0, NULL, 0, 0, 295, NULL, 0, '0', 0, 0, 0, NULL),
(801, 2, '0', 0, NULL, 0, 0, 295, NULL, 0, '0', 0, 0, 0, NULL),
(802, 4, '0', 0, NULL, 0, 0, 295, NULL, 0, '0', 0, 0, 0, NULL),
(803, 5, '0', 0, NULL, 0, 0, 295, NULL, 0, '0', 0, 0, 0, NULL),
(804, 1, '0', 0, NULL, 0, 0, 296, NULL, 0, '0', 0, 0, 0, NULL),
(805, 2, '0', 0, NULL, 0, 0, 296, NULL, 0, '0', 0, 0, 0, NULL),
(806, 4, '0', 0, NULL, 0, 0, 296, NULL, 0, '0', 0, 0, 0, NULL),
(807, 5, '0', 0, NULL, 0, 0, 296, NULL, 0, '0', 0, 0, 0, NULL),
(808, 1, '0', 0, NULL, 0, 0, 297, NULL, 0, '0', 0, 0, 0, NULL),
(809, 2, '0', 0, NULL, 0, 0, 297, NULL, 0, '0', 0, 0, 0, NULL),
(810, 4, '0', 0, NULL, 0, 0, 297, NULL, 0, '0', 0, 0, 0, NULL),
(811, 5, '0', 0, NULL, 0, 0, 297, NULL, 0, '0', 0, 0, 0, NULL),
(812, 1, '0', 0, NULL, 0, 0, 298, NULL, 0, '0', 0, 0, 0, NULL),
(813, 2, '0', 0, NULL, 0, 0, 298, NULL, 0, '0', 0, 0, 0, NULL),
(814, 4, '0', 0, NULL, 0, 0, 298, NULL, 0, '0', 0, 0, 0, NULL),
(815, 5, '0', 0, NULL, 0, 0, 298, NULL, 0, '0', 0, 0, 0, NULL),
(816, 1, '0', 0, NULL, 0, 0, 299, NULL, 0, '0', 0, 0, 0, NULL),
(817, 2, '0', 0, NULL, 0, 0, 299, NULL, 0, '0', 0, 0, 0, NULL),
(818, 4, '0', 0, NULL, 0, 0, 299, NULL, 0, '0', 0, 0, 0, NULL),
(819, 5, '0', 0, NULL, 0, 0, 299, NULL, 0, '0', 0, 0, 0, NULL),
(820, 1, '0', 0, NULL, 0, 0, 300, NULL, 0, '0', 0, 0, 0, NULL),
(821, 2, '0', 0, NULL, 0, 0, 300, NULL, 0, '0', 0, 0, 0, NULL),
(822, 4, '0', 0, NULL, 0, 0, 300, NULL, 0, '0', 0, 0, 0, NULL),
(823, 5, '0', 0, NULL, 0, 0, 300, NULL, 0, '0', 0, 0, 0, NULL),
(824, 1, '0', 0, NULL, 0, 0, 301, NULL, 0, '0', 0, 0, 0, 353),
(825, 2, '0', 0, NULL, 0, 0, 301, NULL, 0, '0', 0, 0, 0, NULL),
(826, 4, '0', 0, NULL, 0, 0, 301, NULL, 0, '0', 0, 0, 0, NULL),
(827, 5, '0', 0, NULL, 0, 0, 301, NULL, 0, '0', 0, 0, 0, NULL),
(828, 1, '0', 0, NULL, 0, 0, 302, NULL, 0, '0', 0, 0, 0, NULL),
(829, 2, '0', 0, NULL, 0, 0, 302, NULL, 0, '0', 0, 0, 0, NULL),
(830, 4, '0', 0, NULL, 0, 0, 302, NULL, 0, '0', 0, 0, 0, NULL),
(831, 5, '0', 0, NULL, 0, 0, 302, NULL, 0, '0', 0, 0, 0, NULL),
(832, 1, '0', 0, NULL, 0, 0, 303, NULL, 0, '0', 0, 0, 0, 369),
(833, 2, '0', 0, NULL, 0, 0, 303, NULL, 0, '0', 0, 0, 0, NULL),
(834, 4, '0', 0, NULL, 0, 0, 303, NULL, 0, '0', 0, 0, 0, NULL),
(835, 5, '0', 0, NULL, 0, 0, 303, NULL, 0, '0', 0, 0, 0, NULL),
(836, 1, '0', 0, NULL, 0, 0, 304, NULL, 0, '0', 0, 0, 0, NULL),
(837, 2, '0', 0, NULL, 0, 0, 304, NULL, 0, '0', 0, 0, 0, NULL),
(838, 4, '0', 0, NULL, 0, 0, 304, NULL, 0, '0', 0, 0, 0, NULL),
(839, 5, '0', 0, NULL, 0, 0, 304, NULL, 0, '0', 0, 0, 0, NULL),
(840, 1, '0', 0, NULL, 0, 0, 305, NULL, 0, '0', 0, 0, 0, NULL),
(841, 2, '0', 0, NULL, 0, 0, 305, NULL, 0, '0', 0, 0, 0, NULL),
(842, 4, '0', 0, NULL, 0, 0, 305, NULL, 0, '0', 0, 0, 0, NULL),
(843, 5, '0', 0, NULL, 0, 0, 305, NULL, 0, '0', 0, 0, 0, NULL),
(844, 1, '0', 0, NULL, 0, 0, 306, NULL, 0, '0', 0, 0, 0, NULL),
(845, 2, '0', 0, NULL, 0, 0, 306, NULL, 0, '0', 0, 0, 0, NULL),
(846, 4, '0', 0, NULL, 0, 0, 306, NULL, 0, '0', 0, 0, 0, NULL),
(847, 5, '0', 0, NULL, 0, 0, 306, NULL, 0, '0', 0, 0, 0, NULL),
(848, 1, '0', 0, NULL, 0, 0, 307, NULL, 0, '0', 0, 0, 0, NULL),
(849, 2, '0', 0, NULL, 0, 0, 307, NULL, 0, '0', 0, 0, 0, NULL),
(850, 4, '0', 0, NULL, 0, 0, 307, NULL, 0, '0', 0, 0, 0, NULL),
(851, 5, '0', 0, NULL, 0, 0, 307, NULL, 0, '0', 0, 0, 0, NULL),
(852, 1, '0', 0, NULL, 0, 0, 308, NULL, 0, '0', 0, 0, 0, NULL),
(853, 2, '0', 0, NULL, 0, 0, 308, NULL, 0, '0', 0, 0, 0, NULL),
(854, 4, '0', 0, NULL, 0, 0, 308, NULL, 0, '0', 0, 0, 0, NULL),
(855, 5, '0', 0, NULL, 0, 0, 308, NULL, 0, '0', 0, 0, 0, NULL),
(856, 1, '0', 0, NULL, 0, 0, 309, NULL, 0, '0', 0, 0, 0, NULL),
(857, 2, '0', 0, NULL, 0, 0, 309, NULL, 0, '0', 0, 0, 0, NULL),
(858, 4, '0', 0, NULL, 0, 0, 309, NULL, 0, '0', 0, 0, 0, NULL),
(859, 5, '0', 0, NULL, 0, 0, 309, NULL, 0, '0', 0, 0, 0, NULL),
(860, 1, '0', 0, NULL, 0, 0, 310, NULL, 0, '0', 0, 0, 0, NULL),
(861, 2, '0', 0, NULL, 0, 0, 310, NULL, 0, '0', 0, 0, 0, NULL),
(862, 4, '0', 0, NULL, 0, 0, 310, NULL, 0, '0', 0, 0, 0, NULL),
(863, 5, '0', 0, NULL, 0, 0, 310, NULL, 0, '0', 0, 0, 0, NULL),
(864, 1, '0', 0, NULL, 0, 0, 311, NULL, 0, '0', 0, 0, 0, NULL),
(865, 2, '0', 0, NULL, 0, 0, 311, NULL, 0, '0', 0, 0, 0, NULL),
(866, 4, '0', 0, NULL, 0, 0, 311, NULL, 0, '0', 0, 0, 0, NULL),
(867, 5, '0', 0, NULL, 0, 0, 311, NULL, 0, '0', 0, 0, 0, NULL),
(868, 1, '0', 0, NULL, 0, 0, 312, NULL, 0, '0', 0, 0, 0, NULL),
(869, 2, '0', 0, NULL, 0, 0, 312, NULL, 0, '0', 0, 0, 0, NULL),
(870, 4, '0', 0, NULL, 0, 0, 312, NULL, 0, '0', 0, 0, 0, NULL),
(871, 5, '0', 0, NULL, 0, 0, 312, NULL, 0, '0', 0, 0, 0, NULL),
(872, 1, '0', 0, NULL, 0, 0, 313, NULL, 0, '0', 0, 0, 0, NULL),
(873, 2, '0', 0, NULL, 0, 0, 313, NULL, 0, '0', 0, 0, 0, NULL),
(874, 4, '0', 0, NULL, 0, 0, 313, NULL, 0, '0', 0, 0, 0, NULL),
(875, 5, '0', 0, NULL, 0, 0, 313, NULL, 0, '0', 0, 0, 0, NULL),
(876, 1, '0', 0, NULL, 0, 0, 314, NULL, 0, '0', 0, 0, 0, NULL),
(877, 2, '0', 0, NULL, 0, 0, 314, NULL, 0, '0', 0, 0, 0, NULL),
(878, 4, '0', 0, NULL, 0, 0, 314, NULL, 0, '0', 0, 0, 0, NULL),
(879, 5, '0', 0, NULL, 0, 0, 314, NULL, 0, '0', 0, 0, 0, NULL),
(880, 1, '0', 0, NULL, 0, 0, 315, NULL, 0, '0', 0, 0, 0, NULL),
(881, 2, '0', 0, NULL, 0, 0, 315, NULL, 0, '0', 0, 0, 0, NULL),
(882, 4, '0', 0, NULL, 0, 0, 315, NULL, 0, '0', 0, 0, 0, NULL),
(883, 5, '0', 0, NULL, 0, 0, 315, NULL, 0, '0', 0, 0, 0, NULL),
(884, 1, '0', 0, NULL, 0, 0, 316, NULL, 0, '0', 0, 0, 0, NULL),
(885, 2, '0', 0, NULL, 0, 0, 316, NULL, 0, '0', 0, 0, 0, NULL),
(886, 4, '0', 0, NULL, 0, 0, 316, NULL, 0, '0', 0, 0, 0, NULL),
(887, 5, '0', 0, NULL, 0, 0, 316, NULL, 0, '0', 0, 0, 0, NULL),
(888, 1, '0', 0, NULL, 0, 0, 317, NULL, 0, '0', 0, 0, 0, 336),
(889, 2, '0', 0, NULL, 0, 0, 317, NULL, 0, '0', 0, 0, 0, NULL),
(890, 4, '0', 0, NULL, 0, 0, 317, NULL, 0, '0', 0, 0, 0, NULL),
(891, 5, '0', 0, NULL, 0, 0, 317, NULL, 0, '0', 0, 0, 0, NULL),
(892, 1, '0', 0, NULL, 0, 0, 318, NULL, 0, '0', 0, 0, 0, NULL),
(893, 2, '0', 0, NULL, 0, 0, 318, NULL, 0, '0', 0, 0, 0, NULL),
(894, 4, '0', 0, NULL, 0, 0, 318, NULL, 0, '0', 0, 0, 0, NULL),
(895, 5, '0', 0, NULL, 0, 0, 318, NULL, 0, '0', 0, 0, 0, NULL),
(896, 1, '0', 0, NULL, 0, 0, 319, NULL, 0, '0', 0, 0, 0, NULL),
(897, 2, '0', 0, NULL, 0, 0, 319, NULL, 0, '0', 0, 0, 0, NULL),
(898, 4, '0', 0, NULL, 0, 0, 319, NULL, 0, '0', 0, 0, 0, NULL),
(899, 5, '0', 0, NULL, 0, 0, 319, NULL, 0, '0', 0, 0, 0, NULL),
(900, 1, '0', 0, NULL, 0, 0, 320, NULL, 0, '0', 0, 0, 0, NULL),
(901, 2, '0', 0, NULL, 0, 0, 320, NULL, 0, '0', 0, 0, 0, NULL),
(902, 4, '0', 0, NULL, 0, 0, 320, NULL, 0, '0', 0, 0, 0, NULL),
(903, 5, '0', 0, NULL, 0, 0, 320, NULL, 0, '0', 0, 0, 0, NULL),
(904, 1, '0', 0, NULL, 0, 0, 321, NULL, 0, '0', 0, 0, 0, NULL),
(905, 2, '0', 0, NULL, 0, 0, 321, NULL, 0, '0', 0, 0, 0, NULL),
(906, 4, '0', 0, NULL, 0, 0, 321, NULL, 0, '0', 0, 0, 0, NULL),
(907, 5, '0', 0, NULL, 0, 0, 321, NULL, 0, '0', 0, 0, 0, NULL),
(908, 1, '0', 0, NULL, 0, 0, 322, NULL, 0, '0', 0, 0, 0, NULL),
(909, 2, '0', 0, NULL, 0, 0, 322, NULL, 0, '0', 0, 0, 0, NULL),
(910, 4, '0', 0, NULL, 0, 0, 322, NULL, 0, '0', 0, 0, 0, NULL),
(911, 5, '0', 0, NULL, 0, 0, 322, NULL, 0, '0', 0, 0, 0, NULL),
(912, 1, '0', 0, NULL, 0, 0, 323, NULL, 0, '0', 0, 0, 0, NULL),
(913, 2, '0', 0, NULL, 0, 0, 323, NULL, 0, '0', 0, 0, 0, NULL),
(914, 4, '0', 0, NULL, 0, 0, 323, NULL, 0, '0', 0, 0, 0, NULL),
(915, 5, '0', 0, NULL, 0, 0, 323, NULL, 0, '0', 0, 0, 0, NULL),
(916, 1, '0', 0, NULL, 0, 0, 324, NULL, 0, '0', 0, 0, 0, NULL),
(917, 2, '0', 0, NULL, 0, 0, 324, NULL, 0, '0', 0, 0, 0, NULL),
(918, 4, '0', 0, NULL, 0, 0, 324, NULL, 0, '0', 0, 0, 0, NULL),
(919, 5, '0', 0, NULL, 0, 0, 324, NULL, 0, '0', 0, 0, 0, NULL),
(920, 1, '0', 0, NULL, 0, 0, 325, NULL, 0, '0', 0, 0, 0, NULL),
(921, 2, '0', 0, NULL, 0, 0, 325, NULL, 0, '0', 0, 0, 0, NULL),
(922, 4, '0', 0, NULL, 0, 0, 325, NULL, 0, '0', 0, 0, 0, NULL),
(923, 5, '0', 0, NULL, 0, 0, 325, NULL, 0, '0', 0, 0, 0, NULL),
(924, 1, '0', 0, NULL, 0, 0, 326, NULL, 0, '0', 0, 0, 0, 377),
(925, 2, '0', 0, NULL, 0, 0, 326, NULL, 0, '0', 0, 0, 0, NULL),
(926, 4, '0', 0, NULL, 0, 0, 326, NULL, 0, '0', 0, 0, 0, NULL),
(927, 5, '0', 0, NULL, 0, 0, 326, NULL, 0, '0', 0, 0, 0, NULL),
(928, 1, '0', 0, NULL, 0, 0, 327, NULL, 0, '0', 0, 0, 0, NULL),
(929, 2, '0', 0, NULL, 0, 0, 327, NULL, 0, '0', 0, 0, 0, NULL),
(930, 4, '0', 0, NULL, 0, 0, 327, NULL, 0, '0', 0, 0, 0, NULL);
INSERT INTO `acta` (`IdActa`, `IdDignidad`, `NroActa`, `TotalVotos`, `Imagen`, `VotosBlancos`, `VotosNulos`, `IdJunta`, `Observaciones`, `VotosValidos`, `actaEstado`, `cargada`, `revisada`, `observacion`, `idusuario`) VALUES
(931, 5, '0', 0, NULL, 0, 0, 327, NULL, 0, '0', 0, 0, 0, NULL),
(932, 1, '0', 0, NULL, 0, 0, 328, NULL, 0, '0', 0, 0, 0, NULL),
(933, 2, '0', 0, NULL, 0, 0, 328, NULL, 0, '0', 0, 0, 0, NULL),
(934, 4, '0', 0, NULL, 0, 0, 328, NULL, 0, '0', 0, 0, 0, NULL),
(935, 5, '0', 0, NULL, 0, 0, 328, NULL, 0, '0', 0, 0, 0, NULL),
(936, 1, '0', 0, NULL, 0, 0, 329, NULL, 0, '0', 0, 0, 0, NULL),
(937, 2, '0', 0, NULL, 0, 0, 329, NULL, 0, '0', 0, 0, 0, NULL),
(938, 4, '0', 0, NULL, 0, 0, 329, NULL, 0, '0', 0, 0, 0, NULL),
(939, 5, '0', 0, NULL, 0, 0, 329, NULL, 0, '0', 0, 0, 0, NULL),
(940, 1, '0', 0, NULL, 0, 0, 330, NULL, 0, '0', 0, 0, 0, NULL),
(941, 2, '0', 0, NULL, 0, 0, 330, NULL, 0, '0', 0, 0, 0, NULL),
(942, 4, '0', 0, NULL, 0, 0, 330, NULL, 0, '0', 0, 0, 0, NULL),
(943, 5, '0', 0, NULL, 0, 0, 330, NULL, 0, '0', 0, 0, 0, NULL),
(944, 1, '0', 0, NULL, 0, 0, 331, NULL, 0, '0', 0, 0, 0, NULL),
(945, 2, '0', 0, NULL, 0, 0, 331, NULL, 0, '0', 0, 0, 0, NULL),
(946, 4, '0', 0, NULL, 0, 0, 331, NULL, 0, '0', 0, 0, 0, NULL),
(947, 5, '0', 0, NULL, 0, 0, 331, NULL, 0, '0', 0, 0, 0, NULL),
(948, 1, '0', 0, NULL, 0, 0, 332, NULL, 0, '0', 0, 0, 0, NULL),
(949, 2, '0', 0, NULL, 0, 0, 332, NULL, 0, '0', 0, 0, 0, NULL),
(950, 4, '0', 0, NULL, 0, 0, 332, NULL, 0, '0', 0, 0, 0, NULL),
(951, 5, '0', 0, NULL, 0, 0, 332, NULL, 0, '0', 0, 0, 0, NULL),
(952, 1, '12', 100, NULL, 2, 8, 333, NULL, 90, '0', 1, 0, 0, 395),
(953, 2, '0', 0, NULL, 0, 0, 333, NULL, 0, '0', 0, 0, 0, NULL),
(954, 4, '0', 0, NULL, 0, 0, 333, NULL, 0, '0', 0, 0, 0, NULL),
(955, 5, '0', 0, NULL, 0, 0, 333, NULL, 0, '0', 0, 0, 0, NULL),
(956, 1, '0', 0, NULL, 0, 0, 334, NULL, 0, '0', 0, 0, 0, NULL),
(957, 2, '0', 0, NULL, 0, 0, 334, NULL, 0, '0', 0, 0, 0, NULL),
(958, 4, '0', 0, NULL, 0, 0, 334, NULL, 0, '0', 0, 0, 0, NULL),
(959, 5, '0', 0, NULL, 0, 0, 334, NULL, 0, '0', 0, 0, 0, NULL),
(960, 1, '0', 0, NULL, 0, 0, 335, NULL, 0, '0', 0, 0, 0, NULL),
(961, 2, '0', 0, NULL, 0, 0, 335, NULL, 0, '0', 0, 0, 0, NULL),
(962, 4, '0', 0, NULL, 0, 0, 335, NULL, 0, '0', 0, 0, 0, NULL),
(963, 5, '0', 0, NULL, 0, 0, 335, NULL, 0, '0', 0, 0, 0, NULL),
(964, 1, '0', 0, NULL, 0, 0, 336, NULL, 0, '0', 0, 0, 0, 391),
(965, 2, '0', 0, NULL, 0, 0, 336, NULL, 0, '0', 0, 0, 0, NULL),
(966, 4, '0', 0, NULL, 0, 0, 336, NULL, 0, '0', 0, 0, 0, NULL),
(967, 5, '0', 0, NULL, 0, 0, 336, NULL, 0, '0', 0, 0, 0, NULL),
(968, 1, '0', 0, NULL, 0, 0, 337, NULL, 0, '0', 0, 0, 0, NULL),
(969, 2, '0', 0, NULL, 0, 0, 337, NULL, 0, '0', 0, 0, 0, NULL),
(970, 4, '0', 0, NULL, 0, 0, 337, NULL, 0, '0', 0, 0, 0, NULL),
(971, 5, '0', 0, NULL, 0, 0, 337, NULL, 0, '0', 0, 0, 0, NULL),
(972, 1, '0', 0, NULL, 0, 0, 338, NULL, 0, '0', 0, 0, 0, NULL),
(973, 2, '0', 0, NULL, 0, 0, 338, NULL, 0, '0', 0, 0, 0, NULL),
(974, 4, '0', 0, NULL, 0, 0, 338, NULL, 0, '0', 0, 0, 0, NULL),
(975, 5, '0', 0, NULL, 0, 0, 338, NULL, 0, '0', 0, 0, 0, NULL),
(976, 1, '0', 0, NULL, 0, 0, 339, NULL, 0, '0', 0, 0, 0, 412),
(977, 2, '0', 0, NULL, 0, 0, 339, NULL, 0, '0', 0, 0, 0, 412),
(978, 4, '0', 0, NULL, 0, 0, 339, NULL, 0, '0', 0, 0, 0, 415),
(979, 5, '0', 0, NULL, 0, 0, 339, NULL, 0, '0', 0, 0, 0, NULL),
(980, 1, '0', 0, NULL, 0, 0, 340, NULL, 0, '0', 0, 0, 0, 415),
(981, 2, '0', 0, NULL, 0, 0, 340, NULL, 0, '0', 0, 0, 0, 415),
(982, 4, '0', 0, NULL, 0, 0, 340, NULL, 0, '0', 0, 0, 0, NULL),
(983, 5, '0', 0, NULL, 0, 0, 340, NULL, 0, '0', 0, 0, 0, NULL),
(984, 1, '0', 0, NULL, 0, 0, 341, NULL, 0, '0', 0, 0, 0, 415),
(985, 2, '0', 0, NULL, 0, 0, 341, NULL, 0, '0', 0, 0, 0, 415),
(986, 4, '0', 0, NULL, 0, 0, 341, NULL, 0, '0', 0, 0, 0, NULL),
(987, 5, '0', 0, NULL, 0, 0, 341, NULL, 0, '0', 0, 0, 0, NULL),
(988, 1, '0', 0, NULL, 0, 0, 342, NULL, 0, '0', 0, 0, 0, 421),
(989, 2, '0', 0, NULL, 0, 0, 342, NULL, 0, '0', 0, 0, 0, NULL),
(990, 4, '0', 0, NULL, 0, 0, 342, NULL, 0, '0', 0, 0, 0, NULL),
(991, 5, '0', 0, NULL, 0, 0, 342, NULL, 0, '0', 0, 0, 0, NULL),
(992, 1, '0', 0, NULL, 0, 0, 343, NULL, 0, '0', 0, 0, 0, 421),
(993, 2, '0', 0, NULL, 0, 0, 343, NULL, 0, '0', 0, 0, 0, NULL),
(994, 4, '0', 0, NULL, 0, 0, 343, NULL, 0, '0', 0, 0, 0, NULL),
(995, 5, '0', 0, NULL, 0, 0, 343, NULL, 0, '0', 0, 0, 0, NULL),
(996, 1, '0', 0, NULL, 0, 0, 344, NULL, 0, '0', 0, 0, 0, 418),
(997, 2, '0', 0, NULL, 0, 0, 344, NULL, 0, '0', 0, 0, 0, NULL),
(998, 4, '0', 0, NULL, 0, 0, 344, NULL, 0, '0', 0, 0, 0, NULL),
(999, 5, '0', 0, NULL, 0, 0, 344, NULL, 0, '0', 0, 0, 0, NULL),
(1000, 1, '0', 0, NULL, 0, 0, 345, NULL, 0, '0', 0, 0, 0, NULL),
(1001, 2, '0', 0, NULL, 0, 0, 345, NULL, 0, '0', 0, 0, 0, NULL),
(1002, 4, '0', 0, NULL, 0, 0, 345, NULL, 0, '0', 0, 0, 0, NULL),
(1003, 5, '0', 0, NULL, 0, 0, 345, NULL, 0, '0', 0, 0, 0, NULL),
(1004, 1, '0', 0, NULL, 0, 0, 346, NULL, 0, '0', 0, 0, 0, 420),
(1005, 2, '0', 0, NULL, 0, 0, 346, NULL, 0, '0', 0, 0, 0, 420),
(1006, 4, '0', 0, NULL, 0, 0, 346, NULL, 0, '0', 0, 0, 0, NULL),
(1007, 5, '0', 0, NULL, 0, 0, 346, NULL, 0, '0', 0, 0, 0, NULL),
(1008, 1, '0', 0, NULL, 0, 0, 347, NULL, 0, '0', 0, 0, 0, 405),
(1009, 2, '0', 0, NULL, 0, 0, 347, NULL, 0, '0', 0, 0, 0, NULL),
(1010, 4, '0', 0, NULL, 0, 0, 347, NULL, 0, '0', 0, 0, 0, NULL),
(1011, 5, '0', 0, NULL, 0, 0, 347, NULL, 0, '0', 0, 0, 0, NULL),
(1012, 1, '0', 0, NULL, 0, 0, 348, NULL, 0, '0', 0, 0, 0, NULL),
(1013, 2, '0', 0, NULL, 0, 0, 348, NULL, 0, '0', 0, 0, 0, NULL),
(1014, 4, '0', 0, NULL, 0, 0, 348, NULL, 0, '0', 0, 0, 0, NULL),
(1015, 5, '0', 0, NULL, 0, 0, 348, NULL, 0, '0', 0, 0, 0, NULL),
(1016, 1, '0', 0, NULL, 0, 0, 349, NULL, 0, '0', 0, 0, 0, 401),
(1017, 2, '0', 0, NULL, 0, 0, 349, NULL, 0, '0', 0, 0, 0, NULL),
(1018, 4, '0', 0, NULL, 0, 0, 349, NULL, 0, '0', 0, 0, 0, NULL),
(1019, 5, '0', 0, NULL, 0, 0, 349, NULL, 0, '0', 0, 0, 0, NULL),
(1020, 1, '0', 0, NULL, 0, 0, 350, NULL, 0, '0', 0, 0, 0, NULL),
(1021, 2, '0', 0, NULL, 0, 0, 350, NULL, 0, '0', 0, 0, 0, NULL),
(1022, 4, '0', 0, NULL, 0, 0, 350, NULL, 0, '0', 0, 0, 0, NULL),
(1023, 5, '0', 0, NULL, 0, 0, 350, NULL, 0, '0', 0, 0, 0, NULL),
(1024, 1, '0', 0, NULL, 0, 0, 351, NULL, 0, '0', 0, 0, 0, 404),
(1025, 2, '0', 0, NULL, 0, 0, 351, NULL, 0, '0', 0, 0, 0, 404),
(1026, 4, '0', 0, NULL, 0, 0, 351, NULL, 0, '0', 0, 0, 0, NULL),
(1027, 5, '0', 0, NULL, 0, 0, 351, NULL, 0, '0', 0, 0, 0, NULL),
(1028, 1, '0', 0, NULL, 0, 0, 352, NULL, 0, '0', 0, 0, 0, 406),
(1029, 2, '0', 0, NULL, 0, 0, 352, NULL, 0, '0', 0, 0, 0, 406),
(1030, 4, '0', 0, NULL, 0, 0, 352, NULL, 0, '0', 0, 0, 0, NULL),
(1031, 5, '0', 0, NULL, 0, 0, 352, NULL, 0, '0', 0, 0, 0, NULL),
(1032, 1, '0', 0, NULL, 0, 0, 353, NULL, 0, '0', 0, 0, 0, 411),
(1033, 2, '0', 0, NULL, 0, 0, 353, NULL, 0, '0', 0, 0, 0, NULL),
(1034, 4, '0', 0, NULL, 0, 0, 353, NULL, 0, '0', 0, 0, 0, NULL),
(1035, 5, '0', 0, NULL, 0, 0, 353, NULL, 0, '0', 0, 0, 0, NULL),
(1036, 1, '0', 0, NULL, 0, 0, 354, NULL, 0, '0', 0, 0, 0, 423),
(1037, 2, '0', 0, NULL, 0, 0, 354, NULL, 0, '0', 0, 0, 0, 425),
(1038, 4, '0', 0, NULL, 0, 0, 354, NULL, 0, '0', 0, 0, 0, 423),
(1039, 5, '0', 0, NULL, 0, 0, 354, NULL, 0, '0', 0, 0, 0, NULL),
(1040, 1, '0', 0, NULL, 0, 0, 355, NULL, 0, '0', 0, 0, 0, 424),
(1041, 2, '0', 0, NULL, 0, 0, 355, NULL, 0, '0', 0, 0, 0, NULL),
(1042, 4, '0', 0, NULL, 0, 0, 355, NULL, 0, '0', 0, 0, 0, NULL),
(1043, 5, '0', 0, NULL, 0, 0, 355, NULL, 0, '0', 0, 0, 0, NULL),
(1044, 1, '0', 0, NULL, 0, 0, 356, NULL, 0, '0', 0, 0, 0, NULL),
(1045, 2, '0', 0, NULL, 0, 0, 356, NULL, 0, '0', 0, 0, 0, NULL),
(1046, 4, '0', 0, NULL, 0, 0, 356, NULL, 0, '0', 0, 0, 0, NULL),
(1047, 5, '0', 0, NULL, 0, 0, 356, NULL, 0, '0', 0, 0, 0, NULL),
(1048, 1, '0', 0, NULL, 0, 0, 357, NULL, 0, '0', 0, 0, 0, NULL),
(1049, 2, '0', 0, NULL, 0, 0, 357, NULL, 0, '0', 0, 0, 0, NULL),
(1050, 4, '0', 0, NULL, 0, 0, 357, NULL, 0, '0', 0, 0, 0, NULL),
(1051, 5, '0', 0, NULL, 0, 0, 357, NULL, 0, '0', 0, 0, 0, NULL),
(1052, 1, '0', 0, NULL, 0, 0, 358, NULL, 0, '0', 0, 0, 0, 431),
(1053, 2, '0', 0, NULL, 0, 0, 358, NULL, 0, '0', 0, 0, 0, NULL),
(1054, 4, '0', 0, NULL, 0, 0, 358, NULL, 0, '0', 0, 0, 0, NULL),
(1055, 5, '0', 0, NULL, 0, 0, 358, NULL, 0, '0', 0, 0, 0, NULL),
(1056, 1, '0', 0, NULL, 0, 0, 359, NULL, 0, '0', 0, 0, 0, 432),
(1057, 2, '0', 0, NULL, 0, 0, 359, NULL, 0, '0', 0, 0, 0, 432),
(1058, 4, '0', 0, NULL, 0, 0, 359, NULL, 0, '0', 0, 0, 0, NULL),
(1059, 5, '0', 0, NULL, 0, 0, 359, NULL, 0, '0', 0, 0, 0, NULL),
(1060, 1, '0', 0, NULL, 0, 0, 360, NULL, 0, '0', 0, 0, 0, NULL),
(1061, 2, '0', 0, NULL, 0, 0, 360, NULL, 0, '0', 0, 0, 0, NULL),
(1062, 4, '0', 0, NULL, 0, 0, 360, NULL, 0, '0', 0, 0, 0, NULL),
(1063, 5, '0', 0, NULL, 0, 0, 360, NULL, 0, '0', 0, 0, 0, NULL),
(1064, 1, '0', 0, NULL, 0, 0, 361, NULL, 0, '0', 0, 0, 0, NULL),
(1065, 2, '0', 0, NULL, 0, 0, 361, NULL, 0, '0', 0, 0, 0, NULL),
(1066, 4, '0', 0, NULL, 0, 0, 361, NULL, 0, '0', 0, 0, 0, NULL),
(1067, 5, '0', 0, NULL, 0, 0, 361, NULL, 0, '0', 0, 0, 0, NULL),
(1068, 1, '0', 0, NULL, 0, 0, 362, NULL, 0, '0', 0, 0, 0, NULL),
(1069, 2, '0', 0, NULL, 0, 0, 362, NULL, 0, '0', 0, 0, 0, NULL),
(1070, 4, '0', 0, NULL, 0, 0, 362, NULL, 0, '0', 0, 0, 0, NULL),
(1071, 5, '0', 0, NULL, 0, 0, 362, NULL, 0, '0', 0, 0, 0, NULL),
(1072, 1, '0', 0, NULL, 0, 0, 363, NULL, 0, '0', 0, 0, 0, 426),
(1073, 2, '0', 0, NULL, 0, 0, 363, NULL, 0, '0', 0, 0, 0, 426),
(1074, 4, '0', 0, NULL, 0, 0, 363, NULL, 0, '0', 0, 0, 0, NULL),
(1075, 5, '0', 0, NULL, 0, 0, 363, NULL, 0, '0', 0, 0, 0, NULL),
(1076, 1, '0', 0, NULL, 0, 0, 364, NULL, 0, '0', 0, 0, 0, 427),
(1077, 2, '0', 0, NULL, 0, 0, 364, NULL, 0, '0', 0, 0, 0, 427),
(1078, 4, '0', 0, NULL, 0, 0, 364, NULL, 0, '0', 0, 0, 0, 427),
(1079, 5, '0', 0, NULL, 0, 0, 364, NULL, 0, '0', 0, 0, 0, 427),
(1080, 1, '0', 0, NULL, 0, 0, 365, NULL, 0, '0', 0, 0, 0, 428),
(1081, 2, '0', 0, NULL, 0, 0, 365, NULL, 0, '0', 0, 0, 0, 428),
(1082, 4, '0', 0, NULL, 0, 0, 365, NULL, 0, '0', 0, 0, 0, NULL),
(1083, 5, '0', 0, NULL, 0, 0, 365, NULL, 0, '0', 0, 0, 0, NULL),
(1084, 1, '0', 0, NULL, 0, 0, 366, NULL, 0, '0', 0, 0, 0, NULL),
(1085, 2, '0', 0, NULL, 0, 0, 366, NULL, 0, '0', 0, 0, 0, NULL),
(1086, 4, '0', 0, NULL, 0, 0, 366, NULL, 0, '0', 0, 0, 0, NULL),
(1087, 5, '0', 0, NULL, 0, 0, 366, NULL, 0, '0', 0, 0, 0, NULL),
(1088, 1, '0', 0, NULL, 0, 0, 367, NULL, 0, '0', 0, 0, 0, 438),
(1089, 2, '0', 0, NULL, 0, 0, 367, NULL, 0, '0', 0, 0, 0, 438),
(1090, 4, '0', 0, NULL, 0, 0, 367, NULL, 0, '0', 0, 0, 0, 438),
(1091, 5, '0', 0, NULL, 0, 0, 367, NULL, 0, '0', 0, 0, 0, NULL),
(1092, 1, '0', 0, NULL, 0, 0, 368, NULL, 0, '0', 0, 0, 0, 437),
(1093, 2, '0', 0, NULL, 0, 0, 368, NULL, 0, '0', 0, 0, 0, NULL),
(1094, 4, '0', 0, NULL, 0, 0, 368, NULL, 0, '0', 0, 0, 0, NULL),
(1095, 5, '0', 0, NULL, 0, 0, 368, NULL, 0, '0', 0, 0, 0, NULL),
(1096, 1, '0', 0, NULL, 0, 0, 369, NULL, 0, '0', 0, 0, 0, NULL),
(1097, 2, '0', 0, NULL, 0, 0, 369, NULL, 0, '0', 0, 0, 0, NULL),
(1098, 4, '0', 0, NULL, 0, 0, 369, NULL, 0, '0', 0, 0, 0, NULL),
(1099, 5, '0', 0, NULL, 0, 0, 369, NULL, 0, '0', 0, 0, 0, NULL),
(1100, 1, '0', 0, NULL, 0, 0, 370, NULL, 0, '0', 0, 0, 0, NULL),
(1101, 2, '0', 0, NULL, 0, 0, 370, NULL, 0, '0', 0, 0, 0, NULL),
(1102, 4, '0', 0, NULL, 0, 0, 370, NULL, 0, '0', 0, 0, 0, NULL),
(1103, 5, '0', 0, NULL, 0, 0, 370, NULL, 0, '0', 0, 0, 0, NULL),
(1104, 1, '0', 0, NULL, 0, 0, 371, NULL, 0, '0', 0, 0, 0, NULL),
(1105, 2, '0', 0, NULL, 0, 0, 371, NULL, 0, '0', 0, 0, 0, NULL),
(1106, 4, '0', 0, NULL, 0, 0, 371, NULL, 0, '0', 0, 0, 0, NULL),
(1107, 5, '0', 0, NULL, 0, 0, 371, NULL, 0, '0', 0, 0, 0, NULL),
(1108, 1, '0', 0, NULL, 0, 0, 372, NULL, 0, '0', 0, 0, 0, NULL),
(1109, 2, '0', 0, NULL, 0, 0, 372, NULL, 0, '0', 0, 0, 0, NULL),
(1110, 4, '0', 0, NULL, 0, 0, 372, NULL, 0, '0', 0, 0, 0, NULL),
(1111, 5, '0', 0, NULL, 0, 0, 372, NULL, 0, '0', 0, 0, 0, NULL),
(1112, 1, '0', 0, NULL, 0, 0, 373, NULL, 0, '0', 0, 1, 0, NULL),
(1113, 2, '0', 0, NULL, 0, 0, 373, NULL, 0, '0', 0, 0, 0, NULL),
(1114, 4, '0', 0, NULL, 0, 0, 373, NULL, 0, '0', 0, 0, 0, NULL),
(1115, 5, '0', 0, NULL, 0, 0, 373, NULL, 0, '0', 0, 0, 0, NULL),
(1116, 1, '0', 0, NULL, 0, 0, 374, NULL, 0, '0', 0, 0, 0, NULL),
(1117, 2, '0', 0, NULL, 0, 0, 374, NULL, 0, '0', 0, 0, 0, NULL),
(1118, 4, '0', 0, NULL, 0, 0, 374, NULL, 0, '0', 0, 0, 0, NULL),
(1119, 5, '0', 0, NULL, 0, 0, 374, NULL, 0, '0', 0, 0, 0, NULL),
(1120, 1, '0', 0, NULL, 0, 0, 375, NULL, 0, '0', 0, 0, 0, NULL),
(1121, 2, '0', 0, NULL, 0, 0, 375, NULL, 0, '0', 0, 0, 0, NULL),
(1122, 4, '0', 0, NULL, 0, 0, 375, NULL, 0, '0', 0, 0, 0, NULL),
(1123, 5, '0', 0, NULL, 0, 0, 375, NULL, 0, '0', 0, 0, 0, NULL),
(1124, 1, '0', 0, NULL, 0, 0, 376, NULL, 0, '0', 0, 0, 0, NULL),
(1125, 2, '0', 0, NULL, 0, 0, 376, NULL, 0, '0', 0, 0, 0, NULL),
(1126, 4, '0', 0, NULL, 0, 0, 376, NULL, 0, '0', 0, 0, 0, NULL),
(1127, 5, '0', 0, NULL, 0, 0, 376, NULL, 0, '0', 0, 0, 0, NULL),
(1128, 1, '0', 0, NULL, 0, 0, 377, NULL, 0, '0', 0, 1, 0, NULL),
(1129, 2, '0', 0, NULL, 0, 0, 377, NULL, 0, '0', 0, 0, 0, NULL),
(1130, 4, '0', 0, NULL, 0, 0, 377, NULL, 0, '0', 0, 0, 0, NULL),
(1131, 5, '0', 0, NULL, 0, 0, 377, NULL, 0, '0', 0, 0, 0, NULL),
(1132, 1, '0', 0, NULL, 0, 0, 378, NULL, 0, '0', 0, 0, 0, NULL),
(1133, 2, '0', 0, NULL, 0, 0, 378, NULL, 0, '0', 0, 0, 0, NULL),
(1134, 4, '0', 0, NULL, 0, 0, 378, NULL, 0, '0', 0, 0, 0, NULL),
(1135, 5, '0', 0, NULL, 0, 0, 378, NULL, 0, '0', 0, 0, 0, NULL),
(1136, 1, '0', 0, NULL, 0, 0, 379, NULL, 0, '0', 0, 0, 0, NULL),
(1137, 2, '0', 0, NULL, 0, 0, 379, NULL, 0, '0', 0, 0, 0, NULL),
(1138, 4, '0', 0, NULL, 0, 0, 379, NULL, 0, '0', 0, 0, 0, NULL),
(1139, 5, '0', 0, NULL, 0, 0, 379, NULL, 0, '0', 0, 1, 0, NULL),
(1140, 1, '0', 0, NULL, 0, 0, 380, NULL, 0, '0', 0, 0, 0, NULL),
(1141, 2, '0', 0, NULL, 0, 0, 380, NULL, 0, '0', 0, 0, 0, NULL),
(1142, 4, '0', 0, NULL, 0, 0, 380, NULL, 0, '0', 0, 0, 0, NULL),
(1143, 5, '0', 0, NULL, 0, 0, 380, NULL, 0, '0', 0, 0, 0, NULL),
(1144, 1, '0', 0, NULL, 0, 0, 381, NULL, 0, '0', 0, 0, 0, NULL),
(1145, 2, '0', 0, NULL, 0, 0, 381, NULL, 0, '0', 0, 0, 0, NULL),
(1146, 4, '0', 0, NULL, 0, 0, 381, NULL, 0, '0', 0, 0, 0, NULL),
(1147, 5, '0', 0, NULL, 0, 0, 381, NULL, 0, '0', 0, 0, 0, NULL),
(1148, 1, '0', 0, NULL, 0, 0, 382, NULL, 0, '0', 0, 0, 0, NULL),
(1149, 2, '0', 0, NULL, 0, 0, 382, NULL, 0, '0', 0, 0, 0, NULL),
(1150, 4, '0', 0, NULL, 0, 0, 382, NULL, 0, '0', 0, 0, 0, NULL),
(1151, 5, '0', 0, NULL, 0, 0, 382, NULL, 0, '0', 0, 0, 0, NULL),
(1152, 1, '0', 0, NULL, 0, 0, 383, NULL, 0, '0', 0, 0, 0, NULL),
(1153, 2, '0', 0, NULL, 0, 0, 383, NULL, 0, '0', 0, 0, 0, NULL),
(1154, 4, '0', 0, NULL, 0, 0, 383, NULL, 0, '0', 0, 0, 0, NULL),
(1155, 5, '0', 0, NULL, 0, 0, 383, NULL, 0, '0', 0, 0, 0, NULL),
(1156, 1, '0', 0, NULL, 0, 0, 384, NULL, 0, '0', 0, 0, 0, NULL),
(1157, 2, '0', 0, NULL, 0, 0, 384, NULL, 0, '0', 0, 0, 0, NULL),
(1158, 4, '0', 0, NULL, 0, 0, 384, NULL, 0, '0', 0, 0, 0, NULL),
(1159, 5, '0', 0, NULL, 0, 0, 384, NULL, 0, '0', 0, 0, 0, NULL),
(1160, 1, '0', 0, NULL, 0, 0, 385, NULL, 0, '0', 0, 0, 0, NULL),
(1161, 2, '0', 0, NULL, 0, 0, 385, NULL, 0, '0', 0, 0, 0, NULL),
(1162, 4, '0', 0, NULL, 0, 0, 385, NULL, 0, '0', 0, 0, 0, NULL),
(1163, 5, '0', 0, NULL, 0, 0, 385, NULL, 0, '0', 0, 0, 0, NULL),
(1164, 1, '0', 0, NULL, 0, 0, 386, NULL, 0, '0', 0, 0, 0, NULL),
(1165, 2, '0', 0, NULL, 0, 0, 386, NULL, 0, '0', 0, 0, 0, NULL),
(1166, 4, '0', 0, NULL, 0, 0, 386, NULL, 0, '0', 0, 0, 0, NULL),
(1167, 5, '0', 0, NULL, 0, 0, 386, NULL, 0, '0', 0, 0, 0, NULL),
(1168, 1, '0', 0, NULL, 0, 0, 387, NULL, 0, '0', 0, 0, 0, NULL),
(1169, 2, '0', 0, NULL, 0, 0, 387, NULL, 0, '0', 0, 0, 0, NULL),
(1170, 4, '0', 0, NULL, 0, 0, 387, NULL, 0, '0', 0, 0, 0, NULL),
(1171, 5, '0', 0, NULL, 0, 0, 387, NULL, 0, '0', 0, 0, 0, NULL),
(1172, 1, '0', 0, NULL, 0, 0, 388, NULL, 0, '0', 0, 0, 0, NULL),
(1173, 2, '0', 0, NULL, 0, 0, 388, NULL, 0, '0', 0, 0, 0, NULL),
(1174, 4, '0', 0, NULL, 0, 0, 388, NULL, 0, '0', 0, 0, 0, NULL),
(1175, 5, '0', 0, NULL, 0, 0, 388, NULL, 0, '0', 0, 0, 0, NULL),
(1176, 1, '0', 0, NULL, 0, 0, 389, NULL, 0, '0', 0, 0, 0, NULL),
(1177, 2, '0', 0, NULL, 0, 0, 389, NULL, 0, '0', 0, 0, 0, NULL),
(1178, 4, '0', 0, NULL, 0, 0, 389, NULL, 0, '0', 0, 0, 0, NULL),
(1179, 5, '0', 0, NULL, 0, 0, 389, NULL, 0, '0', 0, 0, 0, NULL),
(1180, 1, '0', 0, NULL, 0, 0, 390, NULL, 0, '0', 0, 0, 0, NULL),
(1181, 2, '0', 0, NULL, 0, 0, 390, NULL, 0, '0', 0, 0, 0, NULL),
(1182, 4, '0', 0, NULL, 0, 0, 390, NULL, 0, '0', 0, 0, 0, NULL),
(1183, 5, '0', 0, NULL, 0, 0, 390, NULL, 0, '0', 0, 0, 0, NULL),
(1184, 1, '0', 0, NULL, 0, 0, 391, NULL, 0, '0', 0, 0, 0, NULL),
(1185, 2, '0', 0, NULL, 0, 0, 391, NULL, 0, '0', 0, 0, 0, NULL),
(1186, 4, '0', 0, NULL, 0, 0, 391, NULL, 0, '0', 0, 0, 0, NULL),
(1187, 5, '0', 0, NULL, 0, 0, 391, NULL, 0, '0', 0, 0, 0, NULL),
(1188, 1, '0', 0, NULL, 0, 0, 392, NULL, 0, '0', 0, 0, 0, NULL),
(1189, 2, '0', 0, NULL, 0, 0, 392, NULL, 0, '0', 0, 0, 0, NULL),
(1190, 4, '0', 0, NULL, 0, 0, 392, NULL, 0, '0', 0, 0, 0, NULL),
(1191, 5, '0', 0, NULL, 0, 0, 392, NULL, 0, '0', 0, 0, 0, NULL),
(1192, 1, '0', 0, NULL, 0, 0, 393, NULL, 0, '0', 0, 0, 0, 469),
(1193, 2, '0', 0, NULL, 0, 0, 393, NULL, 0, '0', 0, 0, 0, 469),
(1194, 4, '0', 0, NULL, 0, 0, 393, NULL, 0, '0', 0, 0, 0, NULL),
(1195, 5, '0', 0, NULL, 0, 0, 393, NULL, 0, '0', 0, 0, 0, NULL),
(1196, 1, '0', 0, NULL, 0, 0, 394, NULL, 0, '0', 0, 0, 0, NULL),
(1197, 2, '0', 0, NULL, 0, 0, 394, NULL, 0, '0', 0, 0, 0, NULL),
(1198, 4, '0', 0, NULL, 0, 0, 394, NULL, 0, '0', 0, 0, 0, NULL),
(1199, 5, '0', 0, NULL, 0, 0, 394, NULL, 0, '0', 0, 0, 0, NULL),
(1200, 1, '0', 0, NULL, 0, 0, 395, NULL, 0, '0', 0, 0, 0, 491),
(1201, 2, '0', 0, NULL, 0, 0, 395, NULL, 0, '0', 0, 0, 0, 491),
(1202, 4, '0', 0, NULL, 0, 0, 395, NULL, 0, '0', 0, 0, 0, NULL),
(1203, 5, '0', 0, NULL, 0, 0, 395, NULL, 0, '0', 0, 0, 0, NULL),
(1204, 1, '0', 0, NULL, 0, 0, 396, NULL, 0, '0', 0, 0, 0, 490),
(1205, 2, '0', 0, NULL, 0, 0, 396, NULL, 0, '0', 0, 0, 0, NULL),
(1206, 4, '0', 0, NULL, 0, 0, 396, NULL, 0, '0', 0, 0, 0, NULL),
(1207, 5, '0', 0, NULL, 0, 0, 396, NULL, 0, '0', 0, 0, 0, NULL),
(1208, 1, '0', 0, NULL, 0, 0, 397, NULL, 0, '0', 0, 0, 0, 480),
(1209, 2, '0', 0, NULL, 0, 0, 397, NULL, 0, '0', 0, 0, 0, 480),
(1210, 4, '0', 0, NULL, 0, 0, 397, NULL, 0, '0', 0, 0, 0, NULL),
(1211, 5, '0', 0, NULL, 0, 0, 397, NULL, 0, '0', 0, 0, 0, NULL),
(1212, 1, '0', 0, NULL, 0, 0, 398, NULL, 0, '0', 0, 0, 0, NULL),
(1213, 2, '0', 0, NULL, 0, 0, 398, NULL, 0, '0', 0, 0, 0, NULL),
(1214, 4, '0', 0, NULL, 0, 0, 398, NULL, 0, '0', 0, 0, 0, NULL),
(1215, 5, '0', 0, NULL, 0, 0, 398, NULL, 0, '0', 0, 0, 0, NULL),
(1216, 1, '0', 0, NULL, 0, 0, 399, NULL, 0, '0', 0, 0, 0, NULL),
(1217, 2, '0', 0, NULL, 0, 0, 399, NULL, 0, '0', 0, 0, 0, NULL),
(1218, 4, '0', 0, NULL, 0, 0, 399, NULL, 0, '0', 0, 0, 0, NULL),
(1219, 5, '0', 0, NULL, 0, 0, 399, NULL, 0, '0', 0, 0, 0, NULL),
(1220, 1, '0', 0, NULL, 0, 0, 400, NULL, 0, '0', 0, 0, 0, NULL),
(1221, 2, '0', 0, NULL, 0, 0, 400, NULL, 0, '0', 0, 0, 0, NULL),
(1222, 4, '0', 0, NULL, 0, 0, 400, NULL, 0, '0', 0, 0, 0, NULL),
(1223, 5, '0', 0, NULL, 0, 0, 400, NULL, 0, '0', 0, 0, 0, NULL),
(1224, 1, '0', 0, NULL, 0, 0, 401, NULL, 0, '0', 0, 0, 0, NULL),
(1225, 2, '0', 0, NULL, 0, 0, 401, NULL, 0, '0', 0, 0, 0, NULL),
(1226, 4, '0', 0, NULL, 0, 0, 401, NULL, 0, '0', 0, 0, 0, NULL),
(1227, 5, '0', 0, NULL, 0, 0, 401, NULL, 0, '0', 0, 0, 0, NULL),
(1228, 1, '0', 0, NULL, 0, 0, 402, NULL, 0, '0', 0, 0, 0, NULL),
(1229, 2, '0', 0, NULL, 0, 0, 402, NULL, 0, '0', 0, 0, 0, NULL),
(1230, 4, '0', 0, NULL, 0, 0, 402, NULL, 0, '0', 0, 0, 0, NULL),
(1231, 5, '0', 0, NULL, 0, 0, 402, NULL, 0, '0', 0, 0, 0, NULL),
(1232, 1, '0', 0, NULL, 0, 0, 403, NULL, 0, '0', 0, 0, 0, NULL),
(1233, 2, '0', 0, NULL, 0, 0, 403, NULL, 0, '0', 0, 0, 0, NULL),
(1234, 4, '0', 0, NULL, 0, 0, 403, NULL, 0, '0', 0, 0, 0, NULL),
(1235, 5, '0', 0, NULL, 0, 0, 403, NULL, 0, '0', 0, 0, 0, NULL),
(1236, 1, '0', 0, NULL, 0, 0, 404, NULL, 0, '0', 0, 0, 0, NULL),
(1237, 2, '0', 0, NULL, 0, 0, 404, NULL, 0, '0', 0, 0, 0, NULL),
(1238, 4, '0', 0, NULL, 0, 0, 404, NULL, 0, '0', 0, 0, 0, NULL),
(1239, 5, '0', 0, NULL, 0, 0, 404, NULL, 0, '0', 0, 0, 0, NULL),
(1240, 1, '0', 0, NULL, 0, 0, 405, NULL, 0, '0', 0, 0, 0, 471),
(1241, 2, '0', 0, NULL, 0, 0, 405, NULL, 0, '0', 0, 0, 0, 471),
(1242, 4, '0', 0, NULL, 0, 0, 405, NULL, 0, '0', 0, 0, 0, NULL),
(1243, 5, '0', 0, NULL, 0, 0, 405, NULL, 0, '0', 0, 0, 0, NULL),
(1244, 1, '0', 0, NULL, 0, 0, 406, NULL, 0, '0', 0, 0, 0, 472),
(1245, 2, '0', 0, NULL, 0, 0, 406, NULL, 0, '0', 0, 0, 0, 472),
(1246, 4, '0', 0, NULL, 0, 0, 406, NULL, 0, '0', 0, 0, 0, NULL),
(1247, 5, '0', 0, NULL, 0, 0, 406, NULL, 0, '0', 0, 0, 0, NULL),
(1248, 1, '0', 0, NULL, 0, 0, 407, NULL, 0, '0', 0, 0, 0, 473),
(1249, 2, '0', 0, NULL, 0, 0, 407, NULL, 0, '0', 0, 0, 0, 473),
(1250, 4, '0', 0, NULL, 0, 0, 407, NULL, 0, '0', 0, 0, 0, NULL),
(1251, 5, '0', 0, NULL, 0, 0, 407, NULL, 0, '0', 0, 0, 0, NULL),
(1252, 1, '0', 0, NULL, 0, 0, 408, NULL, 0, '0', 0, 0, 0, 474),
(1253, 2, '0', 0, NULL, 0, 0, 408, NULL, 0, '0', 0, 0, 0, NULL),
(1254, 4, '0', 0, NULL, 0, 0, 408, NULL, 0, '0', 0, 0, 0, NULL),
(1255, 5, '0', 0, NULL, 0, 0, 408, NULL, 0, '0', 0, 0, 0, NULL),
(1256, 1, '0', 0, NULL, 0, 0, 409, NULL, 0, '0', 0, 0, 0, 475),
(1257, 2, '0', 0, NULL, 0, 0, 409, NULL, 0, '0', 0, 0, 0, NULL),
(1258, 4, '0', 0, NULL, 0, 0, 409, NULL, 0, '0', 0, 0, 0, NULL),
(1259, 5, '0', 0, NULL, 0, 0, 409, NULL, 0, '0', 0, 0, 0, NULL),
(1260, 1, '0', 0, NULL, 0, 0, 410, NULL, 0, '0', 0, 0, 0, 477),
(1261, 2, '0', 0, NULL, 0, 0, 410, NULL, 0, '0', 0, 0, 0, 477),
(1262, 4, '0', 0, NULL, 0, 0, 410, NULL, 0, '0', 0, 0, 0, NULL),
(1263, 5, '0', 0, NULL, 0, 0, 410, NULL, 0, '0', 0, 0, 0, NULL),
(1264, 1, '0', 0, NULL, 0, 0, 411, NULL, 0, '0', 0, 0, 0, NULL),
(1265, 2, '0', 0, NULL, 0, 0, 411, NULL, 0, '0', 0, 0, 0, NULL),
(1266, 4, '0', 0, NULL, 0, 0, 411, NULL, 0, '0', 0, 0, 0, NULL),
(1267, 5, '0', 0, NULL, 0, 0, 411, NULL, 0, '0', 0, 0, 0, NULL),
(1268, 1, '0', 0, NULL, 0, 0, 412, NULL, 0, '0', 0, 0, 0, 479),
(1269, 2, '0', 0, NULL, 0, 0, 412, NULL, 0, '0', 0, 0, 0, NULL),
(1270, 4, '0', 0, NULL, 0, 0, 412, NULL, 0, '0', 0, 0, 0, NULL),
(1271, 5, '0', 0, NULL, 0, 0, 412, NULL, 0, '0', 0, 0, 0, NULL);

-- --------------------------------------------------------

--
-- Estructura de tabla para la tabla `acta_obs`
--

CREATE TABLE `acta_obs` (
  `IdActa_obs` int(11) NOT NULL,
  `IdActa` int(11) DEFAULT NULL,
  `IdObservacion` int(11) DEFAULT NULL,
  `Descripcion` varchar(500) DEFAULT NULL
) ENGINE=InnoDB DEFAULT CHARSET=utf8;

--
-- Volcado de datos para la tabla `acta_obs`
--

INSERT INTO `acta_obs` (`IdActa_obs`, `IdActa`, `IdObservacion`, `Descripcion`) VALUES
(88, 126, 1, NULL);

-- --------------------------------------------------------

--
-- Estructura de tabla para la tabla `candidato`
--

CREATE TABLE `candidato` (
  `IdCandidato` int(11) NOT NULL,
  `NombreCan` varchar(200) DEFAULT NULL,
  `Foto` varchar(400) DEFAULT NULL,
  `Cedula` varchar(10) DEFAULT NULL,
  `CanEstado` varchar(2) DEFAULT NULL,
  `IdDignidad` int(11) DEFAULT NULL,
  `IdPartido` int(11) DEFAULT NULL,
  `posicion` int(11) DEFAULT NULL
) ENGINE=InnoDB DEFAULT CHARSET=utf8;

--
-- Volcado de datos para la tabla `candidato`
--

INSERT INTO `candidato` (`IdCandidato`, `NombreCan`, `Foto`, `Cedula`, `CanEstado`, `IdDignidad`, `IdPartido`, `posicion`) VALUES
(7, 'Angélica Maria Loor Andrade', 'Angelica Loor.jpg', '00000000', '1', 1, 13, 1),
(8, 'José Humberto Beltrón Aray', 'Beltron Aray.jpg', '00000000', '1', 1, 8, NULL),
(9, 'Benedito Pablo Caicedo  Saltos', 'Benedito Caicedo.jpg', '00000000', '1', 1, 12, NULL),
(10, 'Deyton Edmundo Alcívar Alcívar', 'Deyton Alcivar.jpg', '00000000', '1', 1, 6, NULL),
(11, 'Eitel James Zambrano Ortiz', 'Eitel Zambrano.jpg', '00000000', '1', 1, 9, NULL),
(12, 'Betsy Elizabeth Molina Alvarez', 'Betsy Molina.jpg', '00000000', '1', 1, 4, NULL),
(13, 'Emir Wanerge Mendoza Zambrano', 'Emir Mendoza.jpg', '00000000', '1', 1, 11, NULL),
(14, 'Fausto Antonio Cobo Delgado', 'Fausto Cobo.jpg', '00000000', '1', 1, 5, NULL),
(15, 'Placido Herlando Zambrano Alcívar', 'Placido Zambrano.jpg', '00000000', '1', 1, 3, NULL),
(16, 'Jorge Luis Zambrano Caicedo', 'Jorge Zambrano.jpg', '00000000', '1', 1, 7, NULL),
(17, 'Juan Manuel Plazarte Marcillo', 'Juan Plazarte.jpg', '00000000', '1', 1, 10, NULL),
(18, 'Leonardo Enrique Rodríguez Zambrano', 'Leonardo Rodriguez.jpg', '00000000', '1', 1, 2, NULL),
(19, 'Raúl Alberto Andrade Naveda', 'Raul Andrade.jpg', '00000000', '1', 1, 1, NULL),
(20, 'Sergio Gustavo Andrade Arellano', 'Sergio Andrade.jpg', '00000000', '1', 2, 8, 0),
(21, 'Luis Fernando Rivadeneira Cuzco', 'Luis Rivadeneira.jpg', '00000000', '1', 2, 12, 0),
(22, 'Carlos Raul Clemente Vasquez Gonzalez', 'Carlos Vasquez.jpg', '00000000', '1', 2, 2, 0),
(23, 'Katherin Jazmin Ponce Parraga', 'Katherin Ponce.jpg', '00000000', '1', 2, 17, NULL),
(24, 'Oswaldo Gonzalo Rodriguez Guillen', 'Oswaldo Rodriguez.jpg', '00000000', '1', 2, 3, NULL),
(25, 'Edulfo Jaime Estrada Bonilla', 'Edulfo Estrada.jpg', '00000000', '1', 2, 1, NULL),
(26, 'Tito Nilton  Mendoza Ordoñez', 'Nilton Mendoza.jpg', '00000000', '1', 2, 6, 0),
(27, 'José Ricardo Zambrano Arteaga', 'Jose Zambrano.jpg', '00000000', '1', 2, 4, NULL),
(28, 'Jorge Daniel  Arteaga Santana', 'Jorge Arteaga.jpg', '00000000', '1', 2, 11, NULL),
(29, 'Jesus Vicente Loor Valdivieso', 'Vicente Loor.jpg', '00000000', '1', 2, 13, 0),
(30, 'Ramon Manuel Conforme Cedeño', 'Ramon Conforme.jpg', '00000000', '1', 1, 14, 0),
(31, 'Francisco Daniel Zambrano Bravo', 'Francisco Zambrano.jpg', '00000000', '1', 4, 1, 1),
(32, 'Yessica  Consuelo Zambrano Parraga', 'Yessica Zambrano.jpg', '00000000', '1', 4, 1, 2),
(33, 'Eddie Esmelin Giler Loor', 'Eddie Giler.jpg', '00000000', '1', 4, 1, 3),
(34, 'Maria Gabriela Andrade Rodriguez', 'Maria Andrade.jpg', '00000000', '1', 4, 1, 4),
(35, 'Roddy Alexis Rodriguez Bazurto', 'Roddy Rodriguez.jpg', '00000000', '1', 4, 4, 1),
(36, 'Marlene Mercedes Cornejo Villegas', 'Marlene Cornejo.jpg', '00000000', '1', 4, 4, 2),
(37, 'Juan Vicente Mendoza Bermeo', 'Vicente Mendoza.jpg', '00000000', '1', 4, 4, 3),
(38, 'Maria Veronica Zambrano Moreira', 'Maria Zambrano.jpg', '00000000', '1', 4, 4, 4),
(39, 'Janeth Guadalupe Mendoza Giler', 'Janeth Mendoza.jpg', '00000000', '1', 3, 1, 4),
(40, 'Junior Enrique Caldas Santos', 'Junior Caldas.jpg', '00000000', '1', 3, 1, 5),
(41, 'Luis Francisco  Gregrorio Zambrano Macias', 'Luis Zambrano.jpg', '00000000', '1', 3, 1, 1),
(42, 'Oscar Eugenio Zambrano Barreto', 'Oscar Zambrano.jpg', '00000000', '1', 3, 1, 3),
(43, 'Viviana Jacqueline Zambrano Gonzalez', 'Vivina Zambrano.jpg', '00000000', '1', 3, 1, 2),
(46, 'Maricela Rosa Cedeño Mendoza', 'Maricela Rosa Cedeño Mendoza.jpg', NULL, NULL, 4, 3, 2),
(47, 'Ricardo Guillermo Solorzano Delgado', 'Ricardo Guillermo Solorzano Delgado.jpg', NULL, NULL, 4, 3, 3),
(48, 'Ricardo Manuel Vera Andrade', 'Ricardo Manuel Vera Andrade.jpg', NULL, NULL, 4, 3, 1),
(49, 'Yaneth Idelia Garcia Meza', 'Yaneth Ydelia Garcia Meza.jpg', NULL, NULL, 4, 3, 4),
(50, 'Cecilio Gilber Alcivar Veliz', 'Cecilio Gilber Alcivar Veliz.jpg', NULL, NULL, 4, 9, 4),
(51, 'Cindy Gissel Solórzano Zambrano', 'Cindy Gissel Solórzano Zambrano.jpg', NULL, NULL, 4, 9, 1),
(52, 'Lucia Otilia Chavez Solorzano', 'CHAVEZ SOLORZANO LUCIA OTILIA.jpg', NULL, NULL, 4, 13, 4),
(53, 'Orley Diogene Chica Bazurto', 'CHICA BAZURTO DIOGENE ORLEY.jpg', NULL, NULL, 4, 13, 1),
(54, 'Alipio Sebastian Quiroz Alcivar', 'QUIROZ ALCIVAR ALIPIO SEBASTIAN.jpg', NULL, NULL, 4, 13, 3),
(55, 'Jaquisele Brenda Vera Garcia', 'VERA GARCIA BRENDA JAQUISELE.jpg', NULL, NULL, 4, 13, 2),
(56, 'Jose Manuel Chavez Solorzano', 'CHAVEZ SOLORZANO JOSE MANUEL.jpg', NULL, NULL, 4, 6, 3),
(57, 'Ivon Mariceyi Choca Pinargote', 'CHICA PINARGOTE IVON MARICEYI.jpg', NULL, NULL, 4, 6, 2),
(58, 'José Adolfo Rufino Zambrano Intriago', 'José Adolfo Rufino Zambrano Intriago.jpg', NULL, NULL, 4, 9, 2),
(59, 'Angela Maria Cuzme Pinargote', 'CUZME PINARGOTE ANGELA MARIA.jpg', NULL, NULL, 4, 6, 4),
(60, 'Kelvin Ivan Dueñas Zambrano', 'DUEÑAS ZAMBRANO KELVIN IVAN.jpg', NULL, NULL, 4, 6, 1),
(61, 'Margarita Alexandra Simis Veliz', 'Margarita Alexandra Simis Veliz.jpg', NULL, NULL, 4, 9, 3),
(62, 'Remberto James Cedeño Rodriguez', 'CEDEÑO RODRIGUEZ JAMES REMBERTO.jpg', NULL, NULL, 4, 10, 1),
(63, 'Antonio Fernando Medranda Cedeño', 'MEDRANDA CEDEÑO FERNANDO ANTONIO.jpg', NULL, NULL, 4, 10, 3),
(64, 'Pamela Dayana Mendoza Zambrano', 'MENDOZA ZAMBRANO DAYANA PAMELA.jpg', NULL, NULL, 4, 10, 2),
(65, 'Alexandra Ruth Zambrano Alcivar', 'ZAMBRANO ALCIVAR RUTH ALEXANDRA.jpg', NULL, NULL, 4, 10, 4),
(66, 'Darlin Holger Cagua Ferrin', 'Darlin Holger Cagua Ferrin.jpg', NULL, NULL, 4, 7, 3),
(67, 'Jairo Roberto Rodriguez Bravo', 'Jairo Roberto Rodriguez Bravo.jpg', NULL, NULL, 4, 7, 1),
(68, 'Maria Eulalia Espinoza Miranda', 'Maria Eulalia Espinoza Miranda.jpg', NULL, NULL, 4, 7, 2),
(69, 'Maritza Nelly Mero Santana', 'Maritza Nelly Mero Santana.jpg', NULL, NULL, 4, 7, 4),
(70, 'Cristina Ines Cantos Mera', 'Cristina Ines Cantos Mera.jpg', NULL, NULL, 4, 14, 2),
(71, 'Heber Anania Solorzano Moreira', 'Heber Anania Solorzano Moreira.jpg', NULL, NULL, 4, 14, 3),
(72, 'Jose Victor Palacios Benavides', 'Jose Victor Palacios Benavides.jpg', NULL, NULL, 4, 14, 1),
(73, 'Trinidad Mariela Loor Vidal', 'Trinidad Mariela Loor Vidal.jpg', NULL, NULL, 4, 14, 4),
(74, 'Juliana Maricela Zambrano Cedeño', 'Juliana Maricela Zambrano Cedeño.jpg', NULL, NULL, 4, 11, 3),
(75, 'Maria Dolores Andrade Almeida', 'Maria Dolores Andrade Almeida.jpg', NULL, NULL, 4, 11, 1),
(76, 'Victor Antonio Cedeño Rodriguez', 'Victor Antonio Cedeño Rodriguez.jpg', NULL, NULL, 4, 11, 2),
(77, 'Yuvanny Antioco Benavides Mejia', 'Yuvanny Antioco Benavides Mejia.jpg', NULL, NULL, 4, 11, 4),
(78, 'Hector Colon Cedeño', 'CEDEÑO HECTOR COLON.jpg', NULL, NULL, 4, 12, 4),
(79, 'Monica Gabriela Cedeño Pazmiño', 'CEDEÑO PAZMIÑO MONICA.jpg', NULL, NULL, 4, 12, 3),
(80, 'Elvis Mauro Loor Velez', 'LOOR VELEZ MAURO ELVIS.jpg', NULL, NULL, 4, 12, 2),
(81, 'Siglendy Seelenita Rosado Zambrano', 'Rosado Zambrano Siglendy Seelenita.jpg', NULL, NULL, 4, 12, 1),
(82, 'Angela Maria Cedeño Mantuano', 'CEDEÑO MANTUANO ANGELA MARIA.jpg', NULL, NULL, 4, 5, 4),
(83, 'Jhonny Rene Dueñas Zambrano', 'DUEÑAS ZAMBRANO JHONNY RENE.jpg', NULL, NULL, 4, 5, 3),
(84, 'Mayra Virginia Romo Rosado', 'ROMO ROSADO MAYRA VIRGINIA.jpg', NULL, NULL, 4, 5, 2),
(85, 'Jesus Geovanny Zambrano Moreira', 'ZAMBRANO MOREIRA JESUS GEOVANNY.jpg', NULL, NULL, 4, 5, 1),
(86, 'Gerardo Luis Muela Rodriguez', 'Gerardo Luis Muela Rodriguez.jpg', NULL, NULL, 4, 2, 2),
(87, 'Lucia Norma Saltos Solórzano', 'Lucia Norma Saltos Solórzano.jpg', NULL, NULL, 4, 2, 3),
(88, 'Mauro Norberto Zambrano Rengifo', 'Mauro Norberto Zambrano Rengifo.jpg', NULL, NULL, 4, 2, 4),
(89, 'Vanesa Rommy Cueva Doumet', 'Vanesa Rommy Cueva Doumet.jpg', NULL, NULL, 4, 2, 1),
(90, 'Tito Franklin Arteaga Saltos', 'ARTEAGA SALTOS TITO FRANKLIN.jpg', NULL, NULL, 3, 4, 4),
(91, 'Alexandra Marixela Chalacama Zambrano', 'CHALACAMA ZAMBRANO ALEXANDRA MARIXELA.jpg', NULL, NULL, 3, 4, 5),
(92, 'Aracely Teresa Cornejo Villegas', 'CORNEJO VILLEGAS ARACELY TERESA.jpg', NULL, NULL, 3, 4, 3),
(93, 'Marco Alfredo Molina Parraga', 'MOLINA PARRAGA MARCO ALFREDO.jpg', NULL, NULL, 3, 4, 2),
(94, 'Maria Pauline Vera Ponce', 'Vera Ponce Maria Pauline.jpg', NULL, NULL, 3, 4, 1),
(95, 'Carlota Cecilia Arteaga Zambrano', 'ARTEAGA ZAMBRANO CARLOTA CECILIA.jpg', NULL, NULL, 3, 2, 5),
(96, 'Chinga Delgado Carlos Adalberto', 'CHINGA DELGADO CARLOS ADALBERTO.jpg', NULL, NULL, 3, 2, 2),
(97, 'Rita Genoveva Farfan Vera', 'FARFAN VERA RITA GENOVEVA.jpg', NULL, NULL, 3, 2, 3),
(98, 'Ramon Renelmo Vera Figueroa', 'VERA FIGUEROA RAMON RENELMO.jpg', NULL, NULL, 3, 2, 4),
(99, 'Miriam Trinidad Vera Giler', 'VERA GILER MIRIAM TRINIDAD.jpg', NULL, NULL, 3, 2, 1),
(100, 'Norma Yulen Hidalgo Valencia', 'HIDALGO VALENCIA NORMA YULEN.jpg', NULL, NULL, 3, 3, 4),
(101, 'Jhon Alejandro Muñoz Cedeño', 'MUÑOZ CEDEÑO JHON ALEJANDRO.jpg', NULL, NULL, 3, 3, 5),
(102, 'Gaston Eddy Santos Andrade', 'SANTOS ANDRADE GASTON EDDY.jpg', NULL, NULL, 3, 3, 3),
(103, 'Walter Jose Solorzano Vera', 'SOLORZANO VERA WALTER JOSE.jpg', NULL, NULL, 3, 3, 1),
(104, 'Maria Fanny Vera Zambrano', 'VERA ZAMBRANO MARIA FANNY.jpg', NULL, NULL, 3, 3, 2),
(105, 'Genny Secibel Chavez Moreira', 'CHAVEZ MOREIRA GENNY SECIBEL.jpg', NULL, NULL, 3, 9, 4),
(106, 'Bernardino Asdrubal Loor Alcivar', 'LOOR ALCIVAR BERNARDINO ASDRUBAL.jpg', NULL, NULL, 3, 9, 3),
(107, 'Elsa Margarita Soledispa Sacon', 'SOLEDISPA SACON ELSA MARGARITA.jpg', NULL, NULL, 3, 9, 2),
(108, 'Wilter Isaias Zambrano Carreño', 'ZAMBRANO CARREÑO WILTER ISAIAS.jpg', NULL, NULL, 3, 9, 5),
(109, 'Sixto Miguel Zambrano Minaya', 'ZAMBRANO MINAYA SIXTO MIGUEL.jpg', NULL, NULL, 3, 9, 1),
(110, 'Erly Darlan Buenaventura Andrade', 'BUENAVENTURA ANDRADE ERLY DARLAN.jpg', NULL, NULL, 3, 14, 1),
(111, 'Hector Eliecer Macay Villamil', 'MACAY VILLAMIL HECTOR ELIECER.jpg', NULL, NULL, 3, 14, 5),
(112, 'Heber Eli Macias Treviño', 'MACIAS TREVIÑO HEBER ELI.jpg', NULL, NULL, 3, 14, 3),
(113, 'Enedina Del Carmen Zambrano Alvarez', 'ZAMBRANO ALVAREZ ENEDINA DEL CARMEN.jpg', NULL, NULL, 3, 14, 2),
(114, 'Carmen Isabel Zambrano Moreira', 'ZAMBRANO MOREIRA CARMEN ISABEL.jpg', NULL, NULL, 3, 14, 4),
(115, 'Jorge Isaac Arteaga Vera', 'ARTEAGA VERA JORGE ISAAC.jpg', NULL, NULL, 3, 11, 1),
(116, 'Jonathan Ariel Cedeño Tumbaco', 'CEDEÑO TUMBACO JONATHAN ARIEL.jpg', NULL, NULL, 3, 11, 5),
(117, 'Fredy Alejandro Saldarriaga Zambrano', 'SALDARRIAGA ZAMBRANO FREDY ALEJANDRO.jpg', NULL, NULL, 3, 11, 3),
(118, 'Maria Josefa Tumbaco Zambrano', 'TUMBACO ZAMBRANO MARIA JOSEFA.jpg', NULL, NULL, 3, 11, 4),
(119, 'Venus Beatriz Tumbaco Zambrano', 'TUMBACO ZAMBRANO VENUS BEATRIZ.jpg', NULL, NULL, 3, 11, 2),
(120, 'Bardo Washington Andrade Zambrano', 'ANDRADE ZAMBRANO BARDO WASHINGTON.jpg', NULL, NULL, 3, 7, 3),
(121, 'Daronis Estuardo Endara Mendoza', 'ENDARA MENDOZA DARONIS ESTUARDO.jpg', NULL, NULL, 3, 7, 1),
(122, 'Jackeline Marisenia Garcia Zambrano', 'GARCIA ZAMBRANO JACKELINE MARISENIA.jpg', NULL, NULL, 3, 7, 4),
(123, 'Berly Geovanny Varela Romero', 'VARELA ROMERO BERLY GEOVANNY.jpg', NULL, NULL, 3, 7, 5),
(124, 'Jina Janeth Velez Barberan', 'VELEZ BARBERAN JINA JANETH.jpg', NULL, NULL, 3, 7, 2),
(125, 'Jose Edilberto Montes Moreira', 'MONTES MOREIRA JOSE EDILBERTO.jpg', NULL, NULL, 3, 12, 1),
(126, 'Freya Maria Romero Alume', 'ROMERO ALUME FREYA MARIA.jpg', NULL, NULL, 3, 12, 4),
(127, 'Vicente Enrique Torres Gomez', 'TORRES GOMEZ VICENTE ENRIQUE.jpg', NULL, NULL, 3, 12, 3),
(128, 'Magaly Del Rocio Valencia Moreira', 'VALENCIA MOREIRA MAGALY DEL ROCIO.jpg', NULL, NULL, 3, 12, 2),
(129, 'Yury Artemio Verduga Verduga', 'VERDUGA VERDUGA YURY ARTEMIO.jpg', NULL, NULL, 3, 12, 5),
(130, 'Jorge Geovanny Bravo Alcivar', 'BRAVO ALCIVAR JORGE GEOVANNY.jpg', NULL, NULL, 3, 5, 1),
(131, 'Geovanny Universy Bravo Chavarria', 'BRAVO CHAVARRIA GEOVANNY UNIVERSY.jpg', NULL, NULL, 3, 5, 5),
(132, 'Cecilia Monserrate Lara Loor', 'LARA LOOR CECILIA MONSERRATE.jpg', NULL, NULL, 3, 5, 4),
(133, 'Deisy Pilar Loor Velez', 'LOOR VELEZ DEISY PILAR.jpg', NULL, NULL, 3, 5, 2),
(134, 'Ramon Bolivar Moncayo Mendoza', 'MONCAYO MENDOZA RAMON BOLIVAR.jpg', NULL, NULL, 3, 5, 3),
(135, 'Maria Patricia Barberan Santos', 'BARBERAN SANTOS MARIA PATRICIA.jpg', NULL, NULL, 3, 13, 2),
(136, 'Mariuxi Riquilda Bravo Lopez', 'BRAVO LOPEZ MARIUXI RIQUILDA.jpg', NULL, NULL, 3, 13, 4),
(137, 'Boris Andres Carvajal Arteaga', 'CARVAJAL ARTEAGA BORIS ANDRES.jpg', NULL, NULL, 3, 13, 5),
(138, 'Jefferson Guillermo Flecher Ponce', 'FLECHER PONCE JEFFERSON GUILLERMO.jpg', NULL, NULL, 3, 13, 1),
(139, 'Wilson Emanuel Toral Garcia', 'TORAL GARCIA WILSON EMANUEL.jpg', NULL, NULL, 3, 13, 3),
(140, 'Narcisa Trinidad Alcivar Alcivar', 'ALCIVAR ALCIVAR NARCISA TRINIDAD.jpg', NULL, NULL, 3, 6, 2),
(141, 'Jhony Antonio Cedeño Moreira', 'CEDEÑO MOREIRA JHONY ANTONIO.jpg', NULL, NULL, 3, 6, 3),
(142, 'Gilma Peggy Pisco Zambrano', 'PISCO ZAMBRANO GILMA PEGGY.jpg', NULL, NULL, 3, 6, 4),
(143, 'Juan Fernando Saldarriaga Zambrano', 'SALDARRIAGA ZAMBRANO JUAN FERNANDO.jpg', NULL, NULL, 3, 6, 5),
(144, 'Dan Hamed Vera Velez', 'VERA VELEZ DAN HAMED.jpg', NULL, NULL, 3, 6, 1),
(145, 'Dolores Elizabeth Andrade Alvarez', 'ANDRADE ALVAREZ DOLORES ELIZABETH.jpg', NULL, NULL, 3, 8, 2),
(146, 'Ramiro Bernardo Del Campo Regalado', 'DEL CAMPO REGALADO RAMIRO BERNARDO.jpg', NULL, NULL, 3, 8, 1),
(147, 'Carlos Arturo Moreira Cevallos', 'MOREIRA CEVALLOS CARLOS ARTURO.jpg', NULL, NULL, 3, 8, 5),
(148, 'Pedro Salvador Solorzano Macias', 'SOLORZANO MACIAS PEDRO SALVADOR.jpg', NULL, NULL, 3, 8, 3),
(149, 'Maria Alexandra Zambrano De La Cruz', 'ZAMBRANO DE LA CRUZ MARIA ALEXANDRA.jpg', NULL, NULL, 3, 8, 4),
(150, 'Juan Amadeo Parraga Vera', 'PARRAGA VERA JUAN AMADEO.jpg', NULL, NULL, 3, 10, 3),
(151, 'Silvia Elizabeth Rosado Morales', 'ROSADO MORALES SILVIA ELIZABETH.jpg', NULL, NULL, 3, 10, 2),
(152, 'Franz Alejandro Vaca Zambrano', 'VACA ZAMBRANO FRANZ ALEJANDRO.jpg', NULL, NULL, 3, 10, 5),
(153, 'Gema Xiomara Zambrano Andrade', 'ZAMBRANO ANDRADE GEMA XIOMARA.jpg', NULL, NULL, 3, 10, 4),
(154, 'Jose Italo Zambrano Mendoza', 'ZAMBRANO MENDOZA JOSE ITALO.jpg', NULL, NULL, 3, 10, 1),
(155, 'Jose Leonardo Orlando Arteaga', 'ORLANDO ARTEAGA JOSE LEONARDO.jpg', NULL, NULL, 2, 19, NULL),
(156, 'Inmer Abel Gomez Cevallos', 'GOMEZ CEVALLOS INMER ABEL.jpg', NULL, NULL, 2, 20, NULL),
(157, 'Gloria Maria De Los Angeles Sabando Garcia', 'SABANDO GARCIA GLORIA MARIA DE LOS ANGELES.jpg', NULL, NULL, 2, 21, NULL),
(158, 'Eustedio Noe Intriago Davila', 'INTRIAGO DAVILA EUSTEDIO NOE.jpg', NULL, NULL, 2, 22, NULL),
(159, 'Señora Julieta Alvarez Vera', 'ALVAREZ VERA SEÑORA JULIETA.jpg', NULL, NULL, 2, 23, NULL);

-- --------------------------------------------------------

--
-- Estructura de tabla para la tabla `dignidad`
--

CREATE TABLE `dignidad` (
  `IdDignidad` int(11) NOT NULL,
  `DetalleDignidad` varchar(100) DEFAULT NULL,
  `DigEstado` varchar(2) DEFAULT NULL
) ENGINE=InnoDB DEFAULT CHARSET=utf8;

--
-- Volcado de datos para la tabla `dignidad`
--

INSERT INTO `dignidad` (`IdDignidad`, `DetalleDignidad`, `DigEstado`) VALUES
(1, 'ALCALDE', '1'),
(2, 'PREFECTO', '1'),
(3, 'CONCEJAL URBANO', '1'),
(4, 'CONCEJAL RURAL', '0'),
(5, 'JUNTA PARROQUIAL', '0'),
(6, 'CPCCS', '0');

-- --------------------------------------------------------

--
-- Estructura de tabla para la tabla `documento`
--

CREATE TABLE `documento` (
  `IdDocumento` int(11) NOT NULL,
  `ruta` varchar(450) DEFAULT NULL,
  `IdActa` int(11) DEFAULT NULL
) ENGINE=InnoDB DEFAULT CHARSET=utf8;

-- --------------------------------------------------------

--
-- Estructura de tabla para la tabla `imagenes_actas`
--

CREATE TABLE `imagenes_actas` (
  `idimagenes_acta` int(11) NOT NULL,
  `idActa` int(11) NOT NULL,
  `ruta` varchar(450) NOT NULL,
  `estado` int(11) NOT NULL,
  `estado_del` varchar(45) NOT NULL
) ENGINE=InnoDB DEFAULT CHARSET=latin1;

-- --------------------------------------------------------

--
-- Estructura de tabla para la tabla `junta`
--

CREATE TABLE `junta` (
  `IdJunta` int(11) NOT NULL,
  `IdRecinto` int(11) DEFAULT NULL,
  `NumeroJunta` int(11) DEFAULT NULL,
  `DetalleJunta` varchar(100) DEFAULT NULL,
  `Genero` varchar(1) DEFAULT NULL,
  `CantElectores` int(11) DEFAULT NULL,
  `IdDelegado` int(11) DEFAULT NULL,
  `IdSupervisor` int(11) DEFAULT NULL,
  `JunEstado` varchar(2) DEFAULT NULL
) ENGINE=InnoDB DEFAULT CHARSET=utf8;

--
-- Volcado de datos para la tabla `junta`
--

INSERT INTO `junta` (`IdJunta`, `IdRecinto`, `NumeroJunta`, `DetalleJunta`, `Genero`, `CantElectores`, `IdDelegado`, `IdSupervisor`, `JunEstado`) VALUES
(75, 1, 1, 'M-1', 'M', 350, 49, 78, '1'),
(76, 1, 2, 'M-2', 'M', NULL, 51, 78, '1'),
(77, 1, 3, 'M-3', 'M', NULL, 76, 78, '1'),
(78, 1, 4, 'M-4', 'M', NULL, 57, 54, '1'),
(79, 1, 5, 'M-5', 'M', NULL, 156, 54, '1'),
(80, 1, 6, 'M-6', 'M', NULL, 64, 54, '1'),
(81, 1, 7, 'M-7', 'M', NULL, 56, 59, '1'),
(82, 1, 8, 'M-8', 'M', NULL, 58, 59, '1'),
(83, 1, 9, 'M-9', 'M', NULL, 62, 67, '1'),
(84, 1, 10, 'M-10', 'M', NULL, 80, 67, '1'),
(85, 1, 11, 'M-11', 'M', NULL, 68, 67, '1'),
(86, 1, 12, 'M-12', 'M', NULL, 72, 60, '1'),
(87, 1, 13, 'M-13', 'M', NULL, 75, 60, '1'),
(88, 1, 1, 'F-1', 'F', NULL, 48, 78, '1'),
(89, 1, 2, 'F-2', 'F', NULL, 50, 78, '1'),
(90, 1, 3, 'F-3', 'F', NULL, 53, 78, '1'),
(91, 1, 4, 'F-4', 'F', NULL, 55, 54, '1'),
(92, 1, 5, 'F-5', 'F', NULL, 66, 54, '1'),
(93, 1, 6, 'F-6', 'F', NULL, 61, 59, '1'),
(94, 1, 7, 'F-7', 'F', NULL, 63, 59, '1'),
(95, 1, 8, 'F-8', 'F', NULL, 77, 59, '1'),
(96, 1, 9, 'F-9', 'F', NULL, 69, 67, '1'),
(97, 1, 10, 'F-10', 'F', NULL, 65, 67, '1'),
(98, 1, 11, 'F-11', 'F', NULL, 70, 59, '1'),
(99, 1, 12, 'F-12', 'F', NULL, 73, 60, '1'),
(100, 1, 13, 'F-13', 'F', NULL, 74, 60, '1'),
(101, 1, 14, 'F-14', 'F', NULL, 79, 60, '1'),
(102, 2, 14, 'M-14', 'M', NULL, 82, 86, '1'),
(103, 2, 15, 'M-15', 'M', NULL, 84, 86, '1'),
(104, 2, 16, 'M-16', 'M', NULL, 87, 92, '1'),
(105, 2, 17, 'M-17', 'M', NULL, 89, 92, '1'),
(106, 2, 18, 'M-18', 'M', NULL, 91, 92, '1'),
(107, 2, 19, 'M-19', 'M', NULL, 94, 98, '1'),
(108, 2, 20, 'M-20', 'M', NULL, 96, 98, '1'),
(109, 2, 21, 'M-21', 'M', NULL, 101, 109, '1'),
(110, 2, 22, 'M-22', 'M', NULL, 105, 109, '1'),
(111, 2, 23, 'M-23', 'M', NULL, 108, 109, '1'),
(112, 2, 24, 'M-24', 'M', NULL, 112, 113, '1'),
(113, 2, 15, 'F-15', 'F', NULL, 81, 86, '1'),
(114, 2, 16, 'F-16', 'F', NULL, 517, 86, '1'),
(115, 2, 17, 'F-17', 'F', NULL, 85, 86, '1'),
(116, 2, 18, 'F-18', 'F', NULL, 88, 92, '1'),
(117, 2, 19, 'F-19', 'F', NULL, 90, 92, '1'),
(118, 2, 20, 'F-20', 'F', NULL, 93, 98, '1'),
(119, 2, 21, 'F-21', 'F', NULL, 577, 98, '1'),
(120, 2, 22, 'F-22', 'F', NULL, 97, 98, '1'),
(121, 2, 23, 'F-23', 'F', NULL, 103, 109, '1'),
(122, 2, 24, 'F-24', 'F', NULL, 107, 109, '1'),
(123, 2, 25, 'F-25', 'F', NULL, 110, 113, '1'),
(124, 2, 26, 'F-26', 'F', NULL, 111, 113, '1'),
(125, 3, 25, 'M-25', 'M', NULL, 453, 548, '1'),
(126, 3, 26, 'M-26', 'M', NULL, 515, 117, '1'),
(127, 3, 27, 'M-27', 'M', NULL, 114, 117, '1'),
(128, 3, 28, 'M-28', 'M', NULL, 122, 124, '1'),
(129, 3, 29, 'M-29', 'M', NULL, 135, 124, '1'),
(130, 3, 30, 'M-30', 'M', NULL, 116, 124, '1'),
(131, 3, 31, 'M-31', 'M', NULL, 121, 127, '1'),
(132, 3, 32, 'M-32', 'M', NULL, 130, 127, '1'),
(133, 3, 33, 'M-33', 'M', NULL, 132, 127, '1'),
(134, 3, 34, 'M-34', 'M', NULL, 119, 133, '1'),
(135, 3, 35, 'M-35', 'M', NULL, 295, 133, '1'),
(136, 3, 36, 'M-36', 'M', NULL, 106, 133, '1'),
(137, 3, 37, 'M-37', 'M', NULL, 134, 138, '1'),
(138, 3, 38, 'M-38', 'M', NULL, 129, 138, '1'),
(139, 3, 39, 'M-39', 'M', NULL, 137, 138, '1'),
(140, 3, 40, 'M-40', 'M', NULL, 139, 117, '1'),
(141, 3, 41, 'M-41', 'M', NULL, 126, 117, '1'),
(142, 3, 27, 'F-27', 'F', NULL, 136, 117, '1'),
(143, 3, 28, 'F-28', 'F', NULL, 154, 117, '1'),
(144, 3, 29, 'F-29', 'F', NULL, 149, 124, '1'),
(145, 3, 30, 'F-30', 'F', NULL, 142, 124, '1'),
(146, 3, 31, 'F-31', 'F', NULL, 123, 124, '1'),
(147, 3, 32, 'F-32', 'F', NULL, 131, 127, '1'),
(148, 3, 33, 'F-33', 'F', NULL, 141, 127, '1'),
(149, 3, 34, 'F-34', 'F', NULL, 143, 133, '1'),
(150, 3, 35, 'F-35', 'F', NULL, 128, 133, '1'),
(151, 3, 36, 'F-36', 'F', NULL, 544, 133, '1'),
(152, 3, 37, 'F-37', 'F', NULL, 545, 138, '1'),
(153, 3, 38, 'F-38', 'F', NULL, 125, 138, '1'),
(154, 3, 39, 'F-39', 'F', NULL, 140, 138, '1'),
(155, 3, 40, 'F-40', 'F', NULL, 155, 548, '1'),
(156, 3, 41, 'F-41', 'F', NULL, 144, 548, '1'),
(157, 3, 42, 'F-42', 'F', NULL, 443, 548, '1'),
(158, 3, 43, 'F-43', 'F', NULL, 147, 548, '1'),
(159, 4, 42, 'M-42', 'M', NULL, 365, 366, '1'),
(160, 4, 43, 'M-43', 'M', NULL, 328, 366, '1'),
(161, 4, 44, 'M-44', 'M', NULL, 575, 366, '1'),
(162, 4, 45, 'M-45', 'M', NULL, 582, 305, '1'),
(163, 4, 46, 'M-46', 'M', NULL, 308, 305, '1'),
(164, 4, 47, 'M-47', 'M', NULL, 509, 305, '1'),
(165, 4, 48, 'M-48', 'M', NULL, 311, 304, '1'),
(166, 4, 49, 'M-49', 'M', NULL, 313, 304, '1'),
(167, 4, 50, 'M-50', 'M', NULL, 579, 304, '1'),
(168, 4, 51, 'M-51', 'M', NULL, 320, 316, '1'),
(169, 4, 52, 'M-52', 'M', NULL, 323, 316, '1'),
(170, 4, 53, 'M-53', 'M', NULL, 326, 316, '1'),
(171, 4, 54, 'M-54', 'M', NULL, 533, 302, '1'),
(172, 4, 55, 'M-55', 'M', NULL, 341, 302, '1'),
(173, 4, 56, 'M-56', 'M', NULL, 345, 302, '1'),
(174, 4, 57, 'M-57', 'M', NULL, 350, 347, '1'),
(175, 4, 58, 'M-58', 'M', NULL, 354, 347, '1'),
(176, 4, 44, 'F-44', 'F', NULL, 303, 366, '1'),
(177, 4, 45, 'F-45', 'F', NULL, 580, 366, '1'),
(178, 4, 46, 'F-46', 'F', NULL, 307, 305, '1'),
(179, 4, 47, 'F-47', 'F', NULL, 549, 305, '1'),
(180, 4, 48, 'F-48', 'F', NULL, 407, 304, '1'),
(181, 4, 49, 'F-49', 'F', NULL, 145, 304, '1'),
(182, 4, 50, 'F-50', 'F', NULL, 315, 304, '1'),
(183, 4, 51, 'F-51', 'F', NULL, 318, 316, '1'),
(184, 4, 52, 'F-52', 'F', NULL, 322, 316, '1'),
(185, 4, 53, 'F-53', 'F', NULL, 325, 316, '1'),
(186, 4, 54, 'F-54', 'F', NULL, 330, 302, '1'),
(187, 4, 55, 'F-55', 'F', NULL, 334, 302, '1'),
(188, 4, 56, 'F-56', 'F', NULL, 331, 302, '1'),
(189, 4, 57, 'F-57', 'F', NULL, 349, 347, '1'),
(190, 4, 58, 'F-58', 'F', NULL, 352, 347, '1'),
(191, 4, 59, 'F-59', 'F', NULL, 357, 347, '1'),
(192, 4, 60, 'F-60', 'F', NULL, 358, 347, '1'),
(193, 5, 59, 'M-59', 'M', NULL, 219, 218, '1'),
(194, 5, 60, 'M-60', 'M', NULL, 220, 218, '1'),
(195, 5, 61, 'M-61', 'M', NULL, 222, 218, '1'),
(196, 5, 62, 'M-62', 'M', NULL, 225, 224, '1'),
(197, 5, 63, 'M-63', 'M', NULL, 227, 224, '1'),
(198, 5, 64, 'M-64', 'M', NULL, 229, 224, '1'),
(199, 5, 65, 'M-65', 'M', NULL, 232, 230, '1'),
(200, 5, 66, 'M-66', 'M', NULL, 234, 230, '1'),
(201, 5, 67, 'M-67', 'M', NULL, 237, 236, '1'),
(202, 5, 68, 'M-68', 'M', NULL, 239, 236, '1'),
(203, 5, 69, 'M-69', 'M', NULL, 240, 236, '1'),
(204, 5, 61, 'F-61', 'F', NULL, 221, 218, '1'),
(205, 5, 62, 'F-62', 'F', NULL, 223, 218, '1'),
(206, 5, 63, 'F-63', 'F', NULL, 226, 224, '1'),
(207, 5, 64, 'F-64', 'F', NULL, 228, 224, '1'),
(208, 5, 65, 'F-65', 'F', NULL, 231, 230, '1'),
(209, 5, 66, 'F-66', 'F', NULL, 233, 230, '1'),
(210, 5, 67, 'F-67', 'F', NULL, 235, 230, '1'),
(211, 5, 68, 'F-68', 'F', NULL, 238, 236, '1'),
(212, 5, 69, 'F-69', 'F', NULL, 242, 241, '1'),
(213, 5, 70, 'F-70', 'F', NULL, 243, 241, '1'),
(214, 5, 71, 'F-71', 'F', NULL, 244, 241, '1'),
(215, 5, 72, 'F-72', 'F', NULL, 245, 241, '1'),
(216, 6, 70, 'M-70', 'M', NULL, 536, 289, '1'),
(217, 6, 71, 'M-71', 'M', NULL, 541, 289, '1'),
(218, 6, 72, 'M-72', 'M', NULL, 286, 537, '1'),
(219, 6, 73, 'M-73', 'M', NULL, 287, 537, '1'),
(220, 6, 74, 'M-74', 'M', NULL, 293, 537, '1'),
(221, 6, 75, 'M-75', 'M', NULL, 547, 279, '1'),
(222, 6, 76, 'M-76', 'M', NULL, 551, 279, '1'),
(223, 6, 77, 'M-77', 'M', NULL, 278, 540, '1'),
(224, 6, 78, 'M-78', 'M', NULL, 277, 540, '1'),
(225, 6, 73, 'F-73', 'F', NULL, 290, 289, '1'),
(226, 6, 74, 'F-74', 'F', NULL, 291, 289, '1'),
(227, 6, 75, 'F-75', 'F', NULL, 292, 289, '1'),
(228, 6, 76, 'F-76', 'F', NULL, 539, 537, '1'),
(229, 6, 77, 'F-77', 'F', NULL, 538, 537, '1'),
(230, 6, 78, 'F-78', 'F', NULL, 280, 279, '1'),
(231, 6, 79, 'F-79', 'F', NULL, 281, 279, '1'),
(232, 6, 80, 'F-80', 'F', NULL, 275, 540, '1'),
(233, 6, 81, 'F-81', 'F', NULL, 276, 540, '1'),
(234, 7, 1, 'M-1', 'M', NULL, 261, 260, '1'),
(235, 7, 2, 'M-2', 'M', NULL, 263, 260, '1'),
(236, 7, 3, 'M-3', 'M', NULL, 265, 260, '1'),
(237, 7, 4, 'M-4', 'M', NULL, 268, 267, '1'),
(238, 7, 5, 'M-5', 'M', NULL, 270, 267, '1'),
(239, 7, 6, 'M-6', 'M', NULL, 272, 267, '1'),
(240, 7, 7, 'M-7', 'M', NULL, 256, 532, '1'),
(241, 7, 8, 'M-8', 'M', NULL, 258, 532, '1'),
(242, 7, 1, 'F-1', 'F', NULL, 262, 260, '1'),
(243, 7, 2, 'F-2', 'F', NULL, 264, 260, '1'),
(244, 7, 3, 'F-3', 'F', NULL, 266, 260, '1'),
(245, 7, 4, 'F-4', 'F', NULL, 269, 267, '1'),
(246, 7, 5, 'F-5', 'F', NULL, 271, 267, '1'),
(247, 7, 6, 'F-6', 'F', NULL, 273, 267, '1'),
(248, 7, 7, 'F-7', 'F', NULL, 257, 532, '1'),
(249, 7, 8, 'F-8', 'F', NULL, 259, 532, '1'),
(250, 8, 9, 'M-9', 'M', NULL, 204, 199, '1'),
(251, 8, 10, 'M-10', 'M', NULL, 208, 199, '1'),
(252, 8, 11, 'M-11', 'M', NULL, 207, 200, '1'),
(253, 8, 12, 'M-12', 'M', NULL, 211, 200, '1'),
(254, 8, 13, 'M-13', 'M', NULL, 212, 200, '1'),
(255, 8, 14, 'M-14', 'M', NULL, 213, 202, '1'),
(256, 8, 15, 'M-15', 'M', NULL, 203, 202, '1'),
(257, 8, 16, 'M-16', 'M', NULL, 215, 202, '1'),
(258, 8, 17, 'M-17', 'M', NULL, 512, 202, '1'),
(259, 8, 9, 'F-9', 'F', NULL, 201, 199, '1'),
(260, 8, 10, 'F-10', 'F', NULL, 205, 199, '1'),
(261, 8, 11, 'F-11', 'F', NULL, 206, 199, '1'),
(262, 8, 12, 'F-12', 'F', NULL, 209, 200, '1'),
(263, 8, 13, 'F-13', 'F', NULL, 527, 200, '1'),
(264, 8, 14, 'F-14', 'F', NULL, 210, 200, '1'),
(265, 8, 15, 'F-15', 'F', NULL, 214, 202, '1'),
(266, 8, 16, 'F-16', 'F', NULL, 216, 202, '1'),
(267, 9, 1, 'M-1', 'M', NULL, 565, 83, '1'),
(268, 9, 2, 'M-2', 'M', NULL, 564, 83, '1'),
(269, 9, 1, 'F-1', 'F', NULL, 566, 83, '1'),
(270, 9, 2, 'F-2', 'F', NULL, 578, 83, '1'),
(271, 10, 1, 'M-1', 'M', NULL, NULL, NULL, '1'),
(272, 10, 1, 'F-1', 'F', NULL, 95, 516, '1'),
(273, 11, 1, 'M-1', 'M', NULL, 528, 529, '1'),
(274, 11, 1, 'F-1', 'F', NULL, 530, 529, '1'),
(275, 12, 1, 'M-1', 'M', NULL, 531, 535, '1'),
(276, 12, 1, 'F-1', 'F', NULL, 555, 535, '1'),
(277, 13, 1, 'M-1', 'M', NULL, 556, 529, '1'),
(278, 13, 1, 'F-1', 'F', NULL, 561, 529, '1'),
(279, 14, 1, 'M-1', 'M', NULL, 526, 524, '1'),
(280, 14, 1, 'F-1', 'F', NULL, 525, 524, '1'),
(281, 15, 1, 'M-1', 'M', NULL, 502, 496, '1'),
(282, 15, 2, 'M-2', 'M', NULL, 503, 496, '1'),
(283, 15, 3, 'M-3', 'M', NULL, 504, 496, '1'),
(284, 15, 4, 'M-4', 'M', NULL, 505, 496, '1'),
(285, 15, 5, 'M-5', 'M', NULL, 506, 496, '1'),
(286, 15, 6, 'M-6', 'M', NULL, 507, 496, '1'),
(287, 15, 1, 'F-1', 'F', NULL, 497, 495, '1'),
(288, 15, 2, 'F-2', 'F', NULL, 498, 495, '1'),
(289, 15, 3, 'F-3', 'F', NULL, 499, 495, '1'),
(290, 15, 4, 'F-4', 'F', NULL, 500, 495, '1'),
(291, 15, 5, 'F-5', 'F', NULL, 501, 495, '1'),
(292, 16, 1, 'M-1', 'M', NULL, 338, 359, '1'),
(293, 16, 2, 'M-2', 'M', NULL, 339, 359, '1'),
(294, 16, 3, 'M-3', 'M', NULL, 340, 361, '1'),
(295, 16, 4, 'M-4', 'M', NULL, 342, 361, '1'),
(296, 16, 5, 'M-5', 'M', NULL, 343, 361, '1'),
(297, 16, 6, 'M-6', 'M', NULL, 344, 361, '1'),
(298, 16, 7, 'M-7', 'M', NULL, 346, 361, '1'),
(299, 16, 8, 'M-8', 'M', NULL, 348, 361, '1'),
(300, 16, 9, 'M-9', 'M', NULL, 351, 362, '1'),
(301, 16, 10, 'M-10', 'M', NULL, 353, 362, '1'),
(302, 16, 11, 'M-11', 'M', NULL, 367, 362, '1'),
(303, 16, 12, 'M-12', 'M', NULL, 369, 362, '1'),
(304, 16, 13, 'M-13', 'M', NULL, 370, 362, '1'),
(305, 16, 14, 'M-14', 'M', NULL, 371, 362, '1'),
(306, 16, 1, 'F-1', 'F', NULL, 309, 355, '1'),
(307, 16, 2, 'F-2', 'F', NULL, 312, 355, '1'),
(308, 16, 3, 'F-3', 'F', NULL, 378, 355, '1'),
(309, 16, 4, 'F-4', 'F', NULL, 317, 355, '1'),
(310, 16, 5, 'F-5', 'F', NULL, 319, 355, '1'),
(311, 16, 6, 'F-6', 'F', NULL, 321, 356, '1'),
(312, 16, 7, 'F-7', 'F', NULL, 324, 356, '1'),
(313, 16, 8, 'F-8', 'F', NULL, 329, 356, '1'),
(314, 16, 9, 'F-9', 'F', NULL, 332, 356, '1'),
(315, 16, 10, 'F-10', 'F', NULL, 333, 356, '1'),
(316, 16, 11, 'F-11', 'F', NULL, 335, 359, '1'),
(317, 16, 12, 'F-12', 'F', NULL, 336, 359, '1'),
(318, 16, 13, 'F-13', 'F', NULL, 337, 359, '1'),
(319, 17, 1, 'M-1', 'M', NULL, 373, 296, '1'),
(320, 17, 1, 'F-1', 'F', NULL, 374, 296, '1'),
(321, 18, 1, 'M-1', 'M', NULL, NULL, NULL, '1'),
(322, 18, 1, 'F-1', 'F', NULL, NULL, NULL, '1'),
(323, 19, 1, 'M-1', 'M', NULL, 382, 386, '1'),
(324, 19, 2, 'M-2', 'M', NULL, 527, 386, '1'),
(325, 19, 3, 'M-3', 'M', NULL, 383, 386, '1'),
(326, 19, 1, 'F-1', 'F', NULL, 377, 523, '1'),
(327, 19, 2, 'F-2', 'F', NULL, 379, 523, '1'),
(328, 19, 3, 'F-3', 'F', NULL, 380, 523, '1'),
(329, 20, 1, 'M-1', 'M', NULL, NULL, NULL, '1'),
(330, 20, 2, 'M-2', 'M', NULL, NULL, NULL, '1'),
(331, 20, 1, 'F-1', 'F', NULL, NULL, NULL, '1'),
(332, 20, 2, 'F-2', 'F', NULL, NULL, NULL, '1'),
(333, 21, 1, 'M-1', 'M', NULL, 392, 395, '1'),
(334, 21, 2, 'M-2', 'M', NULL, 393, 395, '1'),
(335, 21, 1, 'F-1', 'F', NULL, 390, 395, '1'),
(336, 21, 2, 'F-2', 'F', NULL, 391, 395, '1'),
(337, 22, 1, 'M-1', 'M', NULL, NULL, NULL, '1'),
(338, 22, 1, 'F-1', 'F', NULL, NULL, NULL, '1'),
(339, 23, 1, 'M-1', 'M', NULL, 412, 415, '1'),
(340, 23, 2, 'M-2', 'M', NULL, 413, 415, '1'),
(341, 23, 3, 'M-3', 'M', NULL, 414, 415, '1'),
(342, 23, 4, 'M-4', 'M', NULL, 416, 421, '1'),
(343, 23, 5, 'M-5', 'M', NULL, 417, 421, '1'),
(344, 23, 6, 'M-6', 'M', NULL, 418, 421, '1'),
(345, 23, 7, 'M-7', 'M', NULL, 419, 421, '1'),
(346, 23, 8, 'M-8', 'M', NULL, 420, 421, '1'),
(347, 23, 1, 'F-1', 'F', NULL, 399, 405, '1'),
(348, 23, 2, 'F-2', 'F', NULL, 400, 405, '1'),
(349, 23, 3, 'F-3', 'F', NULL, 401, 405, '1'),
(350, 23, 4, 'F-4', 'F', NULL, 402, 405, '1'),
(351, 23, 5, 'F-5', 'F', NULL, 404, 405, '1'),
(352, 23, 6, 'F-6', 'F', NULL, 406, 415, '1'),
(353, 23, 7, 'F-7', 'F', NULL, 411, 415, '1'),
(354, 24, 1, 'M-1', 'M', NULL, 423, 425, '1'),
(355, 24, 2, 'M-2', 'M', NULL, 424, 425, '1'),
(356, 24, 1, 'F-1', 'F', NULL, 422, 425, '1'),
(357, 24, 2, 'F-2', 'F', NULL, 511, 425, '1'),
(358, 25, 1, 'M-1', 'M', NULL, 431, 436, '1'),
(359, 25, 2, 'M-2', 'M', NULL, 432, 436, '1'),
(360, 25, 3, 'M-3', 'M', NULL, 433, 436, '1'),
(361, 25, 4, 'M-4', 'M', NULL, 434, 436, '1'),
(362, 25, 5, 'M-5', 'M', NULL, 435, 436, '1'),
(363, 25, 1, 'F-1', 'F', NULL, 426, 430, '1'),
(364, 25, 2, 'F-2', 'F', NULL, 427, 430, '1'),
(365, 25, 3, 'F-3', 'F', NULL, 428, 430, '1'),
(366, 25, 4, 'F-4', 'F', NULL, 429, 430, '1'),
(367, 26, 1, 'M-1', 'M', NULL, 438, 439, '1'),
(368, 26, 1, 'F-1', 'F', NULL, 437, 439, '1'),
(369, 27, 1, 'M-1', 'M', NULL, 513, 441, '1'),
(370, 27, 1, 'F-1', 'F', NULL, 440, 441, '1'),
(371, 28, 1, 'M-1', 'M', NULL, NULL, NULL, '1'),
(372, 28, 1, 'F-1', 'F', NULL, NULL, NULL, '1'),
(373, 29, 1, 'M-1', 'M', NULL, 559, 560, '1'),
(374, 29, 1, 'F-1', 'F', NULL, 560, 560, '1'),
(375, 30, 1, 'M-1', 'M', NULL, 444, 446, '1'),
(376, 30, 1, 'F-1', 'F', NULL, 442, 446, '1'),
(377, 31, 1, 'M-1', 'M', NULL, 461, 467, '1'),
(378, 31, 2, 'M-2', 'M', NULL, 462, 467, '1'),
(379, 31, 3, 'M-3', 'M', NULL, 463, 467, '1'),
(380, 31, 4, 'M-4', 'M', NULL, 464, 467, '1'),
(381, 31, 5, 'M-5', 'M', NULL, 465, 467, '1'),
(382, 31, 6, 'M-6', 'M', NULL, 466, 467, '1'),
(383, 31, 1, 'F-1', 'F', NULL, 454, 460, '1'),
(384, 31, 2, 'F-2', 'F', NULL, 455, 460, '1'),
(385, 31, 3, 'F-3', 'F', NULL, 456, 460, '1'),
(386, 31, 4, 'F-4', 'F', NULL, 457, 460, '1'),
(387, 31, 5, 'F-5', 'F', NULL, 458, 460, '1'),
(388, 31, 6, 'F-6', 'F', NULL, 459, 460, '1'),
(389, 32, 1, 'M-1', 'M', NULL, 448, 449, '1'),
(390, 32, 1, 'F-1', 'F', NULL, 447, 449, '1'),
(391, 33, 1, 'M-1', 'M', NULL, 451, 452, '1'),
(392, 33, 1, 'F-1', 'F', NULL, 450, 452, '1'),
(393, 34, 1, 'M-1', 'M', NULL, 469, 470, '1'),
(394, 34, 1, 'F-1', 'F', NULL, 468, 470, '1'),
(395, 35, 1, 'M-1', 'M', NULL, 491, 492, '1'),
(396, 35, 1, 'F-1', 'F', NULL, 490, 492, '1'),
(397, 36, 1, 'M-1', 'M', NULL, 480, 482, '1'),
(398, 36, 2, 'M-2', 'M', NULL, 481, 482, '1'),
(399, 36, 3, 'M-3', 'M', NULL, 483, 489, '1'),
(400, 36, 4, 'M-4', 'M', NULL, 484, 489, '1'),
(401, 36, 5, 'M-5', 'M', NULL, 485, 489, '1'),
(402, 36, 6, 'M-6', 'M', NULL, 486, 489, '1'),
(403, 36, 7, 'M-7', 'M', NULL, 487, 489, '1'),
(404, 36, 8, 'M-8', 'M', NULL, 488, 489, '1'),
(405, 36, 1, 'F-1', 'F', NULL, 471, 476, '1'),
(406, 36, 2, 'F-2', 'F', NULL, 472, 476, '1'),
(407, 36, 3, 'F-3', 'F', NULL, 473, 476, '1'),
(408, 36, 4, 'F-4', 'F', NULL, 474, 476, '1'),
(409, 36, 5, 'F-5', 'F', NULL, 475, 476, '1'),
(410, 36, 6, 'F-6', 'F', NULL, 477, 482, '1'),
(411, 36, 7, 'F-7', 'F', NULL, 478, 482, '1'),
(412, 36, 8, 'F-8', 'F', NULL, 479, 482, '1');

-- --------------------------------------------------------

--
-- Estructura de tabla para la tabla `migrations`
--

CREATE TABLE `migrations` (
  `id` int(10) UNSIGNED NOT NULL,
  `migration` varchar(255) COLLATE utf8mb4_unicode_ci NOT NULL,
  `batch` int(11) NOT NULL
) ENGINE=InnoDB DEFAULT CHARSET=utf8mb4 COLLATE=utf8mb4_unicode_ci;

--
-- Volcado de datos para la tabla `migrations`
--

INSERT INTO `migrations` (`id`, `migration`, `batch`) VALUES
(1, '2014_10_12_000000_create_users_table', 1),
(2, '2014_10_12_100000_create_password_resets_table', 1);

-- --------------------------------------------------------

--
-- Estructura de tabla para la tabla `observacion`
--

CREATE TABLE `observacion` (
  `IdObservacion` int(11) NOT NULL,
  `Detalle` varchar(450) DEFAULT NULL
) ENGINE=InnoDB DEFAULT CHARSET=utf8;

--
-- Volcado de datos para la tabla `observacion`
--

INSERT INTO `observacion` (`IdObservacion`, `Detalle`) VALUES
(1, 'La suma de los votos asignados no es igual a los votos validos'),
(2, 'El acta no tiene imagenes agregadas'),
(3, 'Los datos no concuerdan con el acta'),
(4, 'El delegano no cargo los datos del acta'),
(5, 'Observacion xd');

-- --------------------------------------------------------

--
-- Estructura de tabla para la tabla `parroquia`
--

CREATE TABLE `parroquia` (
  `IdParroquia` int(11) NOT NULL,
  `DetalleParroquia` varchar(100) NOT NULL,
  `ParrEstado` varchar(2) DEFAULT NULL
) ENGINE=InnoDB DEFAULT CHARSET=utf8;

--
-- Volcado de datos para la tabla `parroquia`
--

INSERT INTO `parroquia` (`IdParroquia`, `DetalleParroquia`, `ParrEstado`) VALUES
(1, 'CHONE', '1'),
(2, 'SANTA RITA', '1'),
(3, 'BOYACA', '1'),
(4, 'CHIBUNGA', '1'),
(5, 'CONVENTO', '1'),
(6, 'RICAURTE', '1'),
(7, 'CANUTO', '1'),
(8, 'SAN ANTONIO', '1'),
(9, 'ELOY ALFARO', '1');

-- --------------------------------------------------------

--
-- Estructura de tabla para la tabla `partido`
--

CREATE TABLE `partido` (
  `IdPartido` int(11) NOT NULL,
  `DetallePartido` varchar(400) NOT NULL,
  `Lista` varchar(400) NOT NULL,
  `PartidoEstado` int(11) DEFAULT NULL,
  `urlFoto` varchar(450) DEFAULT NULL,
  `orden` int(11) DEFAULT NULL
) ENGINE=InnoDB DEFAULT CHARSET=latin1;

--
-- Volcado de datos para la tabla `partido`
--

INSERT INTO `partido` (`IdPartido`, `DetallePartido`, `Lista`, `PartidoEstado`, `urlFoto`, `orden`) VALUES
(1, 'ALIANZA MOVIMIENTO CREO LISTAS 21 - MOVIMIENTO SI PODEMOS LISTAS 72 - MOVIMIENTO CAMINEMOS LISTAS 125', '21', NULL, '1551730083_creo.png', 14),
(2, 'ALIANZA POR LA UNIDAD MANABITA PARTIDO SOCIAL CRISTIANO LISTAS 6 - MOVIMIENTO UNIDAD PRIMERO LISTAS 65', '6-65', NULL, '1551450172_PSC.jpg', 5),
(3, 'FUERZA.EC', '10', NULL, '1551278572_1551041117_FE.jpg', 9),
(4, 'ALIANZA OPORTUNIDAD Y CAMBIO - MOVIMIENTO ALIANZA PAÍS LISTA 35 - MOVIMIENTO CENTRO DEMOCRÁTICO LISTA 1- PARTIDO SOCIALISTA ECUATORIANO LISTA 17 - MOVIMIENTO DEMOCRACIA SI LISTA 20 - MOVIMIENTO MEJOR LISTA 100', '35', NULL, '1551278736_1551196930_images.jpg', 16),
(5, 'MOVIMIENTO JUSTICIA SOCIAL', '11', NULL, '1551279009_11.png', 10),
(6, 'MOVIMIENTO SOCIEDAD UNIDA MAS ACCIÓN, SUMA', '23', NULL, '1551279063_1551196612_SUMA.jpg', 15),
(7, 'MACHETE', '61', NULL, '1551279106_1551046959_MACHETE.jpg', 18),
(8, 'PARTIDO SOCIEDAD PATRIÓTICA 21 DE ENERO', '3', NULL, '1551279244_socieda patriotic.png', 2),
(9, 'IZQUIERDA DEMOCRÁTICA', '12', NULL, '1551279328_1550953292_ID.jpg', 11),
(10, 'UNIDAD POPULAR', '2', NULL, '1551731819_unidad popular.png', 1),
(11, 'MOVIMIENTO CONCERTACIÓN', '51', NULL, '1551279551_cropped-logo-concertacic3b3n.jpg', 17),
(12, 'MOVIMIENTO ECUATORIANO UNIDO', '4', NULL, '1551280042_4.jpg', 3),
(13, 'MOVIMIENTO NUEVA GENERACIÓN', '95', NULL, '1551280148_nueva generacion.jpg', 19),
(14, 'MOVIMIENTO CAMBIO POSITIVO', '108', NULL, '1551280508_cambio.png', 20),
(17, 'PRIAN', '7', NULL, '1551406826_7.png', 6),
(19, 'MOVIMIENTO FUERZA COMPROMISO SOCIAL', '5', NULL, '1552077798_FUERZA.jpg', 4),
(20, 'ALIANZA POR EL DESARROLLO DE MANABI - MOVIMIENTO AVANZA LISTA 8 - MOVIMIENTO JUSTICIA SOCIAL LISTA 11 - PARTIDO IZQUIERDA DEMOCRATICA LISTA 12 - MOVIMIENTO DE ACCIÓN CIVICA DE HOMBRES Y MUJERES POR LA ETICA EL TRABAJO Y LA SALTA', '8-11-12-61', NULL, '1552078334_LogoPartido_Político_Avanza.png', 7),
(21, 'MOVIMIENTO LIBERTAD ES PUEBLO, LEP', '9', NULL, '1552079059_9.jpg', 8),
(22, 'MOVIMIENTO DE UNIDAD PLURINACIONAL PACHAKUTIK', '18', NULL, '1552079356_18.jpg', 12),
(23, 'UNIÓN ECUATORIANA', '19', NULL, '1552079634_19.jpg', 13);

-- --------------------------------------------------------

--
-- Estructura de tabla para la tabla `password_resets`
--

CREATE TABLE `password_resets` (
  `email` varchar(255) COLLATE utf8mb4_unicode_ci NOT NULL,
  `token` varchar(255) COLLATE utf8mb4_unicode_ci NOT NULL,
  `created_at` timestamp NULL DEFAULT NULL
) ENGINE=InnoDB DEFAULT CHARSET=utf8mb4 COLLATE=utf8mb4_unicode_ci;

-- --------------------------------------------------------

--
-- Estructura de tabla para la tabla `recinto`
--

CREATE TABLE `recinto` (
  `IdRecinto` int(11) NOT NULL,
  `RecintoDetalle` varchar(100) NOT NULL,
  `Descripcion` varchar(100) DEFAULT NULL,
  `CantJuntas` int(11) DEFAULT NULL,
  `CantMas` int(11) DEFAULT NULL,
  `CantFem` int(11) DEFAULT NULL,
  `Direccion` varchar(100) DEFAULT NULL,
  `CantElectores` int(11) DEFAULT NULL,
  `JuntaIniMas` int(11) DEFAULT NULL,
  `JuntaFinMas` int(11) DEFAULT NULL,
  `JuntaIniFem` int(11) DEFAULT NULL,
  `JuntaFinFem` int(11) DEFAULT NULL,
  `IdParroquia` int(11) DEFAULT NULL,
  `RecEstado` varchar(2) DEFAULT NULL,
  `idCoordinador` int(1) DEFAULT NULL,
  `Zona` varchar(45) DEFAULT NULL
) ENGINE=InnoDB DEFAULT CHARSET=utf8;

--
-- Volcado de datos para la tabla `recinto`
--

INSERT INTO `recinto` (`IdRecinto`, `RecintoDetalle`, `Descripcion`, `CantJuntas`, `CantMas`, `CantFem`, `Direccion`, `CantElectores`, `JuntaIniMas`, `JuntaFinMas`, `JuntaIniFem`, `JuntaFinFem`, `IdParroquia`, `RecEstado`, `idCoordinador`, `Zona`) VALUES
(1, '', 'UNIDAD EDUCATIVA AUGUSTO SOLORZANO HOYOS', 27, 13, 14, 'AVENIDA ELOY ALFARO', 9450, 1, 13, 1, 14, 1, '1', 41, 'Urbana'),
(2, '', 'UNIDAD EDUCATIVA SAN CAYETANO DE CHONE', 23, 11, 12, 'AVENIDA MARCOS ARAY DUEÑAS', 8050, 14, 24, 15, 26, 1, '1', 44, 'Urbana'),
(3, '', 'UNIDAD EDUCATIVA MAGALY MASSON', 34, 17, 17, 'AVENIDA ELOY ALFARO', 11900, 25, 41, 27, 43, 1, '1', 52, 'Urbana'),
(4, '', 'UNIDAD EDUCATIVA EUGENIO ESPEJO', 34, 17, 17, 'MALECON CINCO DE JUIO Y QUENEDY', 11900, 42, 58, 44, 60, 1, '1', 360, 'Urbana'),
(5, '', 'UNIDAD EDUCATIVA AURELIO SALAZAR', 23, 11, 12, 'AVENIO MARCOS ARAY DUEÑAS', 8050, 59, 69, 61, 72, 1, '1', 43, 'Urbana'),
(6, '', 'ESCUELA REPUBLICA DE MEXICO', 18, 9, 9, 'AVENIDA ELOY ALFARO', 6100, 70, 78, 73, 81, 1, '1', 508, 'Urbana'),
(7, '', 'UNIDAD EDUCATIVA IBARRA DOS', 16, 8, 8, 'EMILIO HIDALGO-SANTA RITA', 5600, 1, 8, 1, 8, 2, '1', 521, 'Urbana'),
(8, '', 'UNIDAD EDUCATIVA EL BEJUCAL', 17, 9, 8, 'KM 2 VIA CHONE-SANTA RITA', 5884, 9, 17, 9, 16, 2, '1', 45, 'Urbana'),
(9, '', 'ESCUELA MERCEDES AVEIGA DE ZAMBRANO', 4, 2, 2, 'VIA AL RIO - PUERTO EL MATE', 978, 1, 2, 1, 2, 2, '1', 299, 'Urbana'),
(10, '', 'UNIDAD EDUCATIVA \"TIWINZA\"', 2, 1, 1, 'Vía Principal Comunidad San Pedro- CARRASCO', 451, 1, 1, 1, 1, 2, '1', 516, 'Urbana'),
(11, '', 'UNIDAD EDUCATIVA BÁSICA MANUEL ACOSTA MERO', 2, 1, 1, 'CAPILLA DE ÑAUSE- ÑAUSE', 359, 1, 1, 1, 1, 2, '1', 552, 'Urbana'),
(12, '', 'UNIDAD EDUCATIVA \"EL PUEBLITO\"', 2, 1, 1, 'EL PUEBLITO DE RIO GRANDE', 458, 1, 1, 1, 1, 2, '1', 535, 'Urbana'),
(13, '', 'UNIDAD EDUCATIVA LEON TOLSTOY', 2, 1, 1, 'VIA BEJUCO PLATANAL- QUEBRADA DEL BEJUCO', 455, 1, 1, 1, 1, 2, '1', 529, 'Urbana'),
(14, '', 'UNIDAD EDUCATIVA DEL MILENIO CARLOS MARIA CASTRO', 2, 1, 1, 'VIA CHONE TRES PUNTAS- TABLADA DE SANCHEZ', 176, 1, 1, 1, 1, 2, '1', 524, 'Urbana'),
(15, '', 'UNIDAD EDUCATIVA BOYACÁ #48', 11, 6, 5, 'MIGUEL PÁRRAGA Y ELOY ALFARO', 3776, 1, 6, 1, 5, 3, '1', 494, 'Rural'),
(16, '', 'UNIDAD EDUCATIVA CARLOS POMERIO ZAMBRANO', 27, 14, 13, 'FLORIDA VIA CALCETA- CANUTO', 9169, 1, 14, 1, 13, 7, '1', 327, 'Rural'),
(17, '', 'UNIDAD EDUCATIVA DEL MILENIO TEMISTOCLE CHICA SALDARRIAGA', 2, 1, 1, 'SAN PABLO- SAN PABLO DE TARUGO', 226, 1, 1, 1, 1, 7, '1', 296, 'Rural'),
(18, '', 'UNIDAD BASICA MANUEL DEL JESUS REAL', 2, 1, 1, 'VIA A CONVENTO- BOCA DE BARBUDAL', 221, 1, 1, 1, 1, 4, '1', NULL, 'Rural'),
(19, '', 'UNIDAD EDUCATIVA FRANK VARGAS PAZZOS', 6, 3, 3, 'VIA INGRESO A LA CABECERA PARROQUIAL CHIBUNGA', 1887, 1, 3, 1, 3, 4, '1', 522, 'Rural'),
(20, '', 'UNIDAD EDUCATIVA 22 DE AGOSTO', 4, 2, 2, 'VIA PEDERNALES- SAN FRANCISCO DE YAHUILA', 1014, 1, 2, 1, 2, 4, '1', 553, 'Rural'),
(21, '', 'UNIDAD EDUCATIVA BOCANA DEL BUA', 4, 2, 2, 'ELIECER BRAVO- SAN JUAN DE BUA', 1032, 1, 1, 1, 2, 4, '1', 510, 'Rural'),
(22, '', 'ESCUELA DE EDUCACIÓN BÁSICA LIBERTADOR SIMÓN BOLIVAR', 2, 1, 1, 'VÍA EL CARMEN PEDERNALES KM31 MARGEN IZQUIERDO- STA. ROSA DE CUCHARA', 237, 1, 8, 1, 1, 4, '1', 554, 'Rural'),
(23, '', 'ESCUELA DE EDUCACION BASICA DR JOSE MARIA VELASCO I', 15, 8, 7, '1° DE MAYO- P. CONVENTO', 5223, 1, 2, 1, 7, 5, '1', 410, 'Rural'),
(24, '', 'UNIDAD EDUCATIVA SIGLO XXI \"CAYAMBE\"', 4, 2, 2, 'VIA CHONE SAN ISIDRO- CUCUY', 900, 1, 5, 1, 2, 9, '1', 425, 'Rural'),
(25, '', 'UNIDAD EDUCATIVA MANUEL CASTILLO HIDALGO', 9, 5, 4, 'CALLE NAPO Y 1era TRANSVERSAL- ELOY ALFARO', 2678, 1, 1, 1, 4, 9, '1', 518, 'Rural'),
(26, '', 'UNIDAD EDUCATIVA BASICA FISCAL PASCACIO FLORES DE VALGAS', 2, 1, 1, 'VIA ZAPALLO CONVENTO- LAS PIEDRAS', 551, 1, 1, 1, 1, 9, '1', 439, 'Rural'),
(27, '', 'ESCUELA DE EDUCACION BASICA \"PETRA VERDUGA DE ALCIVAR\"', 2, 1, 1, 'VIA DANDA CHONE-FLAVIO ALFARO- COLORADO', 370, 1, 1, 1, 1, 6, '1', 441, 'Rural'),
(28, '', 'UNIDAD EDUCATIVA CARMELINA TEÓFILA MOREIRA', 2, 1, 1, 'ENTRADA A GARRAPATILLA-SAN FRANCISCO-LA ENSILLADA- LAS GARZAS', 215, 1, 1, 1, 1, 6, '1', NULL, 'Rural'),
(29, '', 'ESCUELA FISCAL MIXTA DR AMADO AIZPRUA PARRAGA', 2, 1, 1, 'VIA NUEVO ORIZONTE- NUEVO BACHILLERO', 106, 1, 1, 1, 1, 6, '1', 559, 'Rural'),
(30, '', 'JUNTA DE AGUA PAVON', 2, 1, 1, 'VIA CHONE-QUITO- PAVON', 608, 1, 1, 1, 1, 6, '1', 446, 'Rural'),
(31, '', 'UNIDAD EDUCATIVA COLÓN ARTEAGA GARCÍA SIGLO XXI', 12, 6, 6, 'VIA CHONE-QUITO KM 17 1/2- RICAURTE', 3903, 1, 6, 1, 6, 6, '1', 514, 'Rural'),
(32, '', 'CASA COMUNAL RIO SANTO', 2, 1, 1, 'AV PRINCIPAL RIO SANTO- RIO SANTO', 149, 1, 1, 1, 1, 6, '1', 449, 'Rural'),
(33, '', 'ESCUELA FISCAL MIXTA DEMETRIO ZAMBRANO VERA', 2, 1, 1, 'VÍA CHONE FLAVIO ALFARO- SESME', 263, 1, 1, 1, 1, 6, '1', 452, 'Rural'),
(34, '', 'UNIDAD BARQUERO', 2, 1, 1, 'AV BUENA ESPERANZA- BARQUERO', 612, 1, 1, 1, 1, 8, '1', 470, 'Rural'),
(35, '', 'UNIDAD EDUCATIVA RAQUEL INTRIAGO DE HIDALGO', 2, 1, 1, 'VÍA BOYACÁ- BRAVOS CHICOS', 600, 1, 1, 1, 1, 8, '1', 492, 'Rural'),
(36, '', 'UNIDAD EDUCATIVA MORALES ASCAZUBI', 16, 8, 8, 'YON GREY - SAN ANTONIO DEL PELUDO', 5209, 1, 8, 1, 8, 8, '1', 397, 'Rural');

-- --------------------------------------------------------

--
-- Estructura de tabla para la tabla `recinto_rpta`
--

CREATE TABLE `recinto_rpta` (
  `idrecinto_rpta` int(11) NOT NULL,
  `idrecinto` int(11) DEFAULT NULL,
  `idrpta` int(11) DEFAULT NULL
) ENGINE=InnoDB DEFAULT CHARSET=latin1;

--
-- Volcado de datos para la tabla `recinto_rpta`
--

INSERT INTO `recinto_rpta` (`idrecinto_rpta`, `idrecinto`, `idrpta`) VALUES
(2, 4, 20),
(3, 4, 1),
(4, 4, 7);

-- --------------------------------------------------------

--
-- Estructura de tabla para la tabla `rec_dig`
--

CREATE TABLE `rec_dig` (
  `idrec_dig` int(11) NOT NULL,
  `IdDignidad` int(11) DEFAULT NULL,
  `IdRecinto` int(11) DEFAULT NULL
) ENGINE=InnoDB DEFAULT CHARSET=utf8;

--
-- Volcado de datos para la tabla `rec_dig`
--

INSERT INTO `rec_dig` (`idrec_dig`, `IdDignidad`, `IdRecinto`) VALUES
(1, 1, 1),
(2, 2, 1),
(3, 3, 1),
(4, 6, 1),
(5, 1, 2),
(6, 2, 2),
(7, 3, 2),
(8, 6, 2),
(9, 1, 3),
(10, 2, 3),
(11, 3, 3),
(12, 6, 3),
(13, 1, 4),
(14, 2, 4),
(15, 3, 4),
(16, 6, 4),
(17, 1, 5),
(18, 2, 5),
(19, 3, 5),
(20, 6, 5),
(21, 1, 6),
(22, 2, 6),
(23, 3, 6),
(24, 6, 6),
(25, 1, 7),
(26, 2, 7),
(27, 3, 7),
(28, 6, 7),
(29, 1, 8),
(30, 2, 8),
(31, 3, 8),
(32, 6, 8),
(33, 1, 9),
(34, 2, 9),
(35, 4, 9),
(36, 5, 9),
(37, 6, 9),
(38, 1, 10),
(39, 2, 10),
(40, 4, 10),
(41, 5, 10),
(42, 6, 10),
(43, 1, 11),
(44, 2, 11),
(45, 4, 11),
(46, 5, 11),
(47, 6, 11),
(48, 1, 12),
(49, 2, 12),
(50, 4, 12),
(51, 5, 12),
(52, 6, 12),
(53, 1, 13),
(54, 2, 13),
(55, 4, 13),
(56, 5, 13),
(57, 6, 13),
(58, 1, 14),
(59, 2, 14),
(60, 4, 14),
(61, 5, 14),
(62, 6, 14),
(63, 1, 15),
(64, 2, 15),
(65, 4, 15),
(66, 5, 15),
(67, 6, 15),
(68, 1, 16),
(69, 2, 16),
(70, 4, 16),
(71, 5, 16),
(72, 6, 16),
(73, 1, 17),
(74, 2, 17),
(75, 4, 17),
(76, 5, 17),
(77, 6, 17),
(78, 1, 18),
(79, 2, 18),
(80, 4, 18),
(81, 5, 18),
(82, 6, 18),
(83, 1, 19),
(84, 2, 19),
(85, 4, 19),
(86, 5, 19),
(87, 6, 19),
(88, 1, 20),
(89, 2, 20),
(90, 4, 20),
(91, 5, 20),
(92, 6, 20),
(93, 1, 21),
(94, 2, 21),
(95, 4, 21),
(96, 5, 21),
(97, 6, 21),
(98, 1, 22),
(99, 2, 22),
(100, 4, 22),
(101, 5, 22),
(102, 6, 22),
(103, 1, 23),
(104, 2, 23),
(105, 4, 23),
(106, 5, 23),
(107, 6, 23),
(108, 1, 24),
(109, 2, 24),
(110, 4, 24),
(111, 5, 24),
(112, 6, 24),
(113, 1, 25),
(114, 2, 25),
(115, 4, 25),
(116, 5, 25),
(117, 6, 25),
(118, 1, 26),
(119, 2, 26),
(120, 4, 26),
(121, 5, 26),
(122, 6, 26),
(123, 1, 27),
(124, 2, 27),
(125, 4, 27),
(126, 5, 27),
(127, 6, 27),
(128, 1, 28),
(129, 2, 28),
(130, 4, 28),
(131, 5, 28),
(132, 6, 28),
(133, 1, 29),
(134, 2, 29),
(135, 4, 29),
(136, 5, 29),
(137, 6, 29),
(138, 1, 30),
(139, 2, 30),
(140, 4, 30),
(141, 5, 30),
(142, 6, 30),
(143, 1, 31),
(144, 2, 31),
(145, 4, 31),
(146, 5, 31),
(147, 6, 31),
(148, 1, 32),
(149, 2, 32),
(150, 4, 32),
(151, 5, 32),
(152, 6, 32),
(153, 1, 33),
(154, 2, 33),
(155, 4, 33),
(156, 5, 33),
(157, 6, 33),
(158, 1, 34),
(159, 2, 34),
(160, 4, 34),
(161, 5, 34),
(162, 6, 34),
(163, 1, 35),
(164, 2, 35),
(165, 4, 35),
(166, 5, 35),
(167, 6, 35),
(168, 1, 36),
(169, 2, 36),
(170, 4, 36),
(171, 5, 36),
(172, 6, 36);

-- --------------------------------------------------------

--
-- Estructura de tabla para la tabla `resultado`
--

CREATE TABLE `resultado` (
  `IdResultado` int(11) NOT NULL,
  `IdActa` int(11) DEFAULT NULL,
  `IdCandidato` int(11) DEFAULT NULL,
  `NroVotos` int(11) DEFAULT NULL,
  `ResulEstado` varchar(2) DEFAULT NULL
) ENGINE=InnoDB DEFAULT CHARSET=utf8;

--
-- Volcado de datos para la tabla `resultado`
--

INSERT INTO `resultado` (`IdResultado`, `IdActa`, `IdCandidato`, `NroVotos`, `ResulEstado`) VALUES
(3787, 952, 19, 0, '0'),
(3788, 952, 18, 0, '0'),
(3789, 952, 15, 0, '0'),
(3790, 952, 12, 0, '0'),
(3791, 952, 14, 0, '0'),
(3792, 952, 10, 0, '0'),
(3793, 952, 16, 0, '0'),
(3794, 952, 8, 0, '0'),
(3795, 952, 11, 0, '0'),
(3796, 952, 17, 90, '0'),
(3797, 952, 13, 0, '0'),
(3798, 952, 9, 0, '0'),
(3799, 952, 7, 0, '0'),
(3800, 952, 30, 0, '0');

-- --------------------------------------------------------

--
-- Estructura de tabla para la tabla `tipousuario`
--

CREATE TABLE `tipousuario` (
  `IdTipoUsuario` int(11) NOT NULL,
  `Descripcion` varchar(50) NOT NULL
) ENGINE=InnoDB DEFAULT CHARSET=latin1;

--
-- Volcado de datos para la tabla `tipousuario`
--

INSERT INTO `tipousuario` (`IdTipoUsuario`, `Descripcion`) VALUES
(1, 'AD'),
(2, 'CO'),
(3, 'SU'),
(4, 'DE'),
(5, 'RE'),
(6, 'IG'),
(12, 'RPTA');

-- --------------------------------------------------------

--
-- Estructura de tabla para la tabla `users`
--

CREATE TABLE `users` (
  `id` int(10) UNSIGNED NOT NULL,
  `IdTipoUsuario` int(11) DEFAULT NULL,
  `name` varchar(255) COLLATE utf8mb4_unicode_ci NOT NULL,
  `email` varchar(255) COLLATE utf8mb4_unicode_ci NOT NULL,
  `email_verified_at` timestamp NULL DEFAULT NULL,
  `password` varchar(255) COLLATE utf8mb4_unicode_ci NOT NULL,
  `cedula` varchar(255) COLLATE utf8mb4_unicode_ci DEFAULT NULL,
  `telefono` varchar(255) COLLATE utf8mb4_unicode_ci DEFAULT NULL,
  `referencia` varchar(255) COLLATE utf8mb4_unicode_ci DEFAULT NULL,
  `remember_token` varchar(100) COLLATE utf8mb4_unicode_ci DEFAULT NULL,
  `created_at` timestamp NULL DEFAULT NULL,
  `updated_at` timestamp NULL DEFAULT NULL,
  `IdRecinto` int(11) DEFAULT NULL,
  `clave` varchar(45) COLLATE utf8mb4_unicode_ci DEFAULT NULL
) ENGINE=InnoDB DEFAULT CHARSET=utf8mb4 COLLATE=utf8mb4_unicode_ci;

--
-- Volcado de datos para la tabla `users`
--

INSERT INTO `users` (`id`, `IdTipoUsuario`, `name`, `email`, `email_verified_at`, `password`, `cedula`, `telefono`, `referencia`, `remember_token`, `created_at`, `updated_at`, `IdRecinto`, `clave`) VALUES
(1, 1, 'Adrian', 'adrianalcivar91@gmail.com', NULL, '$2y$10$bD5dbC2EV191veUEu0cxfOZYi8YoWtgK9T1HNWdbLHRMiDY97Izze', '1312499625', '0991037242', '123', 'TvxTn7iMO9T23sGpOZlm04JwDR2QoBtlRqEeOvLokQo5YlCnP8HUcKl4B2zA', '2019-02-23 17:15:56', '2019-03-23 07:17:28', 1, '0289'),
(7, 1, 'Leoanardo Arteaga', 'leonardoarteagapaz@gmail.com', NULL, '$2y$10$44Lyysi5G8Oh1rTnydRF3OFbQSQrURO34/3O10EQuyzu3V8CMw7TC', '1309597704', '0991037242', '123', 'w4MAATJzBsNChroDIB78KWhJOsDFY3IpSv53Nu40V3YfINEIu2LEsSeHP0g7', '2019-02-23 18:02:42', '2019-03-23 07:17:28', 1, '9729'),
(10, 1, 'Jose Sabando', 'jose@gmail.com', NULL, '$2y$10$EHYtT5G7KKpRc63nwie1m.yakNKPPYthW2QzLaXHhVgXQDU1hQzBW', '1315221562', '0979932503', 'N/A', 'aUUAFDHgA503KOK9Ya5RHeH9V8SX9B55NL06MuWXVMMkYKKp5I2WRKnA4OuG', NULL, '2019-03-23 07:17:28', 1, '6025'),
(11, 1, 'Holger Vidal', 'holgervidal91@gmail.com', NULL, '$2y$10$K9knUI3b8cdnfMxUU9QxJur4kYd9O3HUjWQvWG8AeHLBUqKpJybH2', '1315139483', '0996182301', 'N/A', 'iLg7Vcnuitg3vHW5u51b4njFAllfJhIJem3teqdQNM9hX1qm5YyjPwecqa3A', NULL, '2019-03-23 07:17:28', 1, '1495'),
(41, 2, 'Senia Iraiza Aizprua', '1305524009@gmail.com', NULL, '$2y$10$uuTswn/Yrh6lqtSqhbI1Yep4l9oieiaGoFnRKx9hZMhsq53ewpyMO', '1305524009', '0994557420', 'n/a', '41ZTg5QeMD85PlKCNkblJypg6vcIaCrNFSxmXhJuPmvbOmLIj6PkEaN09JR5', '2019-03-11 22:31:17', '2019-03-23 07:17:28', NULL, '3958'),
(43, 2, 'DARWIN RAFAEL ZAMBRANO VERA', '1307032258@gmail.com', NULL, '$2y$10$1XCstfT78QQkOZk9bdVZUumt48MDDH54ZdAA80OM1O60vrj8.Igxy', '1307032258', '0991168906', 'n/a', 'kTFSSgpCH8zvCC2RUIeatdTkfRjIn7mgd6TeGjGPZOHZron9sSTpdNZqLxss', '2019-03-11 22:47:38', '2019-03-23 07:17:28', NULL, '4372'),
(44, 2, 'Maria Teodora Vera Cedeño', '1307512861@gmail.com', NULL, '$2y$10$a7fk9Vxxr1a2WaMJ63FmC.6Fj8HrRvxvmo8RzE//xjtYXjOa8UWIS', '1307512861', '0969954721', 'n/a', 'Lr2TZqGB4jDiCjRGG6yCWnPTIFOitBGayquNrmkCPRFAK4GlvlE0O9nqlPNQ', '2019-03-11 22:50:20', '2019-03-23 07:17:28', NULL, '2194'),
(45, 2, 'Luis Fernando Vera Cedeño', '1306640622@gmail.com', NULL, '$2y$10$trYT9.V0eHx41JaIVdB5..e7eF3Pt.3hxxVzEtP2JeLsRZ9AWmGM6', '1306640622', '0969073515', 'n/a', 'AVUIhTOewrdpj9MzjXPAbkEL1HaUGWhXQuawDZJiTMuSZLSU8IE8vI3gUpeg', '2019-03-11 22:51:46', '2019-03-23 07:17:29', NULL, '8782'),
(48, 4, 'ÁLAVA ZAMBRANO CHERILL GEMITA', '1312056557@gmail.com', NULL, '$2y$10$ZKyVKJqpGfxYMP2Q2rHnZuOGGYYnecteCHRZ3T.3w3lhfBJV83IbG', '1312056557', '0980465342', 'TERMINAL', 'Q9P6510vH1WmLqrzXBord5JqyVX0Hpv5uI0StwTxQDFjBDki5qDkZHVB1JId', '2019-03-11 23:05:55', '2019-03-23 07:17:29', NULL, '4243'),
(49, 4, 'ÁLAVA ALCÍVAR EULIN FERNANDO', '1719555748@gmail.com', NULL, '$2y$10$jYmwHEocU6smvWvxe7yFROz1AYJJ/9YLviBgVzWp44yl5VB8nURdu', '1719555748', '0982053658', 'N/A', 'i518RcHWOcuRNbSvWjztk9Zk3xK8eUbBsTozp3opV8T5L6DT4MsEshnHinDk', '2019-03-11 23:07:30', '2019-03-23 07:17:29', NULL, '9605'),
(50, 4, 'ALCÍVAR FERRÍN SILVIA GREGORIA', '1306198449@gmail.com', NULL, '$2y$10$K0hUnLXX.0C3fPaEVlfFqedf9afPiJoc9SeNcNaWS/rQre7duY4Pa', '1306198449', '0960664806', 'N/A', 'pOSChRDt80ZfmJ8XmRbjPEn3EraFPs4UBXoqOcDLQLiiHcnONBusUJupfTgP', '2019-03-11 23:11:12', '2019-03-23 07:17:29', NULL, '5961'),
(51, 4, 'Alcivar García José Fernando', '1310045818@gmail.com', NULL, '$2y$10$7fjyezF9dfl5n.7PEd7OPeG796X0AgZwuatVNV3DB/vzviH/0oDVW', '1310045818', '0939959846', 'Asistente de Desarrollo Economico', 'jbwpztTlXabjFYsmAjuBS0rHqJkC1mr4QyHqqPCqTQ22a7CSnwPKh0uGI0Zh', '2019-03-11 23:12:50', '2019-03-23 07:17:29', NULL, '5859'),
(52, 2, 'Enrique Mackay', '1304037920@gmail.com', NULL, '$2y$10$rEYQGxBLBu.4zrOVr9uKHug/9adz2VLt7Jy86aOSZh0/34fONreCe', '1304037920', '0995098600', 'n/a', 'Ddw4yTi29EPPIjvorEEEhKDDBeiZd20XAhZazHifu7vG7d2kQA3apESuHqd9', '2019-03-11 23:56:25', '2019-03-23 07:17:29', NULL, '5661'),
(53, 4, 'ALCÍVAR HERNÁNDEZ JOSSELIN MERCEDES', '1313707109@gmail.com', NULL, '$2y$10$1XGdXwA.gJN9copdQ1u5suhjlgThi.LnwFTzpY/.fEgAAhAM7l1/2', '1313707109', '0967846331', 'N/A', 'EdvoLwDt6Ym0PiiD0MudBbSEMu3FI90xLmvKkUfuAm8E68SWEhyO4KPcQT4p', '2019-03-11 23:57:54', '2019-03-23 07:17:29', NULL, '0281'),
(54, 3, 'Alcívar Zambrano Jelta Ines', '1307024495@gmail.com', NULL, '$2y$10$dCSbIYo8frUXBQDFM3IspumZodBCw1jauJrFnjQ.HoJhPVPbQjpmq', '1307024495', '0980466053', 'Analista de Transito y Transporte 1', 'L25sGeYC0bmFIEDVCXHJiZMsXd4xOk2VB84csmoSOWKfDKfdgAlSp6AwXl21', '2019-03-11 23:59:53', '2019-03-23 07:17:29', NULL, '8890'),
(55, 4, 'ALCÍVAR VITE ÁNGELA MARÍA', '1315620599@gmail.com', NULL, '$2y$10$7FMZthIuCnplUqVM35Q1P.QGYxMQaTCiOWgLSypZ8UqOj5iXBNQWi', '1315620599', '0989551709', 'SRA. SENIA', '2vzoE7vpsgZDnOp9Z3cw0cztpvvsScbFhfA8P2y6nCCtarnFdOVMzJq3i0Ds', '2019-03-12 00:01:46', '2019-03-23 07:17:30', NULL, '5211'),
(56, 4, 'Arteaga Rosado José Fabian', '1312055773@gmail.com', NULL, '$2y$10$WcptqnXODm3wLYHBF/XuSOtdz2T1bTmNpvjVQKl4Ls2HaSLXEOdfa', '1312055773', '0986532335', 'Analista de Transito y Ransporte 2', '8H9xI8GA2zv6SYVyAii7YY0da8UnrxDHdKbHNoBCCg4b7j4qRTXDEct2LUPX', '2019-03-12 00:04:52', '2019-03-23 07:17:30', NULL, '0013'),
(57, 4, 'ALMEIDA ARÁUZ CARLOS ADRIÁN', '1312253345@gmail.com', NULL, '$2y$10$mlOTlA7zfARvW/jYja7SBeQ/eeBDZSHrOPnTTZbnlOGilnoAfYhUm', '1312253345', '0939984133', 'SRA. SENIA', 'wyCCmQ9hLo0LB7QDyzRkELOZG74csIE6OaEsUJaCYeDTFZPZIEcVAtVQw5u8', '2019-03-12 00:06:54', '2019-03-23 07:17:30', NULL, '3564'),
(58, 4, 'ALCÍVAR ZAMBRANO DANNY ISRAEL', '1308954575@gmail.com', NULL, '$2y$10$JJj2IUHx/FEzFa8vvaK2IeiFhz8yj7p6iLF8YpQ60Z4u9Nv78LToq', '1308954575', '0990745842', 'SRA. SENIA', '5WwUjEe6t7ZnqId88GDdwqxDuPPjpvXTqNBScTpdyOeOT3BHq4hb7tADhhQ0', '2019-03-12 00:07:42', '2019-03-23 07:17:30', NULL, '9918'),
(59, 3, 'Barre Zambrano María Dolores', '1311440919@gmail.com', NULL, '$2y$10$0J7cpBfxlWi0dtZVwwcXCeaBa.CaQ9yJ52zebKxnBNvbI7d8pEcs2', '1311440919', '0982936136', 'Veterinario', '3zLtOb9GfCDJ7vQV4waGlq2PRKLNWvhWn2VV9RR5OsNlHI6kzh9czCzdk79S', '2019-03-12 00:09:21', '2019-03-23 07:17:30', NULL, '6336'),
(60, 3, 'Aizprua Marin Maria Lorena', '0916082936@gmail.com', NULL, '$2y$10$qdoyGh9qV9hMphlTjZAGX.4Z/ig6J0z8wc9rWog4Hf/8AdcmUWr2O', '0916082936', '0979809438', 'SRA. SENIA', '9WY00B95NnpB9e9ABmy5iishFVCHYPtv7HN7MrOeDvyoeZid8jT6Kblp4N8Z', '2019-03-12 00:11:29', '2019-03-23 07:17:30', NULL, '4331'),
(61, 4, 'ALCÍVAR LOOR MAYRA ALEJANDRA', '1313795831@gmail.com', NULL, '$2y$10$uBtvymzK79ESsS.4XhWKVuU6poG02xhFHBv2BRenpFi4QfC1szZu.', '1313795831', '0982402918', 'SRA. SENIA', 'abSmsvt5JLzUVzNiabn4UotlVVaUuFVUb03vGtgT7E226zYRZY3Wm1eWIMmC', '2019-03-12 00:13:26', '2019-03-23 07:17:30', NULL, '8505'),
(62, 4, 'Barre Castro Manuel Antonio', '1302614381@gmail.com', NULL, '$2y$10$0IiRw1Irqc6ExHCh2h106ODPYSv8VniKa5.1DeFo8F0eAkw7FwdeG', '1302614381', '0994645465', 'Monitor de Futbol', 'K3qQHUAc0TpkiKNeip1baqbj5IHBngQBsEtpSGeBfiNgs1Cbq1fBfMKlZom6', '2019-03-12 00:14:04', '2019-03-23 07:17:31', NULL, '6788'),
(63, 4, 'GILMER FLORES DE VALGAS MURILLO', '1312021049@gmail.com', NULL, '$2y$10$0tIPnmdpKIYyTtTeUUwzRODCHrm1/ahNhzkEIOrJkNtRRgpd42Q0a', '1312021049', '0986214688', 'SRA. SENIA', 'dvxsgU3Xysb2lkUZgV3ehS8emWBL8b9YGdDbRFL90T2FCYB7pXhnfHE2axkZ', '2019-03-12 00:14:44', '2019-03-23 07:17:31', NULL, '7778'),
(64, 4, 'ALVAREZ CHAVEZ ANDRES AUGUSTO', '1310407836@gmail.com', NULL, '$2y$10$P/AKqNojTwEY1CfazsrA.em6Gr2L.f5Vr9Oe9dcl0Wef7yVncRJ3a', '1310407836', '0993223969', 'CONTRATOS OCASIONALES', 'pmDYb1MuoMlItkro1BUMil2RmwEoe22CMbMpdi9k4unq9OIxI08zuLstOFop', '2019-03-12 00:18:06', '2019-03-23 07:17:31', NULL, '8091'),
(65, 4, 'BENAVIDES MEJIA BAYRON JONATHAN', '1314648567@gmail.com', NULL, '$2y$10$8Xnx0gDerSHN4ECJI13dYOq457czmg29WQhKd5Ih4iREdUL0E95O6', '1314648567', '0981211637', 'CONTRATOS OCASIONALES', 'aEDLwdDk4LiFqh2tBZsaje8B6ljvRrcmVWRtz68czr8CgFerP8jSJDnEqf1p', '2019-03-12 00:19:37', '2019-03-23 07:17:31', NULL, '6899'),
(66, 4, 'FIGUEROA GARCIA KARLA MELINA', '1313491985@gmail.com', NULL, '$2y$10$Z7rQWTPkKte3rdFgJHJhheq6IUasQHSARTajiDxDh8DSzoOiKQEIe', '1313491985', '0979771522', 'SRA SENIA', '6XSxlFifsJmV7HOiSD6VZNQd5Dv1pM2BJq4hJ0MMFnRHvP9M4zgzU1jHIpsj', '2019-03-12 00:25:20', '2019-03-23 07:17:31', NULL, '3220'),
(67, 3, 'ALCIVAR VELEZ DIEGO DARIO', '1309579793@gmail.com', NULL, '$2y$10$Y5KAfrEfHGs/OijZxvb6a.a7k1sf3K/2wZB1WHVRslOuIzeY8XOeG', '1309579793', '0992733033', 'CONTRATOS PROFESIONALES', 'haf5xqkhkTQoU8Vk5uybJedd2vl4L71zCb6mh43NsNGE2TULJ9RCfn0YcHM2', '2019-03-12 00:27:20', '2019-03-23 07:17:31', NULL, '1350'),
(68, 4, 'ALVAREZ VERA CRISTHIAN JOSE', '1310409865@gmail.com', NULL, '$2y$10$RNxCBgdOFo2hcUqJe91yEOi4wLJWoSRg4kOpD0ZRCLUG1Jb0GBgMu', '1310409865', '0991566627', 'CONTRATOS PROFESIONALES', 'uQHlAQyXYJK4dB1jPqwFjG0qEpz1CbFSqsY3FTkm2tn02ZOe6wjJIl1b9NB4', '2019-03-12 00:27:56', '2019-03-23 07:17:31', NULL, '0652'),
(69, 4, 'ARTEAGA SÁNCHEZ IRMA VIVIANA', '1312221854@gmail.com', NULL, '$2y$10$vlFA8dwLMS8HH11rKimuiuUhrccM.DgKHRxZOqH2ZtduR.qdoqZUa', '1312221854', '0939188440', 'SRA. SENIA', 'tr0dUU1H3N8QAh1fKoVn3vNDxGuekEtlHUDeslBh85YA6cKmTDlGYp7Ls7V5', '2019-03-12 00:28:48', '2019-03-23 07:17:32', NULL, '2057'),
(70, 4, 'HERNÁNDEZ SANTANA MIRIAN MERCEDES', '1308266186@gmail.com', NULL, '$2y$10$k2unfLHnfEWB25hwNTSb8OFKt2V64GOB3IRc1/h0QD7DdLlyFqzd2', '1308266186', '0968047665', 'SRA. SENIA', 'PVwHYLmZXlXo7x9tYuvX2atlnWpKXjLxHHp0tf11iFTNZYrBZCx113rvcstt', '2019-03-12 00:29:21', '2019-03-23 07:17:32', NULL, '9851'),
(72, 4, 'ZAMBRANO FIGUEROA PEDRO ANTONIO', '1313520106@gmail.com', NULL, '$2y$10$DeGl3kDYpJmRazB.seLUvuzE.Bj/7me3lDl3/HhLmDvPDIZoeg9ja', '1313520106', '0983086168', 'SRA. SENIA', 'yt1sGiIWvEYBPGmLxKjE4IXgIGkZAjVoM3J4mSjd1BItN7SZ0XCdQBfPPGc0', '2019-03-12 00:36:43', '2019-03-23 07:17:32', NULL, '8800'),
(73, 4, 'MENDOZA HERNÁNDEZ MARLON TRANQUILINO', '1314432814@gmail.com', NULL, '$2y$10$ub19.ZxvTpxATzB4vpGYletWEDM0CJ1daCUK2NsBoFQILBOGI9zJi', '1314432814', '0969214737', 'SRA. SENIA', '5O7lwibnTp2fKt5WSXKeyeQrIusG4q8fTQtLohsBz1YtAKwHp3ZqviR8wnBt', '2019-03-12 00:38:18', '2019-03-23 07:17:32', NULL, '5960'),
(74, 4, 'CALDAS ZAMBRANO PATRICIA MARGARITA', '1306197987@gmail.com', NULL, '$2y$10$hxd0ghRc4a.lp/d5tw.Wm.cGLAJhwElnnyUzH8gVBPWNb8OH63LGi', '1306197987', '0969089819', 'SRA. SENIA', 'sOJrT01kJxLuvVHNXyTWTdVk5g2a0rJ7ndvZulJvShzhF6W5RIP8lOMgPUA6', '2019-03-12 00:40:48', '2019-03-23 07:17:32', NULL, '0689'),
(75, 4, 'FIGUEROA ROMERO CARLOS DANIEL', '1313491993@gmail.com', NULL, '$2y$10$KkKkYeRtyQdpp2KMYff/2eNEBCNe8OvRAGcUAdozGW.pDlwHiC.wK', '1313491993', '0979495646', 'SRA. SENIA', 'WdYGUhW3ryLfd25SLRw316XVeofqoP72v6Lk9AqPYHzAEPaGIT4jNHqD4XxE', '2019-03-12 00:41:26', '2019-03-23 07:17:32', NULL, '1982'),
(76, 4, 'ALCÍVAR VELEZ ERIKA JEANINE', '1310929748@gmail.com', NULL, '$2y$10$z5aLZoOHARJMohUhQwjuCu8ujwi8oV.c8y2PyVrOK8zf.bl49XD.S', '1310929748', '0987803652', 'ASESORA', 'keCOG746P3KPcoA0hZtEyhsecIO7nWAvGCLJ2T69KQJbQB9qCqo3FjJq4Dr9', '2019-03-12 00:43:09', '2019-03-23 07:17:32', NULL, '7512'),
(77, 4, 'ASANZA ALCIVAR JAZMINA ROSARIO', '1310113806@gmail.com', NULL, '$2y$10$F3G3QnBmTEYyEVylrwVo3uq3PICnFrM0BMylMlgHLe7/EHIAnCWjG', '1310113806', '0979203097', 'AGUA POTABLE', 'ibbvsI13uqGvLeziGTz4DxS4uBoxcIhgugDI9A4vbflh8plI7qGT40H9i2im', '2019-03-12 00:43:54', '2019-03-23 07:17:32', NULL, '0356'),
(78, 3, 'CANDELA ORMAZA MANUEL ANTONIO', '1309005948@gmail.com', NULL, '$2y$10$/ZmtSr/0yClQSto9SGsu3uKVa/Engubmm5lgzOwHtIZgI/FMH8xu.', '1309005948', '0995346672', 'AGUA POTABLE', 'MRYk4FN03hyluq377mycWDrddbDMp4OQMUakwPtJtP6EnIod9nG6napG5lmG', '2019-03-12 00:44:36', '2019-03-23 07:17:33', NULL, '6074'),
(79, 4, 'CANDELA ORMAZA MARIA VERONICA', '1310040207@gmail.com', NULL, '$2y$10$s2C/KrWQZJx2QNZWJb7kvOF49Y1ipLj10oMA1ooKcPEbYhdV7Ic0G', '1310040207', '0986107259', 'AGUA POTABLE', 'DZ75idErWI6ZVZxJnCaFek8fIC0I7a1YvFQuWuiJUYLwaWAYsJOW6IVZSeXJ', '2019-03-12 00:45:19', '2019-03-23 07:17:33', NULL, '8847'),
(80, 4, 'BRAVO DUEÑAS CARLOS IVÁN', '1309615894@gmail.com', NULL, '$2y$10$CR3d1/j0yl3dI5GuYYKn8e5Vh3ympxuWMppjohBJ.VqeD2twDQNK.', '1309615894', '0958876465', 'NOMBRAMIENTOS 2019', 'WUzThcuMTBxZCU26EoZiZ7SloJVGLag2TDiC0e8J8MIsGyM2WM3rpQ9dFQZV', '2019-03-12 00:48:25', '2019-03-23 07:17:33', NULL, '1446'),
(81, 4, 'FARIAS BASURTO NICOLLE ESTEFANIA', '1315564995@gmail.com', NULL, '$2y$10$Ij.oUAM5I6WhNQ7TRmkGF.jiFHcwFcHSEnUwtOC0MbMpUNPqpYwUC', '1315564995', '0968985505', 'SRA. MARÍA', 'GqR9snOFy3zUqSrDQxRfSIUOO1v2tffPvmyKvuW7TU1PFIY1BAUzedEJTvsB', '2019-03-12 01:51:31', '2019-03-23 07:17:33', NULL, '1711'),
(82, 4, 'CHAVEZ MOREIRA JAIRO JOSE', '1311001935@gmail.com', NULL, '$2y$10$xbbcne.p6mjdlS9dTQNeI.NMfh.H/gybImSUJvTFHik4f953L6mUq', '1311001935', '0980176002', 'OCASIONALES', 'hJYbx7QzQTM0EHYZwKiW5wYytsQ6OtbE1HWEAzMVSq0os45br1tZMGpbwoxK', '2019-03-12 01:53:22', '2019-03-23 07:17:33', NULL, '5153'),
(83, 3, 'CEDEÑO WITONG MICHAEL DIOVIS', '1312581463@gmail.com', NULL, '$2y$10$eiK7/NUB6XyEIHe.XeAryOx/mf8HfyseGtQkhP1kX420MLSgar.NC', '1312581463', '0997711221', 'CULTURA', 'V764oGbVCymqKQ805Ude9ei86GxMeacDknFRANjd23g4tqSbWoKTiTCMxGDF', '2019-03-12 01:54:37', '2019-03-23 07:17:33', NULL, '2032'),
(84, 4, 'ESPINEL ZAMBRANO PATRICIO JAVIER', '1312627399@gmail.com', NULL, '$2y$10$NzmYtVHEEW.iLLPPKSjqye1884xNSPepdvBvYV3/ZVZQl61khpMSK', '1312627399', '0986193145', 'NOMBRAMIENTO 2018', 'ynsCy5SCpMSupHo6Tfu3L27r2r7zJpqxXDcmSKA73oKu27WlOxgq6cl6gfXT', '2019-03-12 01:56:41', '2019-03-23 07:17:33', NULL, '0286'),
(85, 4, 'CEDEÑO ANDRADE IGNACIO BOLIVAR', '1312584392@gmail.com', NULL, '$2y$10$/oofRxcaxLpRdHW137tll.XD0g8i1pOn5jTgxhNY4UHsH5it8Yz4a', '1312584392', '0982212487', 'n/a', '0Aw2Vc3PFcD7i7qE8qK1gZslkeIZYEsPRrchof7yB1KjhpdvdQJts5fPNU2C', '2019-03-12 01:58:05', '2019-03-23 07:17:34', NULL, '7736'),
(86, 3, 'DUEÑAS ZAMBRANO JOSE LUIS', '1312085291@gmail.com', NULL, '$2y$10$1dz4zDuv9ey1e7uoUQxNQu6laiBvcQRrSksPZKSrae3qADZkKFlGq', '1312085291', '0991396357', 'SRA. MARÍA', 'M8uwSPhhZT5htmVJvifLaEAUtNNsPP8AzYPOoA11e8awizvlyuih9HD1qQps', '2019-03-12 02:00:45', '2019-03-23 07:17:34', NULL, '8339'),
(87, 4, 'DELGADO ZAMBRANO LIGIA LILIANA', '1307638799@gmail.com', NULL, '$2y$10$DeMEXtth1DHIKmyNSo2dguklRwrJvSwVwgzyFOCp17V5Lrg.9Ylju', '1307638799', '0989240785', 'NOMBRAMIENTO 2018', 'WQ6WQJ4ccHs2rq9OO8tPBgMNoKkaD8y7XuGETX7Ls1tG60VvSYC8mdjpTN9U', '2019-03-12 02:03:02', '2019-03-23 07:17:34', NULL, '1903'),
(88, 4, 'ESPINOZA CORNEJO LIDER ESNEIDER', '1310548662@gmail.com', NULL, '$2y$10$BUQaPji8GIXOypZNZEScAuCq3Wyc2miCfSwxHxdaRKfFfpgCn3vza', '1310548662', '09601811540', 'n/a', 'FVph52yzgAWY7KZYAZstgY6UQ20EPfNu43BlAowb3SS4RXOPDnTFWIo73tnu', '2019-03-12 02:05:46', '2019-03-23 07:17:34', NULL, '2580'),
(89, 4, 'CUSME MEZA LEODAN MIGUEL', '1315117856@gmail.com', NULL, '$2y$10$Ccblp/wNFsvoBk2nBASrsucWz0JbdEXHIKvE/LK4fnyT4VfFdfwC.', '1315117856', '0959976321', 'n/a', '1ENWUfxf8fjKv6oLAtDth7fn6YuVufa71x5q4cjYWmYXC6phrY61dkEY74o3', '2019-03-12 02:07:08', '2019-03-23 07:17:34', NULL, '5263'),
(90, 4, 'CASTRO ZAMBRANO DANIELA JOYCE', '1314432889@gmail.com', NULL, '$2y$10$bhrdFYiJOhXzH3tMB9xKvelfibN5GkL45Tne.AS6EKhQHic7wHP2.', '1314432889', '0989570623 - 0960618640', 'n/a', 'OvxNEuq4J8N5X1KKD2ZO18FwAh84NqhofkgsjWze7JxKshgIboquL6bJopfc', '2019-03-12 02:08:45', '2019-03-23 07:17:34', NULL, '7202'),
(91, 4, 'DELVALLE MENDOZA TURBIDES DIONICIO', '1304968850@gmail.com', NULL, '$2y$10$WhqJY8sF55F9v44.lM1d7.BQEwVF3mpwfWzzgDedCex84rhJ59wFC', '1304968850', '0980856067', 'NOMBRAMIENTO 2018', 'Sv9pCRFX7tLjwkSQZmoqGLEQBnXJF8lxesFNooWpEW9q8S1scTNN1GSEgBTi', '2019-03-12 02:10:46', '2019-03-23 07:17:34', NULL, '0140'),
(92, 3, 'ALVAREZ FALLU WILSON JOSE', '1306199272@gmail.com', NULL, '$2y$10$YgXnO2J2g9Yo5SEoM.ISyu44TIuKy45o44PFIJjUzT23knrLqGP7G', '1306199272', '0969761351', 'SRA. MARÍA', 'olRNJyChn2AJwQzjz4xx4BA27TvRFtvzAbs8et9IzMmLmcXSN5bKNSgNqO1K', '2019-03-12 02:12:01', '2019-03-23 07:17:35', NULL, '5535'),
(93, 4, 'CHAVARIA GIL EDISON FERNANDO', '1309931036@gmail.com', NULL, '$2y$10$VWJsJLrBsVZJJQIzi6H9dOYpgOTb8oA.fhwNoPZ28ZbPgkLHRIMva', '1309931036', '0992082087', 'n/a', 'Bc1ftip30CL85tv47kXy1fL4Piz9dDD9WYRTrHV3ZlER0uUN6Y7RJvZNUhDl', '2019-03-12 02:13:38', '2019-03-23 07:17:35', NULL, '6317'),
(94, 4, 'CEDEÑO ANDRADE CINTHIA CAROLINA', '1312584384@gmail.com', NULL, '$2y$10$zC6wa8Tes7ONEVL94UHTu.xoy.4my5AxbdI79d9gkfnkWj7NsMNXG', '1312584384', '0991846112', 'n/a', 'YgNKYYxUuiDcoMsIuX5ZGxuIFQOW34JrTunjg1JFqSzI7SnPoBJ15VECCoTa', '2019-03-12 02:25:30', '2019-03-23 07:17:35', NULL, '2658'),
(95, 4, 'ALCIVAR ZAMBRANO ROSITA CRISTINA', '1310013568@gmail.com', NULL, '$2y$10$zEV/0XiCv2bS4pT6H7XiAeL7BfJ1j0ZYoN0eDLtZEQhiti/ACpE9C', '1310013568', '0998294485', 'n/a', 'G0vJOrkFg13LbBN2p6z1BVuKC0eSZj8BMjmyzkeRqxkGVwdeEozA8sm20xCl', '2019-03-12 02:51:37', '2019-03-23 07:17:35', NULL, '9761'),
(96, 4, 'ALVAREZ MENDOZA VICENTE DIMAS', '1313220095@gmail.com', NULL, '$2y$10$GN/i6GabrCiCJKlr/L506.lFIyd4q.muoyAylD3c50pL2x/Aoe5z2', '1313220095', '0999501683', 'n/a', 'MXeAbJhuz1QPmCjV8e5UvQIQq26FnHFUs3JCP8V5WXWsuT05Lp85ZO2lmnox', '2019-03-12 02:52:56', '2019-03-23 07:17:35', NULL, '3352'),
(97, 4, 'CEDEÑO ARTEAGA CRISTHIAN JAVIER', '1312669722@gmail.com', NULL, '$2y$10$AfnuwIPQeQcVjahy0T7dHuLAL0QfCVZDmS8FZ3xcym4E9kCBVUfJq', '1312669722', '0959218324', 'n/a', 'Hv6yDL5iGVIUCVbq0AVbuAt772VwsASHLL41KECx46xtJLIeRnfHzFd1r0R1', '2019-03-12 02:54:14', '2019-03-23 07:17:35', NULL, '5539'),
(98, 3, 'MONTESDEOCA ESPINIÑA JOSELYNE BEATRIZ', '1315438349@gmail.com', NULL, '$2y$10$XOnsE2pzzJ1EtRdT8Qpe8Ojv29KRC18.wk0eP6Vs0hKvqL9bp91WO', '1315438349', '0988313191', 'SRA. MARÍA', 'ii0ufYgSTzknFnCAX0YCfCcm6QPOHCC1ablrsbRpdgDtJQa473sdWhgN8Ejp', '2019-03-12 02:57:44', '2019-03-23 07:17:35', NULL, '4405'),
(101, 4, 'CEDEÑO CAICEDO MARILYN GUILLERMINA', '1313792754@gmail.com', NULL, '$2y$10$KpZiyg5NcXaVTQbOSZ/9y.nxdGk6fyBHIVHL4hmgnfk0JKAJT/8Fu', '1313792754', '0995609836', 'n/a', 'p3ogdXZbb2FOrZBcZTsEp2mBkqPonXAV0rl7E8ZURGG6KJF7ct3HfzbAjl8s', '2019-03-12 08:27:28', '2019-03-23 07:17:35', NULL, '5176'),
(103, 4, 'CEDEÑO ZAMBRANO MARIA VANESSA', '1310970601@gmail.com', NULL, '$2y$10$USU4jGzlZ64IrON3x7kzO.yNftnwOQRIxh6VVhRGp2Rq49kSUhTy2', '1310970601', '0991680650', 'CONTRATO OCACIONAL', '0ggguv5UPxmS1rtTduu07Ob89GpgYoOQbzzVKRc0inxr7pwbNDSZUWK9q3Wb', '2019-03-12 08:29:00', '2019-03-23 07:17:36', NULL, '7363'),
(105, 4, 'ARTEAGA CARRANZA JUNIOR GONZALO', '1312533514@gmail.com', NULL, '$2y$10$ma2BAKAFgkqyIU.khLQQxep.gITJaGSsOkBLByNGNpaQISIMepjji', '1312533514', '0987608219', 'n/a', 'LKP5Byxalq0ANr65eabhq2s5N8degi8Qvjl8q7a9aavv5EJNj76A0OYP0ncq', '2019-03-12 08:30:41', '2019-03-23 07:17:36', NULL, '8442'),
(106, 4, 'Macias Mendoza Victor emiliano', '1310166952@gmail.com', NULL, '$2y$10$0vcFRmbpHGBcPcorZEh2quvDLCBPZ6/FVItTb47HYDTonJut/ERly', '1310166952', '0939089901', 'Monitor de Futbol', '2GsJQLhYuELJA7nTZSKnR1UE9Brk11ZPBwgPmq5O8qYcIbH3NPQYNdyrdsAV', '2019-03-12 08:30:53', '2019-03-23 07:17:36', NULL, '8069'),
(107, 4, 'ALVAREZ CHAVEZ ALEX IVAN', '1313175869@gmail.com', NULL, '$2y$10$83Cbsoitr1ryekE7bKkv6u68Ihv6WfMGTGGb5DG9gb6GgM9LyI1ju', '1313175869', '0994812348', 'n/a', 'RePO8U3lLJ9HrWvozY0a5bCGBLaaNO18qU5sX8IeVJHUY05DKidSiYURVF3T', '2019-03-12 08:32:16', '2019-03-23 07:17:36', NULL, '1984'),
(108, 4, 'COBEÑA ANDRADE DOLORES ARIANA', '1311653099@gmail.com', NULL, '$2y$10$kWuBkdlVcEsiuE8VfRSpjuJee5IPkVSXUaVEn7ADW4d.oyh1ELtBK', '1311653099', '0969064912', 'NOMBRAMIENTO 2018', 'V75TA4vFBW7H7D2o49HE5YEesjBwmjNgQrNGiOawj0YR3SnF552ybFnWu0l2', '2019-03-12 08:34:12', '2019-03-23 07:17:36', NULL, '2021'),
(109, 3, 'DIAZ PONCE FABIAN ENRRIQUE', '1310787112@gmail.com', NULL, '$2y$10$a2m02aTshr86dQfqOkEPauE8.UgFwhNfORy0qzjgQlIECn2YmP8C2', '1310787112', '0998653846', 'SRA MARIA', 'VU6CcV4g25DoE0FJrZ3IJByXaavSW2Fh2m29QIFqnvZk78T30thPm78FakZ7', '2019-03-12 08:35:46', '2019-03-23 07:17:36', NULL, '4530'),
(110, 4, 'SANTANA ANCHUNDIA EDWIN FERNANDO', '1313623140@gmail.com', NULL, '$2y$10$U1NYgx/hO.QUsUc5uYRHmOPymrUXqOC/GtW1IWcpt0vNAN17BukXK', '1313623140', '0989160758', 'n/a', 'a44YBMrxCkkWoSxmd0H0EN8L0OPYdOee27eTznN1WK6X0TkK38p4J7Yqg5Go', '2019-03-12 08:37:29', '2019-03-23 07:17:36', NULL, '9126'),
(111, 4, 'GILER GILER VANIA ARACELY', '1721614996@gmail.com', NULL, '$2y$10$G28sJsl4SXwqClwiPt/JdOrJV0NiBlouYY7Rnvgdw4EkdLCy7H6DS', '1721614996', '0968222772', 'n/a', 'YAhH8EGbQr2l80YVH81dTqSzxHUj9E5wIYvlmxjGdtrjBOX7n2citYadXNim', '2019-03-12 08:39:35', '2019-03-23 07:17:36', NULL, '0652'),
(112, 4, 'ALCIVAR ALCIVAR ALEJANDRO NICOLAS', '1313675066@gmail.com', NULL, '$2y$10$U74mrnDwD2mQbXevab45EOnYROPU2dPkoVyGy9y7LVUXXErRQopM.', '1313675066', '0987546573', 'n/a', '4H97VUENIblPBanU4jgvFLoZeFTtA3YRFNRDGJQw2IroqDZEHEq32VYz9NyI', '2019-03-12 08:41:53', '2019-03-23 07:17:37', NULL, '0114'),
(113, 3, 'CHICA GARCIA DALIA MARIA', '1312582412@gmail.com', NULL, '$2y$10$TnfPazG6PbcgS6tnVkbh2.AEiSYZSw53FbbqjP1LQFEPwaTvK4Vzi', '1312582412', '0978977000', 'n/a', 'AabO1lVOBGCJeuTx9y33FcT2iRfBQTg7T3nnXn4lmeWivPlj5VDLtI8NyJkq', '2019-03-12 08:45:04', '2019-03-23 07:17:37', NULL, '7618'),
(114, 4, 'Giler Vera Julio Cesar', '1311487100@gmail.com', NULL, '$2y$10$VUsLATGS8cZVZI/7VDhmo.ipEE0zl56Mxl1RK0aU58yRUtYg.5OjC', '1311487100', '0980812214', 'Analista de Transito y Ransporte 2', 'PLjJshaKhfp19gVHI19iUm3rXJL4v7nq8fKIZGwOp5xy8q6JvIxa7ytCNdsm', NULL, '2019-03-23 07:17:37', NULL, '9311'),
(116, 4, 'Guadamud Alcivar Walter Horacio', '1306243260@gmail.com', NULL, '$2y$10$nCrCBb2s/VjVhq39SGOxLuHKu2xUe9ZJLN2LhzUDao0qO8A1S5R6e', '1306243260', '0993004485', 'Monitor de Futbol', 'lUCkdU7VTFficWoVYfRPTS5bX9w4OZ9iUqiXg7MuK51CtwCRoSBsSt8MjRHf', NULL, '2019-03-23 07:17:37', NULL, '7580'),
(117, 3, 'Loor Bravo Branny Marlene', '1306352798@gmail.com', NULL, '$2y$10$oieCRygAoPtXH2D3djBnoODsqrQJXCAETooJmVqK6kl6VhnSBED36', '1306352798', '0994729293', 'Monitor Baloncesto', 'qowLNJH2T6STFfun7CJtvPEx2KxnfxBpv2tvXl4xYWXusEPoGEuAfzjE7hEw', NULL, '2019-03-23 07:17:37', NULL, '7016'),
(119, 4, 'MACÍAS BRAVO DIEGO ALBERTO', '1310546344@gmail.com', NULL, '$2y$10$EOsJZHfzeu8Up2EgVqmGJ.lQ2YyR2wWaWDEGZz8BKfHlDt0j1B25q', '1310546344', '0988642535', 'COOPERANTE', 'dB4LLpOt0OvHN3aV9bNGacyE2QcB4NA4obaeFyNqu1lJ7wrFvNAzKAbnQn10', NULL, '2019-03-23 07:17:37', NULL, '8793'),
(121, 4, 'INTRIAGO VILLAPRADO CRISTHIAN ADRIAN', '1313179556@gmail.com', NULL, '$2y$10$DeKFHwsrHsJEcSHWqGj2oO3z1wrlJCBU6llQjAgbfPZpqYWiD36lG', '1313179556', '0999344702', 'ASISTENCIA SOCIAL', 'KWC8crGY9TrK2fHq9M6Uvx7y5lXYUGZjYvEiLUuPB1FqKtTODLZU5qLCzD43', NULL, '2019-03-23 07:17:37', NULL, '2054'),
(122, 4, 'GILER RODRIGUEZ TEDDY LEONEL', '1310119332@gmail.com', NULL, '$2y$10$L2JBN9MzQ/2Nl/PfXJpra.jfBE9eU2dkgMCI/.VgLzMNda3tuuHi.', '1310119332', '0939061700', 'CONTRATOS OCASIONALES', 'SsPUoVS6zCfUVNmdEURlsRT8KHM6QbujfWteqcipaM46eB28z6rYMoXFwQOh', NULL, '2019-03-23 07:17:37', NULL, '9181'),
(123, 4, 'INTRIAGO VERA CINTHYA GEMA', '1313495275@gmail.com', NULL, '$2y$10$bOXp2L.xkNxMXt36.7HhtuAdM2Fnvhg4rvQByi3TeXjq93Mo8h3n6', '1313495275', '0967643601', 'CONTRATOS OCASIONALES', 'Y4ciIJmAWSIskUubUNvgg6FBCLx3qpWEog2WjAozVJF1zm2ZPhlcqGkrBgo0', NULL, '2019-03-23 07:17:38', NULL, '9080'),
(124, 3, 'MACAY MENDOZA KENYA ANDREA', '1312805045@gmail.com', NULL, '$2y$10$zBVoHGuCuzG5TVD5vuuAau3Yaq09CyLhsVxeovF03GnOGd/Z7LEYy', '1312805045', '0987941905', 'CONTRATOS OCASIONALES', 'Jdh7ABp0HYnA2xycPNd8xMTxFqZ2jo0mZ0DVAUsGlYWAUsTObNp3Y9vaMFlg', NULL, '2019-03-23 07:17:38', NULL, '4166'),
(125, 4, 'MEDRANDA ZAMBRANO ELENA RAMONA', '1304504630@gmail.com', NULL, '$2y$10$nWeCK8sZ6k22f.8pLhDi8.PGEpsmDXxshcPdWGO/86x.sbmimaVrq', '1304504630', '0990219064', 'CONTRATOS OCASIONALES', '8lpe7FnXhPNfUH8OTx8OLwASuUKHV95M9Pos7trI65wwnKtcWZdcOV9jzb79', NULL, '2019-03-23 07:17:38', NULL, '8172'),
(126, 4, 'MERA ZAMBRANO JONATHAN DUVAL', '1310789928@gmail.com', NULL, '$2y$10$Ss6phHQ51BeiIHKQ0MPHdeh1jMbVoMqDfquY4A5XnYZC7SR73V0Ii', '1310789928', '0000000000', 'CONTRATOS OCASIONALES', 'UmIeSjkYqnNMBL1kD2MeScHw54Cim9EJRgoJxrSHIEwU0zbO5T7QRR3cXoCz', NULL, '2019-03-23 07:17:38', NULL, '2948'),
(127, 3, 'FLECHER PONCE JONATHAN RICARDO', '1310821374@gmail.com', NULL, '$2y$10$PzssvPiWSFjwFKuK5tHYx.SbluAv2pgPuCAia4L3d686on6UzefhC', '1310821374', '0980215491', 'PROFESIONALES', '0OwVU6zSy0FC163QWnGrTuwlpKrwQnQh8BSNR9HuD8hAainyg0GJyOjXzWWE', NULL, '2019-03-23 07:17:38', NULL, '3619'),
(128, 4, 'LUCAS VALENCIA JEFFERSON JEOVANNY', '0704658202@gmail.com', NULL, '$2y$10$HyANhqb9AKN26wBu/o6dPuZfeDntUJL5L0feZAhIeT6oQaUgU8T/q', '0704658202', '0989892451', 'PROFESIONALES', 'rY375bgPxNi3I8YMVHuWS20oDXbzkBuyHYddd7ch74YrCaeyVInGqVBDTBTd', NULL, '2019-03-23 07:17:38', NULL, '1606'),
(129, 4, 'MENDOZA CEDEŃO DANYS LEONEL', '1313775213@gmail.com', NULL, '$2y$10$27k31aJe50zdOLrlkOBra.lDr3sMxIYmXFUc2VkebEfQ2G9F6gOOu', '1313775213', '0099585414', 'NOMBRAMIENTOS PROVISIONALES', 'LrKYlDkQUahkLLRHxZOhsmBwcXJrmVAGV5TSkMK7jdMiJgT84Zh7TxIT5B6R', NULL, '2019-03-23 07:17:38', NULL, '5597'),
(130, 4, 'LOOR ANDRADE LUIS ALBERTO', '1310113129@gmail.com', NULL, '$2y$10$ocEvTh0bolOHpSE9MDZ0CeoEoFDQh7IgVifqsQO//DsfeqO4aRoyK', '1310113129', '0000000000', 'N/A', 'wjyrbM9IccaLHPsfOq2KhrctqTwTEbLcCm8W8aGffH93StmCi91uMLf8qr7Z', NULL, '2019-03-23 07:17:39', NULL, '1195'),
(131, 4, 'IRIGOYEN MOLINA ANGIE NIKOLE', '1310789654@gmail.com', NULL, '$2y$10$HVEWd2hdDfytDvGoEmPCAeyHem8oDCkb1Ndxwof0Zji04HMLQR4oe', '1310789654', '0959014956', 'N/A', 'Yo7JjsMXq6qiSFeISa1mPqmQkhYfjE0DLqIbM22Kjt5ID7RIeGf1KXgrxPLt', NULL, '2019-03-23 07:17:39', NULL, '8944'),
(132, 4, 'LOOR MORA JESUS OMAR', '1313700294@gmail.com', NULL, '$2y$10$3iw1EhV8V2mLu5YmciJ2..L/gRtP5/ZybYszj4zD/KJYN1n84XuSq', '1313700294', '0980544044', 'N/A', 'GNKMuvvsvmvIHZ4dhaAU9oPjxo9F9Cw2yiO5IPCBVfuk8WL1ZwnaUjAxzO9q', NULL, '2019-03-23 07:17:39', NULL, '7753'),
(133, 3, 'IRIGOYEN FIGUEROA JOSE ALFREDO', '1306366459@gmail.com', NULL, '$2y$10$y0VBAsaXclX8V9JE9WnJguT4T.PgnF9CNV52oNrb8CRRNxYwRja8a', '1306366459', '0992408913', 'N/A', 'CarAIQrnaSqyTvyf6TUpHmfgEauL13aPmHndrHSqUO2bqWrATUolkAyQ76TR', NULL, '2019-03-23 07:17:39', NULL, '0539'),
(134, 4, 'MEDRANDA BELLO MIGUEL', '1310947989@gmail.com', NULL, '$2y$10$Ap1VyuCWraDVsaBH5WgIlOaGRF4JRQT0FGewfcoi2vJghuaZL8myW', '1310947989', '0998562600', 'PROYECTO', 'kC9H5QTdJFdv1zp2SqC9aXpDpZhdAZCAkbNgjY0XdDMLpVtNsltP826IiFud', NULL, '2019-03-23 07:17:39', NULL, '7251'),
(135, 4, 'GOMEZ ZAMBRANO DAVID', '1311002461@gmail.com', NULL, '$2y$10$QnLooIOJpE86/DLV7VBA3eE85O.SXmICVV4Wl0rwp564IGV.Ci8ie', '1311002461', '0981094287', 'NOMBRAMIENTOS PROVISIONALES', 'jlFKHzmvKAqjIFFnMXuHKx3Ypq3k7efAG4YD9JiHieOJ3Mgk66WzoBMIciEP', NULL, '2019-03-23 07:17:39', NULL, '0440'),
(136, 4, 'GILCES CEDEŃO ESTRELLA', '1310909930@gmail.com', NULL, '$2y$10$yD.bsZsI/8HpJopQNkLr9.8hCFj7xGfR0OigFcnNwwlqyNXpTTC4W', '1310909930', '0994522923', 'N/A', 'yUyDYWUELOro7tzKQ6KJeFYcpmfRLCjE65SWO0g7QWfAZzxfSQ4oTXrf9HNb', NULL, '2019-03-23 07:17:39', NULL, '0396'),
(137, 4, 'Mejia Alcívar Michael Vinicio', '1314913250@gmail.com', NULL, '$2y$10$Wm49hjwuzG2db8ddHi40VO8r6wIZa2VWZapDjpeFMuSW52T8qdYEm', '1314913250', '0996576043', 'NOMBRAMIENTOS 2018', '07wVtX1q92RxOavV5lr78WE8zCbILJVkNolnYfOLUuMYAF5G8MnijioF55h2', NULL, '2019-03-23 07:17:39', NULL, '4712'),
(138, 3, 'MACAY MENDOZA GENESIS', '1312805052@gmail.com', NULL, '$2y$10$.rkaryEwNfHGhho8nhgbjeBVl3GxVNzcf/j/Ynvrw4cCyPtaXg6da', '1312805052', '0978821794', 'PROFESIONALES', 'fT6I6TNGCZNfXNEZrN1ftlJXn7Qv11YD4nJpKza6C5lAWgH6Pf6Zv8ahNuZy', NULL, '2019-03-23 07:17:40', NULL, '2940'),
(139, 4, 'LOOR ZAMBRANO YINVER', '1306249051@gmail.com', NULL, '$2y$10$J9syetgiRCcWYfZou5dPuunXr9.7hBGu3bZILCLWLwTTe/T/tvoii', '1306249051', '0992245309', 'NOMBRAMIENTOS PROVISIONALES', 'RnrQSsY6tZ1HkbUaNr9lVa44LT0jfYz0BNM1hzDJZRWVKk5iH0wlUcPBzOvA', NULL, '2019-03-23 07:17:40', NULL, '3284'),
(140, 4, 'FREILE CECILIA', '1308518248@gmail.com', NULL, '$2y$10$ccx3xfv1cFhhlSRL/dyx9uLTnedzpqIMYx6u7.roOwyDsG7x.MbMC', '1308518248', '0979425178', 'NOMBRAMIENTOS 2018', '371ZuFYiLc4PguUbXpXqTgjsHy86nYGII96WjMxc66e1AY4h3psbbszRep1J', NULL, '2019-03-23 07:17:40', NULL, '4242'),
(141, 4, 'LOOR CEDEŃO ESTEFANIA LISBETH', '1350104954@gmail.com', NULL, '$2y$10$A4Tsz3kAUXfkYfRPtSs/duOH4zaKM4z/TprJFZEHtfQLIYDBWRz4S', '1350104954', '0998056874', 'FERNANDO VERA', 'xVAVMXUbQFQlHvyxI3ICbsmAwNECL9AXDNETNQvVaXwIrTkDqfSzp47ZGSnV', NULL, '2019-03-23 07:17:40', NULL, '9492'),
(142, 4, 'GUERRERO ZAMBRANO FLOR MARIA', '1313135376@gmail.com', NULL, '$2y$10$f.RddX4GiAIXWgakFulaXuXx4hZFd0emcewGjIeEeFNWBlT3sFmpa', '1313135376', '0983551740', 'FERNANDO VERA', 'GizaO2KoOE8IYtYGXzPC4l01xbx8Q5FVs8qCRKzlwiOobThyEvOWNKEZipgP', NULL, '2019-03-23 07:17:40', NULL, '2383'),
(143, 4, 'LOOR PEŃARRIETA YOMARY', '1313797647@gmail.com', NULL, '$2y$10$UTjwsD0TUrZr8/JbtbiCpu7b7EWpdYLl.B8M25M6ge5cHjm2/MgeC', '1313797647', '0995626653', 'FERNANDO VERA', 'Pn9VNb0GZCYloUp7sHqmzcafLmqops7qlwP4Jqi6FSSCmTPvU44fzJM5pkdR', NULL, '2019-03-23 07:17:41', NULL, '2592'),
(144, 4, 'GUERRERO ZAMBRANO JOHNY', '1314516004@gmail.com', NULL, '$2y$10$oxP5HtFmkq2OdF4DmmGxZeOnQRu.Wi1l/rQ0baxpcpdF/XKwsUNpi', '1314516004', '0959671516', 'FERNANDO VERA', 'DaKlGOBFwVXtTETbEqK9b7MNT6QQbOQeDoZm5NZLKInyapkoL3ih5efAgRHM', NULL, '2019-03-23 07:17:41', NULL, '4678'),
(145, 4, 'GOMEZ VERA EVELYN STEFANIA', '1314770718@gmail.com', NULL, '$2y$10$oBvK6XK5..6Ya2IXEvPQ3.gdzUCmWKabF7nIzyrDk66jzUkk92Wnu', '1314770718', '0989173157', 'FERNANDO VERA', '179LeRAuSmXv8xUjRnPOp34hC64k02DKrQmdKefSOrqGKHQlWThhKDorDFLx', NULL, '2019-03-23 07:17:41', NULL, '8257'),
(146, 4, 'INTRIAGO CEDEŃO JOSE GUILLERMO', '1314065721@gmail.com', NULL, '$2y$10$jjcSOs3cAYBb/nYecMIJwuX4GDZ2zcEcg4ONttVy35N1g8WqdUaI2', '1314065721', '0986702634', 'FERNANDO VERA', NULL, NULL, '2019-03-23 07:17:41', NULL, '8691'),
(147, 4, 'BRAVO MOREIRA MARIUXI GISSELA', '1313351353@gmail.com', NULL, '$2y$10$dVqac7bM51PDx7mcZmXLx.xI75BMYJ.2rPuOYDdAGgpDYz2b4kPRa', '1313351353', '0982760321', 'ENRIQUE MACKAY', 'aPEVNjMqyHYdTvV0ZZMLzuCiz1xerFZ0Wi0uXwQsn5pcRU1tL5d7M3yNGuV5', NULL, '2019-03-23 07:17:41', NULL, '7783'),
(148, 4, 'BRAVO MOREIRA JAHAIRA KATHERINE', '1313779975@gmail.com', NULL, '$2y$10$H8/Qatj9ooXmaDleudJ/b.CoL1GlfGEEN9HhZ6WkVhuw3B7cu3MHS', '1313779975', '0990397609', 'ENRIQUE MACKAY', NULL, NULL, '2019-03-23 07:17:41', NULL, '2553'),
(149, 4, 'LOOR RODRIGUEZ PAOLA ESTEFANY', '1314779719@gmail.com', NULL, '$2y$10$PxEtlJBeVAm/NIgoF2WEiOTUyRMiM6kYxniX2KJn5Y/mZCjmCzI76', '1314779719', '0991118951', 'FERNANDO VERA', '2ryeouX4tWVeTFP01Kti5NftOTGrHU4Zmkt4QCE8utPklUaUxPeFPPmcwOyp', NULL, '2019-03-23 07:17:41', NULL, '9509'),
(150, 4, 'MERO HERRERA MARTHA ISABEL', '1316325925@gmail.com', NULL, '$2y$10$TLlVxzIVrol.BD2eMvM3gevloAClt0vR84tbLEVPOpxdi6jaLPi5i', '1316325925', '0997587476', 'FERNANDO VERA', NULL, NULL, '2019-03-23 07:17:42', NULL, '5002'),
(151, 4, 'LOOR BRABO GABRIEL ANTONIO', '1308646684@gmail.com', NULL, '$2y$10$zqlepBizDwbK0vooUxLlr.Z363jIQn60kplzcLgdZMYpXlrXRsH/K', '1308646684', '0983901812', 'FERNANDO VERA', NULL, NULL, '2019-03-23 07:17:42', NULL, '4132'),
(152, 4, 'LUNA ALVAREZ GERARDO ANDRES', '1314916998@gmail.com', NULL, '$2y$10$pc34epeHMq1SUM1hC1MLXuPSz7BCF0Oq00Yh80INepr.CLG1Hae3.', '1314916998', '0984393752', 'FERNANDO VERA', NULL, NULL, '2019-03-23 07:17:42', NULL, '2732'),
(153, 4, 'FLORES DE VALGAS MURILLO GILMER VINICIO', '1312021049@gmail.com', NULL, '$2y$10$SRWLXscnRSGiFWV9WOqB3eeLdGg4YDnpvRrZRJktoJg64GTAsnPG2', '1312021049', '0986214688', 'FERNANDO VERA', 'Flj2mgQG7RgSEakLaOFqbkCRNZ0lV9IbYu2diYnxADnyFny601mMB95MrnpZ', NULL, '2019-03-23 07:17:42', NULL, '0666'),
(154, 4, 'FLORES DE VALGAS RODRIGUEZ ANA MARIA', '1311120875@gmail.com', NULL, '$2y$10$CRg5WfvGBKaLFeH8Nt/Aqur3uKC6U5PY2bpUOUDCVgWO9FL1GYATW', '1311120875', '0987005147', 'FERNANDO VERA', 'Fj8Ixx94wUbpiu6sTG4xpQbPYh1pKQEkDRsbZebKmhfLNAANMJy4I2RHERQi', NULL, '2019-03-23 07:17:42', NULL, '6948'),
(155, 4, 'MERA CAIDEDO GEMA LILIANA', '1314781202@gmail.com', NULL, '$2y$10$X/8eF.nJOGxwvyXC7Koc7.D2Staw9Dn8OZYLr08hbBJCv4cLY/Hmy', '1314781202', '0997442971', 'FERNANDO VERA', '1TH1DA5tVh3DlWK0Hvi0esxiWE9LCIYzEiZYQhgNMK3Q47vFNiMGV7nFIGsD', NULL, '2019-03-23 07:17:42', NULL, '3486'),
(156, 4, 'Maria Isabel Acosta Cedeño', '1311357352@gmail.com', NULL, '$2y$10$KfSpKp2tne.MdrE6aLV/TOr0GDwosO4P5togT1SKXMRg6SS0HY0Qy', '1311357352', '0981673329', 'N/A', 'gcoRYlhZZ8nYSIUFmVcVWhJWWZiRFywOr8rKJp06NiDvN1zpv3lETSiJMiDC', '2019-03-12 19:20:11', '2019-03-23 07:17:42', NULL, '3956'),
(160, 4, 'MENDOZA PUENTE CLEMENCIA DIAMANTINA', '1309713467@gmail.com', NULL, '$2y$10$3YZ30oy4iM/4cJjUe8jSLubklHXiJrJLu0qpY/m7uQzp2qOKebp/6', '1309713467', '0980009956', 'MARCO VERA', NULL, NULL, '2019-03-23 07:17:43', NULL, '9165'),
(169, 4, 'ZAMBRANO MINAYA GEMA MARÍA', '1313703470@gmail.com', NULL, '$2y$10$DZ/87CIFYWvg.ls8kvdEzOkpwYUSLrSAJTrAm6LFVQxug.hJK/9UK', '1313703470', '0987371474', 'FERNANDO VERA', NULL, NULL, '2019-03-23 07:17:43', NULL, '3761'),
(172, 4, 'ZAMBRANO MINAYA LIDER MANUEL', '1312853292@gmail.com', NULL, '$2y$10$BoAkvGeFlfRR/i58AEmmf.3pKKgvDDiGGtBV9q4qyTLZ3yjesG4em', '1312853292', '0939356908', 'FERNANDO VERA', NULL, NULL, '2019-03-23 07:17:43', NULL, '5319'),
(199, 3, 'COBEŃA MORANTE MARGARITA', '1314919471@gmail.com', NULL, '$2y$10$GTepLjZM3fSVEbV9OEw5W..mG9rhAZCbQttPhP4JXj6B5vpw4cY7.', '1314919471', '0960259129', 'COOPERANTE', 'FH8xOfOLfpV2UcbqcEw3hrDceVK7CUYGZ5KItLYyGAQo3ALwACQsXVqlhHLX', NULL, '2019-03-23 07:17:43', NULL, '9431'),
(200, 3, 'COBEŃA MORANTE QUINCHE', '1315680007@gmail.com', NULL, '$2y$10$I/UJU8pm0GO22HsBPYuX3e9E8ttDyTJQpuesC8s6lMZHj4zW1qO5K', '1315680007', '0980146456', 'COOPERANTE', 'jQQIW8Oakkbkm99lmp2EhndzkCoqTBEdJIjm5jmJnLM8iSjdmlvbnPfsNGvg', NULL, '2019-03-23 07:17:43', NULL, '3255'),
(201, 4, 'ESMERALDA PANAMÁ CINTHYA', '1314795013@gmail.com', NULL, '$2y$10$X3LRI4mWqiG2RxL6u124GuCfEK1ECRX5gBowsfF.YKtI.6jeWiy1e', '1314795013', '0993312746', 'COOPERANTE', 'xHarbPo4IB5RlgpFFcGY6xGHKmkjPq2px7Hp8k7eVmm2yPx9woxTvxygLQTj', NULL, '2019-03-23 07:17:43', NULL, '8369'),
(202, 3, 'FARÍAS MARCILLO MARÍA FERNANDA', '1311448995@gmail.com', NULL, '$2y$10$KetfmHeJClD07f.G/2kjpuLC9p90JJzhf477YRzH5zxDoJ6HDD81.', '1311448995', '0961641159', 'COOPERANTE', 'EFUMDZtVjUbhb2PshDgbY6q9liHFsYjggBL85eiWDKIfLXbtFetcFquDCwUV', NULL, '2019-03-23 07:17:43', NULL, '7862'),
(203, 4, 'FIGUEROA VERA ADRIANA GABRIELA', '1314919505@gmail.com', NULL, '$2y$10$xd0C86fMX7t.d9FTgsHQmesgTZOOZafKPIE/Vv.uX6htT9ks0LV3u', '1314919505', '0000000000', 'COOPERANTE', 'n4Mw7mCqcMFxHxgwHvH0AmdDdwmtwGyxABtNkeKEmaNpFOLjtrfiJ363VG8x', NULL, '2019-03-23 07:17:44', NULL, '8933'),
(204, 4, 'MOREIRA MENDOZA MARIA AUGUSTA', '1310117005@gmail.com', NULL, '$2y$10$B8qwRYO3XK5aVuILKNDi5O/GFVeXga8XRuVxeUem1wAlJ9o6y0zdC', '1310117005', '0961762825', 'COOPERANTE', 'NlEuUPoVPsTY18vWYvnptkFD2qG7cBnuSzwKjFtYnw3KvrrH3w0cJnLR1z6a', NULL, '2019-03-23 07:17:44', NULL, '1740'),
(205, 4, 'MUŃOZ PEŃA KATHERINE ANNABEL', '1315672731@gmail.com', NULL, '$2y$10$V3qvZ727UoaGt2pIAf7sDekbFn60EYfDURgoR2dU6pBr/7Nrxi/ym', '1315672731', '0999947040', 'COOPERANTE', 'VVfDcSgZiBTci6v4DxgoSa51l5n1kR315HafhMmrwTwtL9LOKD5KKWRIYZEv', NULL, '2019-03-23 07:17:44', NULL, '3122'),
(206, 4, 'PONCE CEDEŃO PAULINA', '1312856071@gmail.com', NULL, '$2y$10$zzhrqt8VeN08Q5E..scq0e3Pwy7X.8Dhls0K.EIaVMGTEyYeCzg2W', '1312856071', '0983531248', 'COOPERANTE', 'ywql5jUVWq3Vl9hQq2e3MjZpsYXSnhwpg6W6hoBrvjnyGtpkebtNeN31bm6s', NULL, '2019-03-23 07:17:44', NULL, '3379'),
(207, 4, 'ROMERO DIANA', '1313291815@gmail.com', NULL, '$2y$10$tsUM6Xx64i7vJl9LKhSBZe95gO7MBM9OwFox8wTvpEKa03UIK8Y9a', '1313291815', '0967035611', 'COOPERANTE', 'GQYENo98GfGc4jHdlIQiEN2ugWmRDPx4oiEeyaqj7UfYESgdwPhbnCkIosaY', NULL, '2019-03-23 07:17:44', NULL, '7764'),
(208, 4, 'SANCHEZ ARÁUZ ROSA', '1314794536@gmail.com', NULL, '$2y$10$eh9QvlU906cnWDdzng/J1ub860p4.7F5GLhiwig2C168umcPqoIGa', '1314794536', '0986195916', 'COOPERANTE', '1m0mUE4Z8ysEeeHLo9sjqrbEeVq4n6X7UyyBaZP9Xh42U0O5e07PUWSkL5so', NULL, '2019-03-23 07:17:44', NULL, '3373'),
(209, 4, 'SANCHEZ CHERREZ CARLA', '136320066@gmail.com', NULL, '$2y$10$OOfaFOxdG/3fFRL5SGMScu7I8osB0eG9MRMnncrTJUogNKULs6tW.', '136320066', '0990611279', 'COOPERANTE', NULL, NULL, '2019-03-23 07:17:44', NULL, '8528'),
(210, 4, 'SOLORZANO CASTILLO DANY', '1316320868@gmail.com', NULL, '$2y$10$r2vNvHNLWqde6OY7NWfU.eC2o7gvUIG4S4i6/yuxWdWplCkAolOWu', '1316320868', '0960498678', 'COOPERANTE', 'VJGzDvBg51IIxIwcF9ogQh15ew9eYhHSi51ef3ud90Uz4ST0vemjDcdiA2e0', NULL, '2019-03-23 07:17:45', NULL, '3957'),
(211, 4, 'SOLÓRZANO FIGUEROA JEIMY', '1313869040@gmail.com', NULL, '$2y$10$hALF6daAQh02LYsdptaVzuaUJvlKAlUhWCVhB.2NwxZtU7yL23JUW', '1313869040', '0967169914', 'COOPERANTE', '5Gy0ydNnuQ6hBkc7rAisB7e2GxQ124cv7bM3iYYWdZI4N6olRZhIrtHqN78q', NULL, '2019-03-23 07:17:45', NULL, '5029'),
(212, 4, 'VERA VARGAS TANYA GUADALUPE', '1725276818@gmail.com', NULL, '$2y$10$6XxnX93Hw4KhptS6fQplvumm/eqwcBXYk8HQ9B4WDnik.pbZYjiS6', '1725276818', '0995701988', 'COOPERANTE', 'm7skKY1spQYmqMRLTUd061amwhKAcWSXxSWD7c0r8boTOCOc989mh1wAQMPa', NULL, '2019-03-23 07:17:45', NULL, '9693'),
(213, 4, 'VERDUGA CEDEŃO DONIS MIGUEL', '1314064088@gmail.com', NULL, '$2y$10$kTAod8zg2zVuMdZ2axVGT.GBiLVaZN9FBURruBTRDKJg8K9c6G.V6', '1314064088', '0000000000', 'PROVISIONAL', 'Ivxr7TJsdgj7MRFYYf3vvwWF1ItTr6JjZaYCMnTKKnDpGAECrB4lCdaLhMdT', NULL, '2019-03-23 07:17:45', NULL, '1884'),
(214, 4, 'ZAMBRANO MINAY MAYRA', '1312580234@gmail.com', NULL, '$2y$10$UReuaQ7nzkSaevCGUR43yek4NNRYobqD0lPHre.MREyylSS7j.79O', '1312580234', '0960674301', 'COOPERANTE', 'Tqm57MGr1NSMgWZQUzS0Vmx3hPAPtqjUDxWdlN4aU18pS55gc6eAvMkSYH7E', NULL, '2019-03-23 07:17:45', NULL, '8663'),
(215, 4, 'ZAMBRANO MOREIRA JUAN CARLOS', '1313601062@gmail.com', NULL, '$2y$10$eSfi5Ao2ikbhp1c9esJiXOiOTAkCy8LYTGKIpccPW5eKxo42Sf6im', '1313601062', '0962702962', 'COOPERANTE', 'qWmW7GsR5EcASfeqIWgd7yI9lbKrNXxh2lERQnPUHoySvm12urcN6XoUj3Y0', NULL, '2019-03-23 07:17:45', NULL, '7201'),
(216, 4, 'ZAMBRANO SANTOS YONNY', '1312802356@gmail.com', NULL, '$2y$10$68Y1R.2nqMJPi1r7VLXbEO1t2bYy0rabFRW.FIdg5r1lWQ7d5tnCK', '1312802356', '0986144485', 'COOPERANTE', 'OdlCPLsQ6OT7XNzDbRNkBHKEDlNUvHXRX40IEkzglYzFv80k5glH2CfrdbwF', NULL, '2019-03-23 07:17:45', NULL, '3551'),
(217, 4, 'SALTOS ZAMBRANO GEMA ALEJANDRA', '1313018838@gmail.com', NULL, '$2y$10$3N3NzgNagoX.au4tD6Voiec2WwpGnUHihcWx/3FmNw1NZHIHgMqCG', '1313018838', '0967643601', 'CONTRATOS PROFESIONALES', NULL, NULL, '2019-03-23 07:17:46', NULL, '6034'),
(218, 3, 'SOLORZANO PEÑARRIETA FERNANDA MONSERRATE', '1310113095@gmail.com', NULL, '$2y$10$kN0U6lN8lviR.cdxsthd/eKs7EDpMQYxf5sM20MSEvRXU1.ZU8WHa', '1310113095', '0981497477', 'PROFESIONALES', 'tc1vNpOtkTl1MJaf5n50uXCxj2XfEtjvUmdUhuKqbpXByqTxsv01crRnDjtE', NULL, '2019-03-23 07:17:46', NULL, '0793'),
(219, 4, 'SANTOS VELEZ RAMON LEONARDO', '1308229879@gmail.com', NULL, '$2y$10$fr14svYeTtUuabyUFT3IU.Tw4ZSoMc.b0ZBN/xrBkvjZKtsY53zie', '1308229879', '0993493280', 'PROFESIONALES', 'SLc5lYgU9fD29ngXvrOpjFvPtw5EJW7YrpfQ2jtp451mmtfBjjoqYGqk9Q0s', NULL, '2019-03-23 07:17:46', NULL, '1182'),
(220, 4, 'SOLORZANO MOREIRA CESAR ALEXANDER', '1314700848@gmail.com', NULL, '$2y$10$JV/sDEhCv9HuczvJDqsj3O1a0TmKrDYauK5EwfSEKIRM/PrWceQgS', '1314700848', '0993094025', 'ALCALDÍA', 'vjEzpcLWt53VyPOBsgPuKFQ0X3f2OThTmIYQzigKUpxZkQ42gr1QbZSoW8yt', NULL, '2019-03-23 07:17:46', NULL, '5792'),
(221, 4, 'SOLORZANO ALCIVAR NURY MAYITA', '1309088225@gmail.com', NULL, '$2y$10$fVUdLTNFOls/TyBBE1xJPOEh4MzGJqtdq.AXOoRPE55JUNzxEmXke', '1309088225', '0959429599', 'n/a', 'oFi2HPsYJm8Ibn1Oa5pEs12YtDPJ9BBphLQozRbc9S5DuFeJ8upIjthOxzeL', NULL, '2019-03-23 07:17:46', NULL, '1306'),
(222, 4, 'TANA MENDOZA ANIBAL ALEJANDRO', '1312259458@gmail.com', NULL, '$2y$10$M1wb1XPmQjjTx2zwPUBBuutGf1u7IHy.h1akpOb4oWxKCdlKGHl6W', '1312259458', '0995812159', 'OCASIONALES', 'GdGymfYl7b5nvFUFLwUIMmS7TPhJZ2K9alWgJdSMUgYIC2k5jODi5jLzquZ8', NULL, '2019-03-23 07:17:46', NULL, '3420'),
(223, 4, 'SOLORZANO CALDERON LAURA GENITH', '1313821314@gmail.com', NULL, '$2y$10$hdTuhRJhbv2vOe099w7yNOZ/uTDDlR7A/F1HJqj9VM/KGvlZn.L6m', '1313821314', '0939616402', 'n/a', '0p0odSRjFW23owGT3r7WUKVz5PZnb3yt9kiq5zSDzVAoOEXI2gWso57uHYXx', NULL, '2019-03-23 07:17:46', NULL, '9982'),
(224, 3, 'VARGAS ZAMBRANO LAURA FERNANDA', '1310673288@gmail.com', NULL, '$2y$10$tNIdTxR4wa1FLZkJG/t9AeBWaVhFdSbSkCKexgA/PECr3MdokBd2G', '1310673288', '0939924613', 'NOMBRAMIENTOS 2018', '7YOEQuL81VenXOF7odjn84HdGmnsYoy6wchkCsuDmBQktwCAjCLLpGc3Vpoi', NULL, '2019-03-23 07:17:47', NULL, '8790'),
(225, 4, 'SOLORZANO ZAMBRANO WASHINGTON ODILON', '1314799238@gmail.com', NULL, '$2y$10$NeRqi/SGljb4FFmp.aLuEeGyHIxbDZSztcE6sOHlzHzv0qMpy3qD6', '1314799238', '0994082199', 'n/a', 'yyTHBrVrcEquFUs0LhDFhgII5RJyIOqGHNggcVhvSb5vD5TjmCkaujBGVj4q', NULL, '2019-03-23 07:17:47', NULL, '3619'),
(226, 4, 'SOLORZANO ZAMBRANO GLADYS GABRIELA', '1311704496@gmail.com', NULL, '$2y$10$V1v4/swC1Da0kqk9ul4puOaeBdUg7mu3YOj5ntLQZj9a89x0DT1w6', '1311704496', '0990600150', 'n/a', 'cM6xoRMch9g9H5LLsDm9wliOTFofDchb9CimRxC5BLl7G75P3TQUgMbM1NEN', NULL, '2019-03-23 07:17:47', NULL, '2459'),
(227, 4, 'VELEZ BECERRA JUAN ALEXANDRE', '1308909124@gmail.com', NULL, '$2y$10$PcwrDbzCJ0ppX4K4x657Pe3UUR13.ZWS6cDWycPVr9MDDAuVSFPjO', '1308909124', '0994436764', 'n/a', '6Exuq4ubj7uVUfv2Jwgh9k4ALqYMfuZtQF15K6sjyNKNjq6nFvzk0JhGFmyj', NULL, '2019-03-23 07:17:47', NULL, '5568'),
(228, 4, 'VALENCIA ALMENABA JOSSELYN KARINA', '1314554112@gmail.com', NULL, '$2y$10$xLx6QwfEPt2FWLLQNcGDo.ezQivz6IakSMcT584dq7aCGOuWB/A1e', '1314554112', '0991186621', 'n/a', 'Zf5Y7uTJQDhXyMThlC1BvWWa9YWrVl52k76OZMMJt15e3sN7AQzImkuAPIVX', NULL, '2019-03-23 07:17:47', NULL, '9155'),
(229, 4, 'VARGAS MEDINA JACINTO EDUARDO', '1309358834@gmail.com', NULL, '$2y$10$pewzJgmiBnkPKPmojIPHDOHb5/i4qG8ZzowtoAUUC.NAI5fMCwOhi', '1309358834', '0987998098', 'n/a', 'uS0Gsrl8Kh7jhhUXBlPiD41E02g3bly74JhATAjW4qplLKQu6bAjE7M38byu', NULL, '2019-03-23 07:17:47', NULL, '5162'),
(230, 3, 'SOLORZANO VELEZ MIRIAM MARICELA', '1308517851@gmail.com', NULL, '$2y$10$fMKdGeU.WoLf0Zhk3l8faeRTz4jRHQQlGC9mFYZaaQ4OJiOnNAdTS', '1308517851', '0969977664', 'NOMBRAMIENTOS 2018', 'VLeph9IiGW7f4pd9UUvgCEdTlTO25sskB71OUIE1cBtu7VFetwqscLGRCI5V', NULL, '2019-03-23 07:17:48', NULL, '6967'),
(231, 4, 'TUAREZ MERCHAN TANIA MARIBEL', '1312532243@gmail.com', NULL, '$2y$10$qxVOt0fKmp.X9g8a3tZZaeyfkOkRvTAPOe17BBbLsfwhakIuANwKm', '1312532243', '0994270466', 'n/a', '1SjoezQomsRMsy6O9LsUKpOZSYiP42QgAK8w1pXzfBqABGs8wSeBvWA8Hvfo', NULL, '2019-03-23 07:17:48', NULL, '8943'),
(232, 4, 'SUAREZ ALCIVAR JOSE CARLOS', '1312536335@gmail.com', NULL, '$2y$10$lWzjtuCB9GZd5/GG7iZdn.qRcpc8HKaGY/fmMSwU7KGdQUqHfOqr2', '1312536335', '0939988005', 'n/a', 'eyoBoIvtcnTLivCY2gz3zJztWm12msHAtiivxzqsSnZw6juOmO7jbF43QLUw', NULL, '2019-03-23 07:17:48', NULL, '4691'),
(233, 4, 'SOLORZANO FIGUEROA KIMBERLYN JAMILETH', '1313869057@gmail.com', NULL, '$2y$10$4MBiGSl1CTpNBqi2bzriz.ORY1XMH49H4QsljCYRHHVZ4i2UWYZau', '1313869057', '0978631175', 'n/a', 'AmSfYkHy01oeA25mbRnoeW4RHbNmCyHqqASIFxbqbzTJwOjN0OcsK66PUT89', NULL, '2019-03-23 07:17:48', NULL, '9688'),
(234, 4, 'SOLORZANO CALDERON GINA MERCEDES', '1313821322@gmail.com', NULL, '$2y$10$LuFxoW4/Th9TVaGWTgaCvevqkO1X1iU16mDKaiuMY2P71rCzOtfy2', '1313821322', '0962976908', 'n/a', 'ITyMWcfAeoJdkVvP8YH01Da0XpHhV68hwAQTSoYqjZM9Sfh1pRhscsXHrt5q', NULL, '2019-03-23 07:17:48', NULL, '8089'),
(235, 4, 'ZAMBRANO NAVARRETE KRISS NICOLLE', '1313771758@gmail.com', NULL, '$2y$10$qGNfjSyvZoUNLYGc05HJMu0S14vkfgqAcecm/0S9yNbxSq4otULmy', '1313771758', '0978739393', 'n/a', 'uK6zxtdIpYowsLcUUIv8gtGH7mHCP1C8ANDcTLl4PxFXAtpp1WFCEDjV35Sk', NULL, '2019-03-23 07:17:48', NULL, '7652'),
(236, 3, 'ZAMBRANO BARRE IRENE', '1308778495@gmail.com', NULL, '$2y$10$gszMWoaw8f1MUSn5lF0n5.298ny1iZsL9McpXFOZZSB/Fvp6kXBZ6', '1308778495', '0967186433', 'NOMBRAMIENTOS 2018', 'z5gVFqOkYhvnfLOIpNXH2sB8OyiXe5Ub9f0sY9oo7X85D3AMOle04Nh9nBtV', NULL, '2019-03-23 07:17:48', NULL, '6296'),
(237, 4, 'DUEÑAS ZAMBRANO JOIS ANAHI', '1315565877@gmail.com', NULL, '$2y$10$WNJurGtAsnhGgpa8XiyVAeveqaMAhAtm7dCXi4B1kH8bcCuilbE1u', '1315565877', '0983786345', 'n/a', 'PdcV4AKOFhSsYSaFeUXpZbYQUwGdxnZTS8O0LDI7vxC1PX4iIDqmtQDt0iNI', NULL, '2019-03-23 07:17:49', NULL, '2598'),
(238, 4, 'VERA LOOR IVANNA PIERINA', '1312804089@gmail.com', NULL, '$2y$10$KMMrg1DBLlCnsNihw2.gKO3F49XuTtcW1LaZz0P3mxeCM8IRxGkMO', '1312804089', '0994353201', 'OCASIONALES', '6yNAXFvEJeBGSYXwilKrRgibJownUeGKWYdiujB6aaNg1LPjXmpouY1KckPR', NULL, '2019-03-23 07:17:49', NULL, '8720'),
(239, 4, 'CUSME CEDEÑO GINGER CAROLINA', '1312498551@gmail.com', NULL, '$2y$10$te1N.eoaeB3/NWRq/SObUuz7JdHeKQv67b8hDvVpopXk9SkK9JLNi', '1312498551', '0962697155', 'n/a', 'lyZdhnG3d85BS7wQCmei7PwP6GA3Zi7jBaWT5WPhLBaXzGHXuzkkJqt28ZQX', NULL, '2019-03-23 07:17:49', NULL, '3297'),
(240, 4, 'CUSME SOLORZANO JEN KEVIN', '1314435908@gmail.com', NULL, '$2y$10$VvVGDR/6S.utdcU69OTnn.tBSUPHVHnqeocwME7Bx8PPWKM69SYXq', '1314435908', '0969942675', 'DEPORTE', 'EEiq1DQidAMMiPG6M7FvsgKmHULPVredRCxfMwUHMsGV8efPvPzZT9yvoItw', NULL, '2019-03-23 07:17:49', NULL, '1090'),
(241, 3, 'VERA MUÑOZ YILAINE DANIELA', '1312497728@gmail.com', NULL, '$2y$10$x8lb.qlspFOwvCDWSg0PTuv6SrwLj/.72U3XmRa5oShIg9YDyhG2i', '1312497728', '0997789573', 'NOMBRAMIENTOS 2018', 'idQvzBIfS048cFFhU5Lkxtsq4bRK8ppfwdI2a5ITTI4M8pQLDg4ka9YhQDQq', NULL, '2019-03-23 07:17:49', NULL, '3512'),
(242, 4, 'VERA VERA ERIKA KORALITO', '1314707215@gmail.com', NULL, '$2y$10$j9PyKtX99jX3U91N.O0sQOrBm1zC.8sfMrfzPXPlhAAgSABz2ohtS', '1314707215', '0959158689', 'n/a', 'F6KXXqsN96Zvl7nwOX5092p5YXPMl8jztNQnKzbzselMzBPCX5ciZrlvHKzX', NULL, '2019-03-23 07:17:49', NULL, '9734'),
(243, 4, 'VERA MUÑOZ GRACIELA MARIA', '1307250199@gmail.com', NULL, '$2y$10$tRUQ9byskG3ZPHUby6IiHuEM2bCjuQkA3xU2Bkj9WmjPEc/HA8sia', '1307250199', '0981239155', 'n/a', 'PCa0a37EleL3o8vc3AzbWq6zLThpvzOlQN8iXF6z0t4kShJjrfVJP1PHMfl8', NULL, '2019-03-23 07:17:49', NULL, '6594'),
(244, 4, 'VERA ALCIVAR MARIBEL', '1312858614@gmail.com', NULL, '$2y$10$9KlNS7nVH.pW8I5BPS.Wk.W8fukgnaHvnbmX7TeOkTNdavtgxTB5q', '1312858614', '0995577682', 'n/a', 'UEXawnqqERBDXXcyftnLwTxBRkCvz3VFg3qa8QYYVXQbUPc6cd1Y4Rkge1bK', NULL, '2019-03-23 07:17:50', NULL, '6704'),
(245, 4, 'ZAMBRANO ALVIVAR GEMA MADELEN', '1313402347@gmail.com', NULL, '$2y$10$FNJvgIkS9o7DtfYDc4u0ZuiQz97Ydq6nlxb2WWhk3cwSD5NEaTJEK', '1313402347', '0986997354', 'n/a', 'kGEiP5HYe2rXfOUM9y61bRlFQsnqC8eLMh0QdaAZmDtd83V6uim2NghUcWFT', NULL, '2019-03-23 07:17:50', NULL, '1580'),
(246, 4, 'PONCE OÑA RONALDO WILFRIDO', '1313053678@gmail.com', NULL, '$2y$10$CUQg9R7LjOxSvhFRmWq1XOXwKLSP6n.1ls7QV/d1rP7b2nNUV7iF.', '1313053678', '0998470096', 'DARWIN ZAMBRANO', NULL, NULL, '2019-03-23 07:17:50', NULL, '8361'),
(247, 4, 'PONCE OÑA RAFAEL ANDRES', '13137798001@gmail.com', NULL, '$2y$10$NLcQ26/RUkJbo6hbHHBHo.89/PeW.3C1XDpZt2TDTYE7G4Pj4937i', '13137798001', '0967540269', 'DARWIN ZAMBRANO', NULL, NULL, '2019-03-23 07:17:50', NULL, '7033'),
(248, 4, 'ZAMBRANO NAVARRETE KRISS NICOLLE', '1313771758@gmail.com', NULL, '$2y$10$Iy/X.Bf24yrfBPy25F3Lh..zlFkvgWdL.qGjn0Bd9LpN7mMe8YEoq', '1313771758', '0978739393', 'DARWIN ZAMBRANO', 'htwRIiU9uxgLKshAn1oixgUtHUByHBRg9lDCU7QNqZ46JRNJsZ5uxkPJeXvk', NULL, '2019-03-23 07:17:51', NULL, '1872'),
(249, 4, 'ALCIVAR SOLORZANO RODOLFO ALEJANDRO', '1314435627@gmail.com', NULL, '$2y$10$cIDZ4mLWLDZ.U/k2PxMPDeRE7kazEPEELjtI4uE5OQNelbYX4xXYW', '1314435627', '0996039866', 'DARWIN ZAMBRANO', NULL, NULL, '2019-03-23 07:17:51', NULL, '2377'),
(250, 4, 'ESPINEL ANDRADE JONATHAN MAURICIO', '1313014969@gmail.com', NULL, '$2y$10$LemMoosVpP8DkF.wv6S4WOtLQ4/0mNY5J75Dc4wYjTLUg5p7Ce1pK', '1313014969', '0991922578', 'DARWIN ZAMBRANO', NULL, NULL, '2019-03-23 07:17:52', NULL, '3727'),
(251, 4, 'LOOR CALDERON MARIANO VICENTE', '1304565920@gmail.com', NULL, '$2y$10$aL73ieJcI.O6fHUsGe.WR.JRRH7U5WcLnCdzgXGyHooGrcqdB2bTm', '1304565920', '0939701813', 'DARWIN ZAMBRANO', NULL, NULL, '2019-03-23 07:17:52', NULL, '8495'),
(252, 4, 'SALAZAR PADILLA JESUS AGUSTIN', '1315516771@gmail.com', NULL, '$2y$10$8EhPtAdM4oEs/UDHzBtRyOiIhnuiW6TxfvmmzuOYkNo5rrJNIq642', '1315516771', '0984810613', 'DARWIN ZAMBRANO', NULL, NULL, '2019-03-23 07:17:52', NULL, '7395'),
(253, 4, 'BERMUDEZ MOLINA PEDRO ALEJANDRO', '1313861906@gmail.com', NULL, '$2y$10$zwfniHnnRo66LjTLrRiRPOq1doIyKGqssIh9DA5JRO3wJ6SA3MMqW', '1313861906', '0980014671', 'DARWIN ZAMBRANO', NULL, NULL, '2019-03-23 07:17:52', NULL, '0669'),
(254, 4, 'SANTOS PARRAGA LUIS OCTAVIO', '1309081733@gmail.com', NULL, '$2y$10$7wrk1YjNcVygdmq6ITEkL.zpQ43w6p5U2zERK3J7pkR6iAVjUUBs.', '1309081733', '0997905634', 'DARWIN ZAMBRANO', NULL, NULL, '2019-03-23 07:17:52', NULL, '9854'),
(255, 4, 'ANDRADE CARRERA PABLO ALBERTO', '1307107498@gmail.com', NULL, '$2y$10$hbrxP/zlapAgOMSskuHtU.DZruqvti92mKzo2DKbXZGFQ719FjGBG', '1307107498', '0983346727', 'GAD CHONE', NULL, NULL, '2019-03-23 07:17:53', NULL, '9846'),
(256, 4, 'MINDA MURILLO ÁNGEL RICARDO', '1314038785@gmail.com', NULL, '$2y$10$zVglKbtBhzPPy4FPIAsgwuPaTpSaujeIlwgf0wUONcgQ9hngLqSaK', '1314038785', '0961284769', 'YLLESCA', 'Chv3BiNIOpYhCE8KjBtSqoMJdnF1n4UOFcBOrygtrB79RU9oPZ0vbaoIL2zk', NULL, '2019-03-23 07:17:53', NULL, '9337'),
(257, 4, 'MARCILLO ZAMBRANO ÁNGELA ESTEFANÍA', '1313499224@gmail.com', NULL, '$2y$10$y1N5bDWS5QV9Xf7LoEX.QOfE9CKAWyFL.kHfoBwK3B4UVbvSl9eAq', '1313499224', '0959204272', 'YLLESCA', 'iyCdJpGhRlppKoivETLlwBFrJ5pYXKu8zmDWHtchKhu5IEVyGbb3tCjjrhaC', NULL, '2019-03-23 07:17:53', NULL, '1182'),
(258, 4, 'LOOR ALCÍVAR STEVEN ARGENIS', '1314787993@gmail.com', NULL, '$2y$10$DexWdAyGN7iU67PDczJnoevNmi1AUnXYuR1ocRSyzQDwgbqnD6CYK', '1314787993', '0978881237', 'YLLESCA', '7CWNHtAp6VkHbeXilwotrUqlTGqjXPmiAwUYuqRAE0LWKA5N14mxMGTfApKX', NULL, '2019-03-23 07:17:53', NULL, '3656'),
(259, 4, 'VILLAVICENCIO ROSADO MAGGIE ALEXANDRA', '1315867786@gmail.com', NULL, '$2y$10$/2RD2AectVreT3g3HbRzM.O4oAkxBlo/tEr94UWdmy8cP0ApNoIB2', '1315867786', '0969168433', 'YLLESCA', 'jRHfQTRQRWRVJUrMleHoWz33VSG7KHWiu4VNfZBBIB58bKbNvI8mddIh6hKm', NULL, '2019-03-23 07:17:53', NULL, '3393'),
(260, 3, 'GARCÍA LOOR DARÍO JAVIER', '1312308628@gmail.com', NULL, '$2y$10$clWJZPZCrsyJ4LzfpmGFQuJGrdd2jGYY7bIbaQGqBt3UpXwmgsYyq', '1312308628', '0997442971', 'YLLESCA', 'icEcmjWPhVnUF0uq1zQBb61eIbe6v0GKokbYgbfZj3o9KCzAoXZV7c9RjdEI', NULL, '2019-03-23 07:17:53', NULL, '4459'),
(261, 4, 'LOOR MANZABA MILDRED TATIANA', '1314518679@gmail.com', NULL, '$2y$10$hzmxv39gHbwsYhP7aUjeCOcsUStGlIdPoiFthVfXFoJ7xZI9J7A2u', '1314518679', '0981682550', 'Isabel Garcia', '7KgAcTp6mFMQs7AH5WviovyB8MSQ9Y7cdqaGlMmGglQo001ubTcqyzhFUf7L', NULL, '2019-03-23 07:17:53', NULL, '0699');
INSERT INTO `users` (`id`, `IdTipoUsuario`, `name`, `email`, `email_verified_at`, `password`, `cedula`, `telefono`, `referencia`, `remember_token`, `created_at`, `updated_at`, `IdRecinto`, `clave`) VALUES
(262, 4, 'ANDRADE MOLINA KATERINE VALERIA', '1313525204@gmail.com', NULL, '$2y$10$3Ti1voggvHaaYrJYGrTvG.i.QhF8jualmKkpMrjX35J7eCeS5ExXC', '1313525204', '0961787229', 'YLLESCA', 'yVVUWMDunRdb9B2oYDfgXhy9TPxxuh6oUmf1hBUVrT789FcLBK5twtxoUBRc', NULL, '2019-03-23 07:17:54', NULL, '7260'),
(263, 4, 'ANCHUNDIA PONCE ANDRÉS DAVID', '1313523787@gmail.com', NULL, '$2y$10$fk3hn3pdNPj1zcUYPNLOW.mW8CozsF8LDUBoyEENGN3kvjdMg26.i', '1313523787', '0960235835', 'YLLESCA', 'y667OzJ9mJHT8cPDoNSLH71mrE47iD91cfKkVMPGDdFNATcAVyhYC18AZiz0', NULL, '2019-03-23 07:17:54', NULL, '0392'),
(264, 4, 'CEDEÑO LOOR ALFREDO ENRIQUE', '1313797670@gmail.com', NULL, '$2y$10$uEF2sYG9LP3KlefgvZ7WmOdtbaDdfsZFNQyUb9HFu2H37Ry80DR6G', '1313797670', '0988597092', 'Isabel Garcia', 'wGWsNKrRTuqtFHGv9RkVEpEcozs5rWrdSjkWYyTwQyPijsj2Yc2LBfyhukyq', NULL, '2019-03-23 07:17:54', NULL, '2723'),
(265, 4, 'ZAMBRANO NAPA FRANKLIN HERLY', '1313572990@gmail.com', NULL, '$2y$10$1r6639jIlaXrEkGk7Wo0VeDrzzGCMgp1vjBt3bL378lhRP.DWqG/e', '1313572990', '0988749494', 'ISABEL', 'LE3aeoaYzGvLGrwE3xkeAHt9UeeIUtPv41ErU1ldN1sf0W7pU9dUwcnSZJUP', NULL, '2019-03-23 07:17:54', NULL, '5552'),
(266, 4, 'CEDEÑO LOOR ANDREA ESTEFANÍA', '1314478270@gmail.com', NULL, '$2y$10$pJdGXlVglVHWhsVFsSpqQeRyvFFVdbjvMycNywBQz4ONx/MJ0mDs.', '1314478270', '0967573647', 'YLLESCA', 'Foo2j0ArWALBIhVkNhPPFXQyKqQAadDWeKpJDdUjyuwZ0N4vSwnmwprnBF5B', NULL, '2019-03-23 07:17:54', NULL, '5610'),
(267, 3, 'ZAMBRANO CHEREZ LUIS MIGUEL', '1316326758@gmail.com', NULL, '$2y$10$PAJBYizpCmqn1kEay/oV4OigTOIQe9c35s6WNVIDuEcEeKV62knVW', '1316326758', '0985891605', 'YLLESCA', 'aun4MHxmZlujERMXcP3nJkrzHVqCnFCj7LqEOWRqTdXsFGvDSibdvmfuvrOw', NULL, '2019-03-23 07:17:54', NULL, '3022'),
(268, 4, 'CUSME CUSME CARMEN BRICEIDA', '1310303571@gmail.com', NULL, '$2y$10$S8ck8KPDREuoTVagQafaoO8xz1TPSA/kv4Vg39p2C6ukyO2TcmqbW', '1310303571', '0979977282', 'YLLESCA', '3YWw4FBSOdTRp5C7agchsIef4prksXnt1BJZTBCGR9nSSer4nsFtWB8BJ14n', NULL, '2019-03-23 07:17:54', NULL, '9489'),
(269, 4, 'BRAVO MOLINA JOSE BENITO', '1305666263@gmail.com', NULL, '$2y$10$sp/M6t0PDLJooy/dUivzVOqa9jW/lZBAUyQg2goCcOkzalpKq4tbG', '1305666263', '0000000000', 'YLLESCA', 'pVj7oPMX3mtZX7OKVT6vacTsZZ54T7CF1lkzAnyQ6Qp81wN5pUyxRtUM9oaW', NULL, '2019-03-23 07:17:55', NULL, '8563'),
(270, 4, 'ANCHUNDIA PONCE JOSE DANIEL', '1313523803@gmail.com', NULL, '$2y$10$auAgMkTJAQQxegu6cwsWCO1FJrLBIgRAbjce9u2eFgprR.fxbaHGq', '1313523803', '0996708127', 'YLLESCA', 'YcOdZyxX3hPcPDAJH4eHDA6fpT3VaExCh0EMBVbB9RjemvCk6pkeNobHSrRe', NULL, '2019-03-23 07:17:55', NULL, '9092'),
(271, 4, 'HERRERA ORTÍZ YESSENIA ESTEFANÍA', '1313051219@gmail.com', NULL, '$2y$10$Al3jQtA/abBPjHDS1xVFPuiCoio5nwbOekK.mXpXkeJiuIZeZ3yPS', '1313051219', '0939782125', 'YLLESCA', 'BDJoimdOhPREZNnd96StRm0PowWYNjOUb8cqeMSNooYXRxovOTGmFnj54Xzp', NULL, '2019-03-23 07:17:55', NULL, '3088'),
(272, 4, 'DELGADO ZAMBRANO ÁNGEL JEFFERSON', '1313709097@gmail.com', NULL, '$2y$10$h/4sgTkHYGN3dSYChDcDAedOV8plGLF0Vc1Gxd744aIlxHp3bbzTe', '1313709097', '0967135621', 'YLLESCA', '5khv2PVubATJRMJ2zvggbaHJY90Qf6Ln4gEDGz1lvQ5rW1XzhgwClcVsRQd6', NULL, '2019-03-23 07:17:55', NULL, '3169'),
(273, 4, 'ZAMBRANO GUADAMUD MERLY KARINA', '1313437251@gmail.com', NULL, '$2y$10$iEFz5DBhtz.VOwFpGrhVoelVNX1so/US1Da/MvzZcSZWWVi3SgBdC', '1313437251', '0986057974', 'YLLESCA', 'KRlVlENu2P7FeMNWILhc4Xc1Ck4sE4E8UwlxUOVWlTVtn4OuDL04BjupJpLl', NULL, '2019-03-23 07:17:55', NULL, '1323'),
(275, 4, 'ZAMBRANO MOREIRA MIRIAN PATRICIA', '1311481582@gmail.com', NULL, '$2y$10$RFAQd0WjneOwrNm/aZ40ZuFop0LdaL7LqrlRPTFTrGh23wi1UN6.G', '1311481582', '0959082951', 'PROVISIONALES', 'kyzePJac8bPwQjW5hnviL84pYi34D637v2gVBYEka3PufEEsHwKMXRUuBT9H', NULL, '2019-03-23 07:17:56', NULL, '6704'),
(276, 4, 'ZAMBRANO ZAMBRANO ÁNGELA RAMONA', '1314431139@gmail.com', NULL, '$2y$10$PUHgvLvuNu8BeRuBOlTUv.q3I8VMsw9Yqne5ya.CF6.Prqr.QZioG', '1314431139', '0979273862', 'MARCO VERA', 's4dNw6QjrysUASxkBJS8w4ihOdFQV3pWCZfc8Yc42eTTxeQtas76XieUk8Sh', NULL, '2019-03-23 07:17:56', NULL, '6036'),
(277, 4, 'ZAMBRANO ZAMBRANO JOSE FABRICIO', '1311123812@gmail.com', NULL, '$2y$10$R4Zw0toNln9gObbhwpB0x.jAXBbzsaOXWyUn4I1gi1.zQFCO4Ed8S', '1311123812', '0985176543', 'A.P', 'iha5JnBvmorx9AqmDXnKjcCBTNWYOOYhqfTp8nyh5bYlkDARin7dSa2Fs10W', NULL, '2019-03-23 07:17:56', NULL, '0996'),
(278, 4, 'ZAMBRANO ZAMBRANO JEFFERSON ENRIQUE', '1312586553@gmail.com', NULL, '$2y$10$83dqqpQyB490r0NsvlKL6.vdC2ZPmLRoqCFgrnMOyChMtS5D.21a6', '1312586553', '0992609478', 'SERVICIOS PROFESIONALES', 'EAmMZWqTB043fBMcXJbalyaAUYM060jl7WjUl2MeTak0W9c7S89AaQGFukGF', NULL, '2019-03-23 07:17:56', NULL, '0359'),
(279, 3, 'ZAMBRANO SOLORZANO ALICIA DEYANIRE', '1313865162@gmail.com', NULL, '$2y$10$hgok7SbeUgVRmnnDEJLuMORENzyj.uL6CzELVMsCO8Hlrbnt4YX1O', '1313865162', '0992857539', 'COOPERANTE', 's4Fd3mfW0pU6HatyhDuFCyFCaRVHzWNSW0lbVbeT1Q94qolileUcJC5LWz6P', NULL, '2019-03-23 07:17:56', NULL, '3332'),
(280, 4, 'ZAMBRANO SAAVEDRA LORENA ALEXANDRA', '1309939401@gmail.com', NULL, '$2y$10$sqorc6AYmhJseZrkahmaV.DRBTUSn.t9iMFycODJ3gTZqlnULnMde', '1309939401', '0979364719', 'CONTRATOS OCASIONALES', 'PeODKFm6rBf0HOcfiHeWAG2gB5QyxJc8Cgsqfps19gTnsgyZBqtXlwaLEziV', NULL, '2019-03-23 07:17:57', NULL, '5088'),
(281, 4, 'ZAMBRANO SOLORZANO MIRIAM LICETH', '1313865246@gmail.com', NULL, '$2y$10$.1XcoM.79BiKKp/D9JUDVeVEbHw5AODkODn89ldiNfQ99ajwu26KS', '1313865246', '0984163953', 'CONTRATOS OCASIONALES', 'Qd4gqgTepmTD6YS1gJadBiZnAseP6QCxPiPkFGXIDAMQATZnBL0bMRDwRn4a', NULL, '2019-03-23 07:17:57', NULL, '8959'),
(283, 3, 'ZAMBRANO MEJIA BETXI CARINA', '1309219093@gmail.com', NULL, '$2y$10$K9nLOSY4SKqD/TZRrcKQyOGK13ieBedVP5WLCq6HnIO.EJ5IO0eMS', '1309219093', '0980943582', 'JEFES Y CÓNYUGES', 'oyfykWexIZxbWopNz9Ex48B47MP2c7Hbla7tqHn66VOdGi5lMEuXwJhZSGOf', NULL, '2019-03-23 07:17:57', NULL, '9686'),
(285, 3, 'MENDOZA PUENTE CLEMENCIA DIAMANTINA', '1309713467@gmail.com', NULL, '$2y$10$/RSIVMsNhhba6NPubjNnfOOyzpEETMm8ozketss8Fr7aWueS3JsLG', '1309713467', '0980009956', 'MARCO VERA', NULL, NULL, '2019-03-23 07:17:57', NULL, '3908'),
(286, 4, 'ZAMBRANO BRAVO GIPSON DANIEL', '1313607309@gmail.com', NULL, '$2y$10$8hkNl09tBOG5ult63ptn3.klZnB/TMrBjsalvFghlzKotIJgHmdvi', '1313607309', '0986869348', 'MARCO VERA', 'CV26uS3oO0H4ynhokI5y0qQduK2WxmdgjcO3YSVcdPBk4KtX9W6PCPEP5mgh', NULL, '2019-03-23 07:17:57', NULL, '2434'),
(287, 4, 'ZAMBRANO BERMELLO MAYERLIN ANTONELLA', '1315675536@gmail.com', NULL, '$2y$10$7cQce1rclRtbVIb1aU9tG.ACxywkWv1hebKaRPN/oxkozvwCC23lu', '1315675536', '0983450317', 'MARCO VERA', 'CcIXUZQEv419laIAafVRYSAC3oErrKBZayTmrEvec13U5MeupQ6HOQBcbsO4', NULL, '2019-03-23 07:17:58', NULL, '6370'),
(288, 4, 'ZAMBRANO MINAYA LIDER MANUEL', '1312853292@gmail.com', NULL, '$2y$10$/esPBeVHJR8WwaQEE9vXPe6K0YkPJVfb8mqLZZUxRAF.750jjSzyC', '1312853292', '0939356908', 'FERNANDO VERA', NULL, NULL, '2019-03-23 07:17:58', NULL, '5261'),
(289, 3, 'ZAMBRANO ZAMBRANO MIRYAN JOHANNA', '1310308497@gmail.com', NULL, '$2y$10$okh7Ve9UN5T5eH8JiA55buoLpi7LnpSDgYTqoIxZbsjncklIwO.XC', '1310308497', '0994057175', 'JEFES Y CÓNYUGES', 'vtI1eJiANCBI3umaFApqISEIknTkGJPyLYRbPxJ8DZekeb700aENJVOf1Qgk', NULL, '2019-03-23 07:17:58', NULL, '9258'),
(290, 4, 'ZAMBRANO CANO TANIA DANIELA', '1311389058@gmail.com', NULL, '$2y$10$wAe2w1rj.Tdgc2JkGHZ/e.h0/XTJrox5TPiCmtirFeleYGzM7aYuK', '1311389058', '0959203105', 'MARCO VERA', '8OaBQd2WTL75dGKyPpEEE9HJx9cESi8iTxBkqyHVht2bH7GeE34FLj2xBp4C', NULL, '2019-03-23 07:17:58', NULL, '5009'),
(291, 4, 'ZAMBRANO  MENDOZA SILVIA CECIBEL', '1307616621@gmail.com', NULL, '$2y$10$lvmOnOSwRfZQwKFzUZLSUe4N7XBGszL5ePdNInyqd4X.S0yKistLu', '1307616621', '0980833557', 'CEMENTERIO', 'jRmvW7W6rIO7kxiwFWrzTDjndOU1niyErx77sQGvwuoI5ExJpFz0tMB6Jk9e', NULL, '2019-03-23 07:17:58', NULL, '8823'),
(292, 4, 'ZAMBRANO GARCIA LISSETH FERNANDA', '1312585423@gmail.com', NULL, '$2y$10$ACcJ6Zz1M8gv7wchhmlY1.Ta4PXpBSHrO6giIq0PoaCAmtT/VJCB2', '1312585423', '0978952722', 'SERVICIOS PROFESIONALES', 'jrTcJdZdUgVcIX2FnvaxNywXafxu8o4nYAj6ZwI09j4eQWA4wYw94XToLsgy', NULL, '2019-03-23 07:17:58', NULL, '6336'),
(293, 4, 'ZAMBRANO COBEŃA RICARDO', '1310678667@gmail.com', NULL, '$2y$10$hASfvInnXRZUp.cSsBAdbew62JQdi5naRa/e6NVhrb/iTz5IN6jA6', '1310678667', '0994194155', 'NOMBRAMIENTOS 2018', '8y8vMMuvdCzzv1D4tYEcvWiXJ8wZPzmWjAMBaDEbQpIN6p0rbCqJBBxerPnY', NULL, '2019-03-23 07:17:59', NULL, '6388'),
(294, 4, 'VERA MACÍAS FLOR MARÍA', '1313704007@gmail.com', NULL, '$2y$10$19DJpq6hCugKTwYAD1ujMurAM3dRyxBpcu77MWTb4DZyWKSpjU.92', '1313704007', '0980871501', 'COOPERANTE', NULL, '2019-03-13 09:30:02', '2019-03-23 07:17:59', NULL, '9627'),
(295, 4, 'MACÍAS BARBERÁN JOSÉ RICARDO', '1308134582@gmail.com', NULL, '$2y$10$1AsGb.WP33nMVOdUF9UdTeGI0w5ALFDlkj9/wh/aht8hDgsmS6hPa', '1308134582', '0990197713', 'JEFES', 'nkW0nFiYZxbKpsSZRano8QxlGUrGu6IEKH9LUFLubM9cBor7fNPLqPLMiPeL', '2019-03-13 10:06:24', '2019-03-23 07:17:59', NULL, '0326'),
(296, 2, 'CARMEN MARIANA CHICA PINARGOTE', '1311423832@gmail.com', NULL, '$2y$10$7nguSiXCvAslfXDqhCzxXejM9W3w9vbWcvmCb.LhdupvuAfACXDBy', '1311423832', '0987068198', 'OSWALDO', '2ONspDmwgONTMlpL6kkhJmUnP8OnlXPJL1F9soWiecIN6XK6BxdPFqHaOAz2', '2019-03-13 20:11:34', '2019-03-23 07:17:59', NULL, '2212'),
(297, 1, 'Jeniffer Alcivar', 'jeniffer@gmail.com', NULL, '$2y$10$5lszndiacJQriRnrmb2LReFfighS1OT.CUlzBm4jKcZ7nFkh5cgGu', '1313672311', '0982119588', 'N/A', 'iqK47N8GfYd4S76FL7k6Rye0zeznIkxpqvcCQ0tz4Z8OLtS0lFFVbL30Leh5', '2019-03-13 20:16:05', '2019-03-23 07:17:59', NULL, '6883'),
(298, 1, 'Hola Soy', 'legoflegen@gmail.com', NULL, '$2y$10$zPSHjM8CQ230pXKq0f1upu4y/gR1VTl2ewIqTQrMA3Pcdo8U61Nhy', '1313707158', '0992345678', 'N/A', 'OdILmo0taBcRH9ZN1njM56aB0wCMOFARzfn7U2Neb2FNKFoJcC30MLdsbjmy', '2019-03-13 20:18:14', '2019-03-23 07:18:00', NULL, '5178'),
(299, 2, 'NEVAREZ MENDOZA MARIA GABRIELA', '1309774501@gmail.com', NULL, '$2y$10$LBa9vf961Bo./bcH7y/sYOEbThrnBKnZQoy2Orw8eeWb0BdaC434i', '1309774501', '0991178331', 'GADM Chone', 'nrddfxRwcqWlq3xVRKdzWSh8TIwv6BSvAFKfllYCAhAOGao328RtWrd0Oqi6', '2019-03-13 20:19:16', '2019-03-23 07:18:00', NULL, '6550'),
(300, 3, 'MOREIRA GUTIERREZ JHON CHARLES', '1312165572@gmail.com', NULL, '$2y$10$MUbbFs1QYZGV37scwoIHseHarT.Gm7iA0HOHcko6x3UbpvRs1B/Zy', '1312165572', '0999570192', 'GAD CHONE', '2SFQCVILjNWjtYCskiXxTJyKBqFHgyQHQhwJQKACdTsIbpn6SRqo2m0MCfhx', '2019-03-13 20:41:21', '2019-03-23 07:18:00', NULL, '9359'),
(301, 4, 'CEDEÑO ZAMBRANO MARIA VANESSA', '1310970601@GMAIL.COM', NULL, '$2y$10$jgEGIZw67EY2OT7F4ygBh.26ikwbGES5/bRojqKGz03.MtRqtrkCm', '1310970601', '0991680650', 'GAD CHONE', NULL, '2019-03-13 20:42:19', '2019-03-23 07:18:01', NULL, '7021'),
(302, 3, 'MOREIRA GARCIA JUAN LEONARDO', '1309521001@gmail.com', NULL, '$2y$10$Qh0Pq7P0rLOK59/DgVADQOV3C383zvtSkiuY//8p54Q0l/81sRGJ.', '1309521001', '0939169695', 'GAD CHONE', 'j0eEXEuj0WlHR2JSLO2oyFU3HgQ2EUS5gG25x0m4PZDjtaPjQrn2DiS8DIiB', '2019-03-13 20:47:34', '2019-03-23 07:18:01', NULL, '5977'),
(303, 4, 'Morales Flecher Carla Valeria', '1310678709@GMAIL.COM', NULL, '$2y$10$bZRStbFrU8Jln/lFtydkf.gcNEsAXH.HTR5szWi5Q01dpRCNMqaDy', '1310678709', '0981844419', 'GAD CHONE', 'AxmUj5soJ5yUgIU4ilz4cSboDf8LtVmzV4y4KEiwR05jFin2dq74xSIgvWW6', '2019-03-13 20:48:57', '2019-03-23 07:18:01', NULL, '6718'),
(304, 3, 'SAMANIEGO PALLAROSO LORENA VERÓNICA', '1311651853@GMAIL.COM', NULL, '$2y$10$dtpBOftbRg06XYovCrNL1.jqLWO0SOi8yD/u/hM.UULdDs2h.fdvu', '1311651853', '0981789133', 'GAD CHONE', 'LKj4vQytVcobAA7XwSFlvui5QBrkJW6N3akohjYo9UrZPsp7mTy7IhWMz81P', '2019-03-13 20:51:06', '2019-03-23 07:18:01', NULL, '2949'),
(305, 3, 'PAZMIÑO PAZ LENYS ALIRIO', '1306244318@GMAIL.COM', NULL, '$2y$10$5usTTvhCNvUxibRVLiHcrOjYoPhxRL.q.ASAQgwq0ASXPDARtMmi2', '1306244318', '0996143004', 'GAD CHONE', 'Vj9hMjPPYQlktPKf8bH0VdCKIo5wFEzzBwY4FoCa7P6AtpvsvjxQVwIi0rsO', '2019-03-13 20:52:28', '2019-03-23 07:18:01', NULL, '6478'),
(306, 4, 'MUÑOZ ORELLANA RAMON BENIGNO', '1314339357@GMAIL.COM', NULL, '$2y$10$1ckACXwywjoYPTejkmvMvugUGF/Doxkm1qg.4mHyEvnYQ5k6j9FCK', '1314339357', '053027768 - 0992922093 - 0986604918 0980937103', 'GAD CHONE', '74LSGPZZe3KflnfJm4dAqXRtD82lOcPi7zCgsACiTcMtP3HQL6r7khQ5qnwH', '2019-03-13 20:53:59', '2019-03-23 07:18:02', NULL, '3525'),
(307, 4, 'Moreira Zambrano Leticia Isora', '1310357809@GMAIL.COM', NULL, '$2y$10$Fb1q0mCD/EU/.jIqlv/qGeb5piI0BDvG7h1AqCIBkTv82byzckx0S', '1310357809', '0980937103', 'GAD CHONE', 'rYADgk6FrTm8BFAL0icGertX86c3GCulBfEaIswn35WoSatJwaTKLgLc5u5a', '2019-03-13 20:56:19', '2019-03-23 07:18:02', NULL, '4912'),
(308, 4, 'MUÑOZ ZAMBRANO ENRY FRANK', '1307015428@GMAIL.COM', NULL, '$2y$10$/LBXffVoJkB6vzm9qZF50ebZhzADQp1dgPvtOnwo1KSF5m/irbL6.', '1307015428', '0990875434', 'AGUAS DE CHUNO', '1Ak3REOOQpXci0Di3dxwdPfMJGSjmRqtBiYPOR3cfDuMKZX9enixiUR1Ibtd', '2019-03-13 20:58:16', '2019-03-23 07:18:02', NULL, '6282'),
(309, 4, 'ENA KATHERINE MENDOZA MARCILLO', '1314641216@gmail.com', NULL, '$2y$10$VV.NYen.P2ETElUid6mfF.LPXvJnK/M8Fqp.HWTjnwufNf4de0WNq', '1314641216', '0956109752', 'OSWALDO ACOSTA', 'aRu3HZ5vW65tOu1T31URay84SeLdcMTuTgieTEFb15zVq2uiczsLMRVei4UY', '2019-03-13 20:58:54', '2019-03-23 07:18:02', NULL, '7420'),
(310, 4, 'Murillo Loor José Antonio', '1312052580@GMAIL.COM', NULL, '$2y$10$LwQ3vUXD3deQzNWG4FdEUetMF7RgAq5f8.yUhhQEhjsSqhYf8kAAS', '1312052580', '2360006 - 0967872399', 'GAD CHONE', 'cbyQMIyR0rjf8VQahTC2oi2Hh9MYBW07RaRaBjaA0egvH9bgHwp4hC3Mn09H', '2019-03-13 20:59:37', '2019-03-23 07:18:02', NULL, '5750'),
(311, 4, 'OSTAIZA CEVALLOS MARIO VINICIO', '1309594362@GMAIL.COM', NULL, '$2y$10$ZEpk52yBeqZU9Dc.KUbnSerewQe8k7/1tbpWYv.2SdpXiOnuGsHNW', '1309594362', '0996547227', 'GAD CHONE', 'hyYtb6zYwYidwwVbf9KOotHtQB0LHbL7aC2qvRk03PMCARLfB3elOpOa1tIq', '2019-03-13 21:00:53', '2019-03-23 07:18:02', NULL, '3750'),
(312, 4, 'XIMENA LICETH INTRIAGO VALENCIA', '1313579367@gmail.com', NULL, '$2y$10$AfyAiGUj8sCqAAXiTvDrfuzowz6mLivbtOQJu0NjKZn2kxQh4an4.', '1313579367', '0995134146', 'OSWALDO ACOSTA', 'qoOQ4N91fO7c1eYI8AW9li8hLzCQOUJg7mcR1vr6pgxqlgxbkwnw6ET2esZm', '2019-03-13 21:01:10', '2019-03-23 07:18:02', NULL, '4918'),
(313, 4, 'Palacios Mera Eder Vicente', '1309776522@GMAIL.COM', NULL, '$2y$10$S6TSf3wyfy0wJiRa/MUhD.XN32gUiF7lb7Puf020O1R.1Xg/.3SPy', '1309776522', '0999435104/ 0991541585', 'GAD CHONE', 'loT5qP8F1orC91qTxVfGC8U5vIXANTfjVBg9AOD4ygsmyTo2fEnOneUyfPvh', '2019-03-13 21:02:18', '2019-03-23 07:18:03', NULL, '5166'),
(315, 4, 'REYNA BARBERÁN STEVEN ALEXANDER', '1313895623@GMAIL.COM', NULL, '$2y$10$6UImUJD8p421vr09XUcpUeRaHsrBYsK9A.ky/J8pu5ctmDKqjCOuS', '1313895623', '0961505111', 'OCTAVIO CASTILLO', NULL, '2019-03-13 21:03:49', '2019-03-23 07:18:03', NULL, '6753'),
(316, 3, 'ORDOÑEZ ORDOÑEZ ISIDRO OMAR', '1302917651@GMAIL.COM', NULL, '$2y$10$FjJuPEp5PkRpS/4xvtdRsOua0fEuwLTUiOsu1dDrnCGts717a9VJy', '1302917651', '0997627035', 'GAD CHONE', 'aOL528iatYTfSmEfF48edIrncL86cPIEpXjbJqSe5UzZwOYHcdQpoALfbGKv', '2019-03-13 21:06:12', '2019-03-23 07:18:03', NULL, '8626'),
(317, 4, 'GEMA DEL ROSARIO PINARGOTE CEDEÑO', '1311887275@gmail.com', NULL, '$2y$10$7lOF/oMZhumL539EhUKKxOl1AsD3JvOsMygyFnFX6SVU63QqEeS6G', '1311887275', '0995378468', 'OSWALDO ACOSTA', 'uCAtsJxVBecUPqeeE1STSHV4hpW73gIn5ItgHeT5grAqGZNca0VkCYpvF6Tx', '2019-03-13 21:06:52', '2019-03-23 07:18:03', NULL, '4894'),
(318, 4, 'PAZ MERA MARÍA ELENA', '1310673684@GMAIL.COM', NULL, '$2y$10$TLdeWztDYDgIPyP8PV4ch.QgL6K9ZjWag2Qmm.pBk439m5K/D9MEW', '1310673684', '0989717318', 'OCTAVIO CASTILLO', 'p1t15MrEjqz864gcoWNNhiWHch7tjlhYwYHHcsmZrhyr9ACkRL3XCMJlAHj4', '2019-03-13 21:08:45', '2019-03-23 07:18:03', NULL, '9126'),
(319, 4, 'AMPARO MARIA HIDROVO CEDEÑO', '1313567214@gmail.com', NULL, '$2y$10$MqjR0/OwN61c/m/iJrFXxu0klbJb/7rGpgHbESgUENLXNXXWNF9X.', '1313567214', '0998856923', 'OSWALDO ACOSTA', 'KHhNfqu8TCeqDU8FPzuI0BAxGECIVrohk5V8NcgyJNFgoVSLIJ8pYgzU8kyu', '2019-03-13 21:09:53', '2019-03-23 07:18:04', NULL, '5091'),
(320, 4, 'RIVAS BARBERÁN BRYAN LEONARDO', '1350962252@GMAIL.COM', NULL, '$2y$10$DglPkn4FwG8AKX5NsQdSXeV89pFoxNmGi6RCRutrAwqsI/k3ubLa.', '1350962252', '0984462380', 'OCTAVIO CASTILLO', 'UcsxMIRp8q9kHR7mTIhjfdlLGGlZkKbnX1Y0mUERWFZcOdwPfap8AcLKfRSU', '2019-03-13 21:10:15', '2019-03-23 07:18:04', NULL, '4700'),
(321, 4, 'BERNARDITA DE LOURDES ZAMBRANO ALAVA', '1308271897@gmail.com', NULL, '$2y$10$HX4myoyv1NJiW0hShVhi..I4nbddRFx81C4Nr9C8F5wMCHEyVHLIu', '1308271897', '0993597714', 'OSWALDO ACOSTA', 'YV3FHUngfYsKT9re65vK5jlnLsQ7UTizprsdGFke3c852KjswxpP9Sno6dPy', '2019-03-13 21:11:34', '2019-03-23 07:18:04', NULL, '7379'),
(322, 4, 'MOREIRA DELGADO KAREN SELENA', '1314062215@GMAIL.COM', NULL, '$2y$10$WU4/yXzX1rQqJ.Ct.AFNG.WjTh13O3c/CL3f7OGLxESFSpZMH7jRm', '1314062215', '0980949761', 'TIA LILY', 'VaGLWs3CZZLk7MOpf4o1gWnv9ZhCM4rVC1FGsu8UxIMSWbjDMKnz9fpJhfhs', '2019-03-13 21:11:40', '2019-03-23 07:18:04', NULL, '4867'),
(323, 4, 'Rivadeneira Andrade Pedro Eduardo', '1304140724@GMAIL.COM', NULL, '$2y$10$UkI4kK86ZmIUxUrUWSybRui8y7xMqH/nxSyagHU1unIck4PkOLzMO', '1304140724', '09865585971 - 2696681', 'GAD CHONE', 'aQZrKXRJvh49XMP6EkqzwQyANMYcOJjmjlE2goARrQPFjzg15gCwJyOhfcig', '2019-03-13 21:13:08', '2019-03-23 07:18:04', NULL, '9307'),
(324, 4, 'GEMA GISSELA INTRIAGO VALENCIA', '1313579375@gmail.com', NULL, '$2y$10$sySYBNOvPpM.MwgNluRDMOSRXC9Qafynsz/5GNyYPML4R2gVXFhHy', '1313579375', '0962635846', 'OSWALDO ACOSTA', '1JqunLDXGvkdgLIDTyDUkWgnUEFmBYRTdv4gNxcO1rjDFed4SbRE330KrfQH', '2019-03-13 21:13:28', '2019-03-23 07:18:04', NULL, '9240'),
(325, 4, 'REINA TALLEDO KATHERINE FABIOLA', '1313821058@GMAIL.COM', NULL, '$2y$10$B.KFOxgu9DekSQVyHeWvceIH.CiPss75BwZTP23Gbf8AIJm1U5Y4y', '1313821058', '0998929342', 'AGUAS DEL CHUNO', 'HUSWLqroIwhzbCqNyIQijQDHvRMnQtkSf97ZgsOQQXDk51bw43mEYQRaxWly', '2019-03-13 21:14:12', '2019-03-23 07:18:04', NULL, '3304'),
(326, 4, 'Rodriguez Buenaventura José Luis', '1307464154@GMAIL.COM', NULL, '$2y$10$QI6g2Ik5/4ZxaFhzqQnnW.TpDlWnoDE1QNSRabUS.1xC54/vMp1ba', '1307464154', '0968259545', 'GAD CHONE', '24ORBtrWAMxBdONcrr7z396uc66XPwGOn5Uy6UiOdrAlWXxJrs0b4t3WLXiZ', '2019-03-13 21:15:34', '2019-03-23 07:18:05', NULL, '9235'),
(327, 2, 'Vitrery Parraga Luis Manuel', '1309596052@gmail.com', NULL, '$2y$10$0lKE8wbzEsESmmUh.sryq.JbUhV9aIn6dZZWBVi3nNyRmxSAL1ofi', '1309596052', '0982850705', 'OSWALDO', 'nDM6rEuFcvSDQisXanLHf14qdmNnRMYi5nHMXbjYf7BP3Oy6RYVZNRrFkWCO', '2019-03-13 21:16:11', '2019-03-23 07:18:05', NULL, '2156'),
(328, 3, 'ROSADO ALCIVAR RODOLFO ALBERTO', '1311445330@GMAIL.COM', NULL, '$2y$10$b.aNpzXCDu4KstUEEPd9GeKy.8qu6DM4z0DfUkmxupKTfCAyOh5YS', '1311445330', '0989163364', 'GAD CHONE', 'DyV7r06zQmfs1irRlFcS5BE95oV8cwZaS66HvixESfjPcFadD3P9ob5hkROo', '2019-03-13 21:17:04', '2019-03-23 07:18:05', NULL, '7710'),
(329, 4, 'MAYIYI ESPERANZA URETA VERA', '1309489191@gmail.com', NULL, '$2y$10$BdQEbZDn1gEefy2d.bqoI.GyWdCFJ4Dyg9pn3HxjoChQAYz02cXkK', '1309489191', '0000000000', 'OSWALDO ACOSTA', 'EbVjhxjAUy3LA15fWofbuAhNvQJ2Tm6w8kllUPEHNoQMy9IBlezGt41zCOh4', '2019-03-13 21:17:06', '2019-03-23 07:18:05', NULL, '4934'),
(330, 4, 'ALCIVAR ALCIVAR XIOMARA ESTEFANÍA', '1312050303@GMAIL.COM', NULL, '$2y$10$OAzENPB4rD7Yo6AIq.Wy2O9qgeJaLPZRvBmGvggprX2KGBy7ZIp1C', '1312050303', '0992977933', 'GAD CHONE', 'VwqwvkFDHVPOlfwM5s796B13q78q7JwWeRkPHRCUNSaMsYBPkkIG842ig7Hr', '2019-03-13 21:17:56', '2019-03-23 07:18:05', NULL, '2803'),
(331, 4, 'LOOR MORA SANDRA DENISSE', '1313700286@GMAIL.COM', NULL, '$2y$10$hAJ9UujG0NK51ayBh1PUSOEwWLV/P3/flDqOY3ichna9k.vC1TtL.', '1313700286', '0986809045', 'OCTAVIO CASTILLO', 'BQiswZPKeMZ0hE4pROMorJF5VfjKcQm3OFU6EQsYd1xcYvTdju2sSuhgBqJ3', '2019-03-13 21:19:02', '2019-03-23 07:18:05', NULL, '9293'),
(332, 4, 'ALCIVAR LOOR DIVINA CECIBEL', '1314553833@gmail.com', NULL, '$2y$10$V/D9NUahI7vA6PjjfhTee.iFD/C3mbdaoj67Urar.aVsF2GFmbaa6', '1314553833', '0981069132', 'OSWALDO ACOSTA', 'OcazQR0THJaUuxKw7e0Gu2WFC6GttBL9MMlZh9PNMFSS7rlXRR395QFSugAR', '2019-03-13 21:19:04', '2019-03-23 07:18:05', NULL, '8483'),
(333, 4, 'BASURTO ALAVA ISABEL CRISTINA', '1310544265@gmail.com', NULL, '$2y$10$byoNZF6oVnthSc.26BYDiuSNvbWtSgYrz7gaRHQPcC/PW0wearnr6', '1310544265', '0983327373', 'OSWALDO ACOSTA', 'vQk8za6SUT5WxAIUKsZjRayd9V2lXfEq8yy1J9T9SYHM7OJF34QuXa9QFDF5', '2019-03-13 21:20:50', '2019-03-23 07:18:06', NULL, '0845'),
(334, 4, 'RIVAS HOLGUÍN MARÍA GABRIELA', '1312900853@GMAIL.COM', NULL, '$2y$10$XIPWfsnqB8lZQ7FiTmmzde8FHtgbyz9ohOBjVgRIAlxaZ095nNYbK', '1312900853', '0982837290', 'OCTAVIO CASTILLO', 'M4FoR6vYIYpRiG4iIEqk5b3fOrNvQSJRiutZo4bkWXNIa9KrQ3Q8wSARnpov', '2019-03-13 21:21:09', '2019-03-23 07:18:06', NULL, '0763'),
(335, 4, 'MARIA JOSE MENDIETA VELEZ', '1313703447@gmail.com', NULL, '$2y$10$I7t/NDnW2n2lCDhfejBdB.0ru3fGBurVMLHonTE0vALW81I/rZn.S', '1313703447', '0992617806', 'OSWALDO ACOSTA', 'WBPz88Bb9LF3SrWQUneD3GsXEoS2CxRDg1E3qos9qTvzOceqBMdkdraMighH', '2019-03-13 21:22:32', '2019-03-23 07:18:06', NULL, '6786'),
(336, 4, 'JOSE GARDEL BRAVO ALCIVAR', '1313572594@gmail.com', NULL, '$2y$10$RB4bZRMKUyrmjsQFcBRCyuayIpSF6pHcCTgnjlChv.W434SQW0lL6', '1313572594', '0995673120', 'OSWALDO ACOSTA', 'f3B9AHWMyr98nsp1LzAC0oHV2g07vh3MryAbxnhJD5KgWWGhrJu5oq52wQ9N', '2019-03-13 21:24:26', '2019-03-23 07:18:06', NULL, '8563'),
(337, 4, 'MARGARITA JACQUELINE LOPEZ COBEÑA', '1314594613@gmail.com', NULL, '$2y$10$D.uW7lnOmSO7Pvcz3ATMuOKxIIPXWQ.gn10wqAANdG4C83LNzPJmO', '1314594613', '0995553895', 'OSWALDO ACOSTA', 'pULZ0DNNMmOUBInfDdcsJsUsxjWCdaAB4pOBSuxh2yJuaHvg9xqQhoPgvqRK', '2019-03-13 21:26:27', '2019-03-23 07:18:06', NULL, '0181'),
(338, 4, 'JUAN CARLOS MENDOZA SALDARREAGA', '1306677723@gmail.com', NULL, '$2y$10$gX1AwohaaASxpf4HsTWvs.tQY5heutVlVsKTqfA9./8Pzg0/bB0mW', '1306677723', '0995553895', 'OSWALDO ACOSTA', 'CHv6Df6dWoNnxLmr42aidWdjUTRTeca24aN3XxyHWpF4VSZQbgTVWEUdIayQ', '2019-03-13 21:28:22', '2019-03-23 07:18:06', NULL, '9257'),
(339, 4, 'EMILIO JOSE ZAMBRANO MOREIRA', '1313891093@gmail.com', NULL, '$2y$10$pTwWVVsWFgMqqwAtZNdzqOn0Oe9SXjgAvOz8Jj6J1DlySrPhzA3Jq', '1313891093', '0000000000', 'OSWALDO ACOSTA', 'ebINRLSIjpOPawpNiBWa5OsSJF25Tto23Ek8sU67mSto22dqyNgpKChgCVSD', '2019-03-13 21:30:38', '2019-03-23 07:18:07', NULL, '3817'),
(340, 4, 'RAMON SEBATIAN MARCILLO CEDEÑO', '1309586061@gmail.com', NULL, '$2y$10$Nz3Q7HVX9KWAZs66rXlom.CdxIYfE1E1GDHcUeJIO2FVlrUFbb.tm', '1309586061', '0984381458', 'OSWALDO ACOSTA', 'keNRxgxLoALvw40qHcE72LxjFWy2Tq2J6XpcXNGqLnUr75eXiHBVbUsF6PsS', '2019-03-13 21:32:12', '2019-03-23 07:18:07', NULL, '8579'),
(341, 4, 'QUIROZ BRAVO LEIDY GABRIELA', '1314647874@GMAIL.COM', NULL, '$2y$10$ufdiRXsO/69gdOEsX1xZI.ZIyh3XL3o7i1214n9OpYx2rEd8/pd4.', '1314647874', '0983639018', 'PATRICIO BASURTO', 'gZumJODULJURShtEA6dJbtAtik6ynPaUuumdVoHRefMbyfbRohZhBR3L2Vmk', '2019-03-13 21:32:25', '2019-03-23 07:18:07', NULL, '2101'),
(342, 4, 'SILVIO ELIGIO ALCIVAR ALCIVAR', '1304586751@gmail.com', NULL, '$2y$10$Msdz..RdldxvYGPe3cCQsuUo3a4dV9T518EHgPChzMl6H4VPVGeeG', '1304586751', '0982819988', 'OSWALDO ACOSTA', NULL, '2019-03-13 21:33:53', '2019-03-23 07:18:07', NULL, '5801'),
(343, 4, 'HECTOR ADRIAN SALTOS VIVAS', '1314794783@gmail.com', NULL, '$2y$10$aMKaCgHy/C.WRwYWfAw99um.HU4dUvy.1y7emLAhHfV4gSsZ5gDsO', '1314794783', '0967968254', 'OSWALDO ACOSTA', 'O3p486lnhXeF7stMk5AshJYnzi6bk3RDybyqeXEuOfrbBo8kYji6OY51QvRo', '2019-03-13 21:35:19', '2019-03-23 07:18:07', NULL, '9844'),
(344, 4, 'JORGE ERIK CASTRO ANCHUNDIA', '1313673988@gmail.com', NULL, '$2y$10$OrJyTXmZw1FJi61PqTSqX.eA5OPnb5WH8NIYftTgpoXfAQr3Hvjwq', '1313673988', '0983278314', 'OSWALDO ACOSTA', 'SomiTpre5aZKvYKZFML2fNrq0gYegOvsH6YuQXtINm6Z0KxTkU6AaUrrjm0w', '2019-03-13 21:39:08', '2019-03-23 07:18:07', NULL, '1298'),
(345, 4, 'MOREIRA ÁLAVA JONATHAN STEVEN', '1314430511@GMAIL.COM', NULL, '$2y$10$1pnZRMk1gwjJulphHAz7G.tKlShQKIaNSY4RRnskfuRDbyfAMQddu', '1314430511', '0982976505', 'SANDRA MORA', 'kFFqEN7zxxPdi3H4TS12Yn7Bu0MxoRCLnHj9tIPgv5Tp47ekyecJXRBtt3JE', '2019-03-13 21:39:44', '2019-03-23 07:18:07', NULL, '3658'),
(346, 4, 'JOSE MARCELO ROBLES MENDIETA', '1312229212@gmail.com', NULL, '$2y$10$IGfFSYf4LyXJU3R3nRm8b.Qp6AhPar50sL85YYdeOe5O2ELcIaSCK', '1312229212', '0979088822', 'OSWALDO ACOSTA', 'wXpq4hdNpKWcFfRbgDjPw4buqbgNnPOucB0y27KmN4dWywo4WkzIkAh1dfBQ', '2019-03-13 21:41:01', '2019-03-23 07:18:07', NULL, '5376'),
(347, 3, 'MORA SANDRA JAQUELINE', '0501734545@GMAIL.COM', NULL, '$2y$10$Mmt7pwfpcvGKsTjf/Y.bf..1XnMlRvvyQXwHI0ELjYrubUWkGZMzK', '0501734545', '0982976505', 'OCTAVIO CASTILLO', '8XHK0pEdclNcrLvbNTH7YzvTiKFLNo2sQPZ2EMbU2Ky0n0FVokN2iZE8Q1Lg', '2019-03-13 21:41:06', '2019-03-23 07:18:08', NULL, '6480'),
(348, 4, 'MARIA FERNANDA SALDARREAGA BRAVO', '1307498467@gmail.com', NULL, '$2y$10$mAPxJS8Fs6lVDhj.EZ6iQe/if5HEYwesUbiVPFKWXI.n/MstqlGTy', '1307498467', '0978971426', 'OSWALDO ACOSTA', 'p5rZKJUhXLeQoUCoFzFrJUAZLEW4JJmcX2uP9hoYEhgKXyTwAY7CugZKpyPJ', '2019-03-13 21:42:27', '2019-03-23 07:18:08', NULL, '2631'),
(349, 4, 'MOREIRA ÁLAVA DOMÉNICA ARIANA', '1314430529@GMAIL.COM', NULL, '$2y$10$oILMN5VscjirKatk8yFJrOB0GVamFq0UJOUzktCSbVejib53/7nHS', '1314430529', '0982976505', 'SANDRA MORA', 'zLoYaBl7OEX746Xaq9Vz7gMXMGWdD5a2h0uzTaJrtKQn0AF1AmiRkjvqbbvW', '2019-03-13 21:42:34', '2019-03-23 07:18:08', NULL, '2525'),
(350, 4, 'MOREIRA MOREIRA YURIS BENIGNO', '1306208222@GMAIL.COM', NULL, '$2y$10$S35NDzenexuhVl0fgGATHOWw7FkPjs2moxV4E4.lJRl2kCE.4c0re', '1306208222', '0982976505', 'SANDRA MORA', '9Q7uAdKTofOKdYcgdvhGpchlSDKMy9C6QSSJGCBqSkIdPM2ZUrLUtjjpk4RJ', '2019-03-13 21:43:37', '2019-03-23 07:18:08', NULL, '1162'),
(351, 4, 'DIEGO EDMUNDO ZAMBRANO SANTANA', '1311482317@gmail.com', NULL, '$2y$10$.3JJmquKVE7q47RiPQV5ze8niaAYh9KlFjT2I93SQAHwL1qo2R0DW', '1311482317', '0982391007', 'OSWALDO ACOSTA', 'pvyf5vvOIdVERvNznZ4t7OSDNtb7KeUhk3pkRMaSIfWbEe4xXoLuZ40huYin', '2019-03-13 21:44:03', '2019-03-23 07:18:08', NULL, '2147'),
(352, 4, 'MOREIRA DOMINGUEZ EDWIN FERNANDO', '1314006733@GMAIL.COM', NULL, '$2y$10$qZQugvpZRqKfl08N0aQYoO3o.4VOnE4UaImGTAeG8sPVHzSw30gcy', '1314006733', '0986507459', 'FERNANDA SOLORZANO', 'aFtuEKIpMekKLqVEOySlJ4UaK4ar2jA7W2yYfgMsYo5lJBY3L9AMFOd9bHJM', '2019-03-13 21:44:38', '2019-03-23 07:18:08', NULL, '9629'),
(353, 4, 'WALTER GREGORIO BASURTO RODRIGUEZ', '1311383556@gmail.com', NULL, '$2y$10$hb3d90g2MehIj0cyOQQc2u9uZ67vIL1M3aOm7G6xGMG.YN/nVtcjO', '1311383556', '0962547749', 'OSWALDO ACOSTA', 'xoWrlg1QW6165Rfh6Nhe82EKqdqbi2jzYz8dVHPBAGv2fAol9q8yjTsfpvzw', '2019-03-13 21:45:42', '2019-03-23 07:18:08', NULL, '9803'),
(354, 4, 'SÁNCHEZ ITURRALDE JOSUE JIMMY', '0950259705@GMAIL.COM', NULL, '$2y$10$uDWu5DvpCdxIVeyFQWu3kO6/3lskpoevAAFXt6hbEAc1F.AOvv5cq', '0950259705', '0995973829', 'FERNANDO VERA', 'RZ8s2DuqSZjkCtsGgXFyHOcdy6Yq34X8p8Q7lPen0B0wLf3pQXnhNONBSd6D', '2019-03-13 21:46:33', '2019-03-23 07:18:09', NULL, '7266'),
(355, 3, 'XIMENA ELIZABETH CUSME PINARGOTE', '1309827028@gmail.com', NULL, '$2y$10$K9skDpGTzWlLDytHECY3rOsiv.bIlY7m9hjnSKEFIuSSIYGYjXzvC', '1309827028', '0983843918', 'OSWALDO ACOSTA', 'mFzaCwfcSTVhKqOoAbXRwYmPEdmXm6JqdCTIahhsgsRDulpS47tZYWfaWudQ', '2019-03-13 21:47:11', '2019-03-23 07:18:09', NULL, '9271'),
(356, 3, 'ROBLES MENDOZA CECILIA CRISTINA', '1308335007@gmail.com', NULL, '$2y$10$DXyK2kwZDzyXoB6E1wt9meJlBwiF.vIRLyLkmM56YNufqkomx7sPe', '1308335007', '0000000000', 'OSWALDO ACOSTA', NULL, '2019-03-13 21:48:26', '2019-03-23 07:18:09', NULL, '1762'),
(357, 4, 'SALTOS PAZMIÑO TANIA JASMIN', '1307050482@GMAIL.COM', NULL, '$2y$10$mvvlF2VM/lyRTOpkYfowze6c0FMcHASmruXaH05JcA.Vt2xPioyYq', '1307050482', '0980146377', 'GAD CHONE', '7qRDB8kHyolM3V602E6ncU7wmIGwQCsu3kKbNmMPgTHObvcgZFTO2oEEfMwL', '2019-03-13 21:48:33', '2019-03-23 07:18:09', NULL, '3391'),
(358, 4, 'SANTANA ZAMBRANO ANA ISABEL', '1308277779@GMAIL.COM', NULL, '$2y$10$0nHIuh5ax8luV2mvuK3zF.kLx.gCoXQ3vzmkvWCPTUIRUWDzNMz42', '1308277779', '0984952053', 'GAD CHONE', 'C2foLaNf0mSYgOJJVpWjF1QIo8AmRMSFXTwkKMIIORIjMQO4ZDe4EehJKqDH', '2019-03-13 21:49:32', '2019-03-23 07:18:09', NULL, '7371'),
(359, 3, 'CARLOS ALBERTO SALDARRIAGA CEDEÑO', '1311735664@gmail.com', NULL, '$2y$10$jyTKxTyslFH8Dh6iQua3dOAVZYCn795Kvc3eJUoe2hquplLjYQZtW', '1311735664', '0000000000', 'OSWALDO ACOSTA', 'ONqUMpErBCFIepEzL9INeExsTZvpfqfC3RBT468ssHvXjGIshD2ujDY1md8W', '2019-03-13 21:49:59', '2019-03-23 07:18:09', NULL, '7259'),
(360, 2, 'MOREIRA RODRIGUEZ ALEXI JAHAIRA', '1310948615@gmail.com', NULL, '$2y$10$xk5kYBWMO3N56VdRs6FzCeuR9Z15G87PL5BlSAIZPcfuL9/zqTJS.', '1310948615', '0987227859', 'GAD CHONE', 'VErbZcQcrPQBhd2phK3E6WzNF1sbnDbcxDVzSX7NVzuRNNf5NLyjZdneeZ9w', '2019-03-13 21:50:41', '2019-03-23 07:18:09', NULL, '0507'),
(361, 3, 'GARY JOSE GARCIA VERA', '1310462864@gmail.com', NULL, '$2y$10$79Spr35Pi6pHXylD8SPlmetsCvpVGouhrQ3UWho9xGnRyPjJwD0Fq', '1310462864', '0992959709', 'OSWALDO ACOSTA', '5K0SvN3Fe3kdz77BUG1m2C69bBPrzmEv2cbiLkAf9BIuNimgPyyL0Mmwz0rd', '2019-03-13 21:51:18', '2019-03-23 07:18:10', NULL, '3724'),
(362, 3, 'VALERIA VANESSA BALDERRAMOS VERA', '1310678006@gmail.com', NULL, '$2y$10$PMnUqM3nj4M0eZq3qtfVDu02BeidqFlgfAhW7MSiHglzWy6J/ow2q', '1310678006', '0985889893', 'OSWALDO ACOSTA', 'd8s0rPOXGuh2iHLfIZVLdKtlfTgGWy7eavKU6xZtgr0p5wuHToSGeB9me8xe', '2019-03-13 21:52:58', '2019-03-23 07:18:10', NULL, '7000'),
(364, 4, 'MERO ZAMBRANO GEMA CLARIBEL', '1313261156@gmail.com', NULL, '$2y$10$uqyNUnMRten8Q.6OQsFnz.LaP0n310UckV3rejUFraR.2r25XIFpK', '1313261156', '0959087891', 'COOPERANTE', NULL, '2019-03-13 21:55:12', '2019-03-23 07:18:10', NULL, '3274'),
(365, 4, 'VILLAMIL ZAMBRANO JACINTA NOHEMI', '1313704627@gmail.com', NULL, '$2y$10$3M3DNG9kHWay0odgpKTRBuf15BvjQJrDr4mWZ.EGonjoWhoczk/Yi', '1313704627', '0986648190', 'COOPERANTE', 'QKG4TIhHrNmJnRAOYQa1z8D5KQhl6TlwRKWVSyPZuGsR4Y9GJCFyHQVdSR3h', '2019-03-13 21:56:13', '2019-03-23 07:18:10', NULL, '0742'),
(366, 3, 'VÉLEZ COBEÑA VICTOR VICENTE', '1312052333@gmail.com', NULL, '$2y$10$G35m910kz4JqtG5ovGPGL.tzauOvPoBgw8ZiN8Saj3Ry4elxvxJwu', '1312052333', '0997976969', 'COOPERANTE', 'JwQEb8wmK5FdvJcGtpISuQ78x5jzs2ZDvuq3MaCmsAznVJTTew5aPlIdoj1W', '2019-03-13 21:58:13', '2019-03-23 07:18:10', NULL, '1818'),
(367, 4, 'JUAN CARLOS ZAMBRANO ZAMBRANO', '1309244323@gmail.com', NULL, '$2y$10$wXUjSWywDu.FzG192vojROaT0UFiZ5S/pa2apCj0eUepg4FTmSD8m', '1309244323', '0994231901', 'OSWALDO ACOSTA', '5wJiut7A0ws4ZHCgmUOGXhexgCMvPI6D4cv1m53AwtAruACrBCKimIkvr6ZJ', '2019-03-13 21:58:20', '2019-03-23 07:18:10', NULL, '2389'),
(368, 4, 'GARCÍA SANTANA JENIFFER MELISSA', '1316393675@gmail.com', NULL, '$2y$10$aLRWxZqpuPqXI3971haGqe5zM2uFP.sJv5k6A3NBAmgXNBhw7lwi6', '1316393675', '0986507459', 'FERNANDA SOLORZANO', NULL, '2019-03-13 21:59:10', '2019-03-23 07:18:10', NULL, '3369'),
(369, 4, 'CLEMENTE EUGENIO TOBAR MEDRANDA', '1304865478@gmail.com', NULL, '$2y$10$KkG.Wp.xL0yNMkYUAWwPSOHtSVxkwzLfWmL3EWvcmIQPpglQhqgjW', '1304865478', '0987884043', 'OSWALDO ACOSTA', 'UORPTCF0vmfRHNqcTU4MLNmA2WpWEsmgPe7iZEJ7ppJ1gLx6zO0ddmCUtx3a', '2019-03-13 22:02:28', '2019-03-23 07:18:11', NULL, '2564'),
(370, 4, 'ZAMBRANO BARRE MARCOS ANTONIO', '1311481509@gmail.com', NULL, '$2y$10$VZrZS0nKj8tZ.p/w7tOKDejXhDXOzpFeGREe32.NURv.AVDNxbcri', '1311481509', '0989939974', 'OSWALDO ACOSTA', '61bdL9uWrVqhXNbGLlw53kcfWJhdQjmqkWBzedtSq0bRA8HYQzNlOTPoIM2k', '2019-03-13 22:03:59', '2019-03-23 07:18:11', NULL, '8633'),
(371, 4, 'NUÑEZ SALTOS JUAN ANTONIO', '1315975845@gmail.com', NULL, '$2y$10$/6Ir6VW2VzsPpHGNYFPzM.UtRaf4b6ixdXLsK0FNQFGC3v5ukpFXe', '1315975845', '0000000000', 'OSWALDO ACOSTA', 'ylCMaJFxX8NFzENZuddLKcYXgL968vUWHxrJHWnqclha5LBWkmb3iKgrMXuZ', '2019-03-13 22:05:24', '2019-03-23 07:18:11', NULL, '8290'),
(372, 4, 'LOOR LÓPEZ JEAN CARLOS', '1316324274@gmail.com', NULL, '$2y$10$oIazzleNbJXfmEEudUSgxOpog01HEixAsPGYqIrPUsrWfecorMRTG', '1316324274', '0984848477', 'FERNANDO VERA', NULL, '2019-03-13 22:06:36', '2019-03-23 07:18:11', NULL, '0707'),
(373, 4, 'LUIS AMADOR CHICA CASTRO', '1316680113@gmail.com', NULL, '$2y$10$W0b2biShrhEaTjRt45u5ROcZpEUXsyV7kzxmk9mWoYoz/TZqXOzIC', '1316680113', '0984138102', 'OSWALDO ACOSTA', 'zXTBbIJjEHVTPVjjBwBrqfdrCuSxO840uVaI8muioYfyPXHFT7HnMQyzewYq', '2019-03-13 22:06:48', '2019-03-23 07:18:11', NULL, '2760'),
(374, 4, 'QUIROZ TALLEDO ANGIE JAMILETH', '1313609917@gmail.com', NULL, '$2y$10$yj5pH6wtTfFt5Qx5N1/Hiehyccay3JXZ.L/GGP7fOmhxvH2yAGfz6', '1313609917', '0984515859', 'OSWALDO ACOSTA', 'niWzKDypqAITQh0PCOxRErZ9FMM8NGTNxuL4IeULBNeIxiU6ztvOhXPyzvC7', '2019-03-13 22:08:21', '2019-03-23 07:18:11', NULL, '0087'),
(375, 4, 'ALCVAR SALAVARRIA DALLY LISBETH\"', '1313522177@gmail.com', NULL, '$2y$10$RfdKdZaxWyNVrbxzy.gCmOXo9HQztfvglMH6ha7Wn6TAcULa2mbRC', '1313522177', '0000000000', 'OSWALDO ACOSTA', NULL, '2019-03-13 22:14:46', '2019-03-23 07:18:12', NULL, '4419'),
(376, 4, 'GILER GUERRERO ROQUE EDISSON', '1309527123@gmail.com', NULL, '$2y$10$YJ1CBfZXVnBi/FlYDeTg.OIw1brC0.wmGocLMrK52wfaokrPUJQZO', '1309527123', '0000000000', 'OSWALDO ACOSTA', NULL, '2019-03-13 22:16:05', '2019-03-23 07:18:12', NULL, '8562'),
(377, 4, 'ZAMBRANO BURGOS EVELYN', '1313795377@gmail.com', NULL, '$2y$10$q403PlrB5ABFjLao3b4OKO2ZBqLqguSsmUaJAMuILpbWORI8jMR9S', '1313795377', '0000000000', 'OSWALDO ACOSTA', 'lxk2EOb8TIoP17XPGMMMs5W7QYJZzWZCJicpJwRZeiz2s5EBXFyizQpEa9oo', '2019-03-13 22:17:20', '2019-03-23 07:20:45', NULL, '1313795377'),
(378, 4, 'FRANCISCA MONSERRATE CHAVEZ CAMPUZANO', '1312904129@gmail.com', NULL, '$2y$10$iNSvmAvfy8driPkNvsVaJ.2kOcsH8L3HQ/75l5YARzNYvUW.EGUym', '1312904129', '0989207612', 'OSWALDO ACOSTA', 'vh1EtRs86aJvvS5N13VTkzIT1AOS9gcfEdJuJ2zp19pc4c8hzMTvDepMoHjc', '2019-03-13 22:19:14', '2019-03-23 07:18:12', NULL, '0717'),
(379, 4, 'RODRIGUEZ ZAMBRANO NATALIA AGUSTINA', '1315451896@gmail.com', NULL, '$2y$10$DI6ifidMM1Qeus4FH3LA3uScGnT0fRNHlrTlg6wa5yFWRDsuX/DNG', '1315451896', '0000000000', 'OSWALDO ACOSTA', 'CBlM6REGNRJQ2WjyiVe96XCTdJ10xYRXgPhEkDt3R22jAQT9S2g6KwW7no0j', '2019-03-13 22:20:03', '2019-03-23 07:20:46', NULL, '1315451896'),
(380, 4, 'ZAMBRANO BERMEO FRANCISCO', '1310626245@gmail.com', NULL, '$2y$10$9dOVYHg/GHQ./TFFn.bofuLtLO/FN0hb5gtaPrdCAGEwzRyzvv9.u', '1310626245', '0000000000', 'OSWALDO ACOSTA', 'd5ApzyzHzGlrphloYTy9taWwBpwi0KJ8bht0fBQPDPXSheNXTk5PooQxbWlH', '2019-03-13 22:21:41', '2019-03-23 07:20:46', NULL, '1310626245'),
(381, 4, 'ZAMBRANO MEJIA JOSE MANUEL', '1314007129@gmail.com', NULL, '$2y$10$.DA3kvQQ74SCKbiFgO5q8eSRDaRjp62GdE5A5lXO8FFBM5xyL.6em', '1314007129', '0000000000', 'OSWALDO ACOSTA', NULL, '2019-03-13 22:23:20', '2019-03-23 07:18:13', NULL, '0270'),
(382, 4, 'LEONES BONE HERNAN BAUTISTA', '1315023570@gmail.com', NULL, '$2y$10$F0UTsXN2uS6LTTQCFYZWYOycvO3Ehxn9hL6n5V8.lXUpVv4CW22ee', '1315023570', '0000000000', 'OSWALDO ACOSTA', 'ltN8jOYa9EnFxPceckuYycI2ZkHuolBtHCzIfIvsc8pFpfulLYgIHum20geN', '2019-03-13 22:25:05', '2019-03-23 07:20:44', NULL, '1315023570'),
(383, 4, 'CAGUA JAMA FREDDY STALIN', '1312430463@gmail.com', NULL, '$2y$10$hpvIBt5vpl66SGsQOx.lku3EE2pwHVWJRocNcL9MRqraunOWfDC3m', '1312430463', '0000000000', 'OSWALDO ACOSTA', '9yMGAEvJ7uAJOFP9WhIGhIR9GYz8Wi5UL6OCwMaFX6s2MQ27lUlehSMJlWxD', '2019-03-13 22:26:07', '2019-03-23 07:20:45', NULL, '1312430463'),
(384, 3, 'PINARGOTE BURGOS CARMEN MARIA', '1311607145@gmail.com', NULL, '$2y$10$8Ca5b/sAMRFleivd/ikLC.R0yF57/gQlEqcUBGNu3/nmjYdIFycTO', '1311607145', '0000000000', 'OSWALDO ACOSTA', NULL, '2019-03-13 22:27:25', '2019-03-23 07:18:13', NULL, '0786'),
(386, 3, 'AVILA BURGOS JAVIER LIZARDO', '1310627987@gmail.com', NULL, '$2y$10$K7t9BAmyh6trkEbxw0Vf8.Rp4WcqIR.ZqSY7PCc8vLd3jNbENB9GO', '1310627987', '0000000000', 'OSWALDO ACOSTA', 'qQP4BdjICLVvuOqMiicSNoNU34MR7G3ztJwovopydkaYxELRtewmv1Ab8hTu', '2019-03-13 22:32:26', '2019-03-23 07:20:45', NULL, '1310627987'),
(387, 4, 'RAMIREZ LARA ALBERTO JOSUE', '1316149101@gmail.com', NULL, '$2y$10$tcIU/3wvFSry4ux9dvdkZuu9WXtGcQgS4RIKYQjgbdP0L6Uw1gAbG', '1316149101', '0000000000', 'OSWALDO ACOSTA', '31KgIYdVa5iYtOVCB5uqinJBIuX2KdykLltJBRRLnnlsbqSSXW5FKU3sYFNQ', '2019-03-13 22:34:21', '2019-03-23 07:18:14', NULL, '5257'),
(388, 4, 'LOPEZ VÉLEZ JOSE MIGUEL', '3002765382@gmail.com', NULL, '$2y$10$JQOK7J7kaNkka.KRpigCoOlLwQqXDLsUYBJpy23CpmWkKLVin9neq', '3002765382', '0000000000', 'OSWALDO ACOSTA', NULL, '2019-03-13 22:35:54', '2019-03-23 07:18:14', NULL, '0251'),
(389, 4, 'LARA ZAMBRANO RUBEN DARIO', '1722981865@gmail.com', NULL, '$2y$10$av0hPmnqCf4mJKwnOTnefezjSQT/OVd0rVJvORCpdoN.kQPLqbFK2', '1722981865', '0000000000', 'OSWALDO ACOSTA', NULL, '2019-03-13 22:37:05', '2019-03-23 07:18:14', NULL, '6018'),
(390, 4, 'MOREIRA LOOR LILI VANESSA', '1315456275@gmail.com', NULL, '$2y$10$/vWAlX0/znUgL9OuSYkzMeg.qNcUCpDG8QW0tBxeTPCflCmOTAno2', '1315456275', '0000000000', 'OSWALDO ACOSTA', 'L8avhniY2OQd2CQTKPxx9nXrFx1c1Vyb3J8hIFGPSOm2xvl3e6wCKDmcI57a', '2019-03-13 22:38:21', '2019-03-23 07:20:47', NULL, '1315456275'),
(391, 4, 'MERA PEÑA SELINA JASMIN', '1317480059@gmail.com', NULL, '$2y$10$KpUxckhHhGDWmkesbS5lUuAE917dwbsE2vhAf68tB9ENxNMRq9qj2', '1317480059', '0000000000', 'OSWALDO ACOSTA', 'CorvHD5FzPpAF3oiq7jneIXWhF1l7Jq0RoktAlvAT25pMNomaISPfflivz4H', '2019-03-13 22:39:47', '2019-03-23 07:20:47', NULL, '1317480059'),
(392, 4, 'MENDOZA MEDRANDA JOSE LUIS', '1722231527@gmail.com', NULL, '$2y$10$TUBB8Z5yu0K/.zPCfr.qc.0byc/aA2ZhtLWmYjf1zkKCviyaIqlui', '1722231527', '0000000000', 'OSWALDO ACOSTA', '8sG72XmZH1J12cTlm48aaGOSxlQ5Dc993bASFO23OfuQccb2m2eKmjyf5jiK', '2019-03-13 22:42:54', '2019-03-23 07:20:47', NULL, '1722231527'),
(393, 4, 'CASTRO VERA MARIO ANTONIO', '1724731342@gmail.com', NULL, '$2y$10$4eOSfC928hX7cl58U6OEjO6pUWwMdlS39riQnQla3hy5gI6dwIbmu', '1724731342', '0000000000', 'OSWALDO ACOSTA', 'pp6LoBAygoICyKR2CcV4KjJbDAcJ3AEaIS3ELwHuLj7GyMFvYCwHmeDadUBw', '2019-03-13 22:44:07', '2019-03-23 07:20:47', NULL, '1724731342'),
(394, 4, 'CASTRO ALVARADO KAREN VERONICA', '1311565228@gmail.com', NULL, '$2y$10$Cj4OkO8uuogkoj/xdq2GP.QfbjoJR29H3j49DAa7YwRD.Y7qidZY.', '1311565228', '0000000000', 'OSWALDO ACOSTA', NULL, '2019-03-13 22:45:47', '2019-03-23 07:18:15', NULL, '7264'),
(395, 3, 'CASTRO MOREIRA EDELMIRA MONSERRATE', '1709946501@gmail.com', NULL, '$2y$10$GCCbfkQG2xXKx/0KEC/ltOgUv3Wr2iKyXXtmIluwP2siz0PiTEhHG', '1709946501', '0000000000', 'OSWALDO ACOSTA', 'sjtWjXN4S9Eozgutzq2VSfNLFzDKpUi4Ntu8fMU3XarwWUBAhcPVALY1l2ZA', '2019-03-13 22:47:08', '2019-03-23 07:20:47', NULL, '1709946501'),
(396, 4, 'VALDEZ BRAVO RENÉ ARTURO', '1723776223@gmail.com', NULL, '$2y$10$Dtmy5ZPhhtz7aPdXr7elJ.7Cmec56Vh6Mahj8Fn7zVgBy2w8uFSUu', '1723776223', '0000000000', 'OSWALDO ACOSTA', NULL, '2019-03-13 22:48:35', '2019-03-23 07:18:16', NULL, '8045'),
(397, 2, 'MUÑOZ ANDRADE XAVIER STALIN', '1310406903@gmail.com', NULL, '$2y$10$WiDpvGBOCExQ0L7viyJEL.G9b6WG0N4f81YnmZlxvI.9E6zn3jTqC', '1310406903', '0991178331', 'FERNANDO VERA', 'YfH7TZFYn8YU1pPxg0oiFJqyCelOWtI8v5gjTyniOFgSr6EjnczrfYokSKqX', '2019-03-13 23:07:43', '2019-03-23 07:18:16', NULL, '6400'),
(398, 4, 'MOREIRA SOLORZANO MIRIAN MARIA', '1312056466@GMAIL.COM', NULL, '$2y$10$qFbMnpv1Nx23s/z9FpiJEut4qJPr/aYxYCJ4M7D4yZTWF2YTluWPq', '1312056466', '0991178331', 'FERNANDO VERA', 'WINS3VXTy8zryb9vsdrXxBH24VXu0PKn7QNjSOqC9XjH24iNkqyHIArkwzD6', '2019-03-13 23:11:19', '2019-03-23 07:18:16', NULL, '9502'),
(399, 4, 'MILADY RACHEL ALCIVAR CEDEÑO', '1313629246@gmail.com', NULL, '$2y$10$ssiO6gxO4uOsBlArZOupTOYQin8o1J4fKycSVtrfCe.LhOy34gNCe', '1313629246', '0993197050', 'OSWALDO ACOSTA', 'hDB1dnb5fOmHaK9fuFhNomY9sKKpvu555sU81zvKwF7wUAT8Mg8dbZuyASKz', '2019-03-13 23:13:38', '2019-03-23 07:18:16', NULL, '5172'),
(400, 4, 'MARILYN ALEXANDRA MOREIRA ZAMBRANO', '1313567610@gmail.com', NULL, '$2y$10$yXhBT.Ek0/s3Ll6W.21saOsjUdG0HuE9EkB3WuXNzb.y1PV0bB6qC', '1313567610', '0982435355', 'OSWALDO ACOSTA', 'hvy1aDmKX7CvMgdtfy9OkXhFjmKQsMUoodx8if3iFTshzTaB4SFXOWOHweTl', '2019-03-13 23:14:52', '2019-03-23 07:18:16', NULL, '0084'),
(401, 4, '\"MARCIA MARICELA ZAMBRANO GUERRERO', '1311590655@gmail.com', NULL, '$2y$10$1aaICsV39DcD2jusR/68TeegOu/wlGRJ1byrf0q.B4ecfrTdCGOG.', '1311590655', '0979513628', 'OSWALDO ACOSTA', 'lAQ1ZcItC9ikKYeGFCmWYV6k4Xj2dAVEaP6DEMOeS4QssnePD6ZO6yEpqgNw', '2019-03-13 23:16:15', '2019-03-23 07:18:17', NULL, '1115'),
(402, 4, 'DIANA BELÉN VELÁSQUEZ LOOR', '1316604253@gmail.com', NULL, '$2y$10$oZujOUq2GOo0TniloZQoH..97wJWkzmS2I2AlJCho5oS/EkTFtACi', '1316604253', '0000000000', 'OSWALDO ACOSTA', '22dmLs0awxWBhQ4hIMn8wDuAT2UWLyUbAzzUUOZgCNXJxxzdmNMLsWUQ8xyO', '2019-03-13 23:17:24', '2019-03-23 07:18:17', NULL, '2709'),
(403, 4, 'MOREIRA ZAMBRANO DIEGO XAVIER', '1310160526@GMAIL.COM', NULL, '$2y$10$AFCtlA1vk6.0iyrQMmTOuuivO4SXGL6.96Wud2GnkHGHqtPfitCLa', '1310160526', '0991178331', 'FERNANDO VERA', 'ygU5NeWczNgNoHjkS7Pyy64kX0REufGkWCL2bZclrhyifhh9zBqOwJISSiWA', '2019-03-13 23:17:28', '2019-03-23 07:18:17', NULL, '0869'),
(404, 4, 'MARIA ELOISA ZAMBRANO MENDOZA', '1313530774@gmail.com', NULL, '$2y$10$HK96b1IqUtHD1eXIaOSsquijwZJY9wQPsHRc1F33DomjgWLv5YkHW', '1313530774', '0979386498', 'OSWALDO ACOSTA', 'BJrNjU2v7EcJtxAZsC9cR9wHUvTKTThmS3IITRShvYvk84Z1V3WvtwxDXuuf', '2019-03-13 23:18:45', '2019-03-23 07:18:17', NULL, '6602'),
(405, 3, 'MARIA JOSÉ MENDOZA ALCÍVAR', '1313572271@gmail.com', NULL, '$2y$10$Kh1jI1iHPt6O7l83/yGF8eZQBh/R.pnUNZl13p6yDihlRN41ozlOK', '1313572271', '0998131657', 'OSWALDO ACOSTA', 'aNH3LKmHKhrFANO3fe7eBe95IGs9DJoeht3HpeAc1kpiZyCTd0Akkxd2Xy5b', '2019-03-13 23:20:03', '2019-03-23 07:18:17', NULL, '7760'),
(406, 4, 'KARINA MONSERRATE MOREIRA AVEIGA', '1312396110@gmail.com', NULL, '$2y$10$hqSyD1Foiyi11N0HnOcZweKKh9Woy2nh5c1738F5wIldgnHX87Pti', '1312396110', '0996339163', 'OSWALDO ACOSTA', 'oce2mxa66A5In90FEyW571SnlWrwgDTCWEIx7mqFQJ0UmHJ5HcRLPcUq7ZcZ', '2019-03-13 23:21:56', '2019-03-23 07:18:17', NULL, '7095'),
(407, 4, 'DELGADO MENDOZA MARIO ALEJANDRO', '1312661679@GMAIL.COM', NULL, '$2y$10$pFpbjQZnMBL2hC.WLBtXhurEnOleijJrmxMqbVh/Gauyavmn791lq', '1312661679', '0993022546', 'OSCAR QUIROZ', 'rUktbdiWFFQ01HI2IUzmgFNzcG6OLmQjEze8PvEP8suIk4srGgtJds5rK4ho', '2019-03-13 23:24:59', '2019-03-23 07:18:18', NULL, '7766'),
(409, 4, 'QUIJIJE LÓPEZ SILVIA PATRICIA', '1312946922@gmail.com', NULL, '$2y$10$1ngJR//WcqMaWP9tyDvEC.utpcs8coydqtsvhGWjcqxQZ3V7cQG2O', '1312946922', '0959600551', 'PATRICIO BASURTO', NULL, '2019-03-13 23:35:29', '2019-03-23 07:18:18', NULL, '5849'),
(410, 2, 'YANENI ISABEL ALCÍVAR GÓMEZ', '1306124551@gmail.com', NULL, '$2y$10$WPwacXmcKACN.SHzleX4PeE2BwOe3pvOBvpG0zoV8twf2Y0uMg0Su', '1306124551', '0997765550', 'n/a', 'Bd7d8Em0GGZbskkIKLDSKeRpMBt6ymBqtUlB7xPTMftTosOBBTO9xnc5wlHX', '2019-03-14 00:32:33', '2019-03-23 07:18:18', NULL, '1234'),
(411, 4, 'DELIA INÉS CERVANTES RUIZ', '0802180653@gmail.com', NULL, '$2y$10$7O76NR9FET0BEg0/4u8USeVE.BKRZl6Z7yXMw/AUD0yvAlTV.krbi', '0802180653', '0997898032', 'OSWALDO ACOSTA', 'pfqYvJjhFBp3z4tYzEHAccc3CB6ybzzNiNunbnVfmvBLtYqgr7QE9zRAc7iC', '2019-03-14 00:38:25', '2019-03-23 07:18:18', NULL, '7158'),
(412, 4, 'BRYAN JOEL VELIZ MONCAYO', '1314997071@gmail.com', NULL, '$2y$10$k48LavKUiVeilIhAFon02OtQ/u.ofA2wmChSuOqO92q4NBUoNhy86', '1314997071', '0960085336', 'OSWALDO ACOSTA', 'yl8oCcCjHe3sNCVOM24e7HcK4l1DvkZVDdSW9VRA2nSkXWzgKURuvqfz0AAv', '2019-03-14 00:40:18', '2019-03-23 07:18:18', NULL, '5235'),
(413, 4, 'LUIS ALEXANDER ZAMBRANO MOREIRA', '1314995547@gmail.com', NULL, '$2y$10$0E0LCApW94Ol3yoF9VH0ce5VVBgQjphAWdOSDpSFpT8b3izSei.R6', '1314995547', '0000000000', 'OSWALDO ACOSTA', 'J2lLqXpfUW24g7a2ZPKsKvFnlAziXIApkxEIV8MyZi0jMO0RSN9rK0tjgObb', '2019-03-14 00:41:37', '2019-03-23 07:18:19', NULL, '2998'),
(414, 4, 'RAMON ENRIQUE MENDOZA GILER', '1304624560@gmail.com', NULL, '$2y$10$NZypIbVL5ZXbzRpuCd.oBeLzMKZiiiz7WmZ476culbhnuBG7U4wT6', '1304624560', '0961339651', 'OSWALDO ACOSTA', 'BaR83tqAPVColX6QI9SfdJcoeWq3Ouz5z0zSVzBc012ABZbyh3g43agb5BJ8', '2019-03-14 00:43:15', '2019-03-23 07:18:19', NULL, '5922'),
(415, 3, 'MARÍA VANESSA LOOR ESMERALDA', '1315090454@gmail.com', NULL, '$2y$10$aKQxLJGObKYSJeJS17Cwm.YrSN1P1RXsK4jouu5BXsLRdc.c.uoBW', '1315090454', '0991331189', 'OSWALDO ACOSTA', 'KKuBPNDR39R6sPCQojWZFLXAUN0s5VSnltCG29rHmRDBwjNyTST1QeQwUphD', '2019-03-14 00:45:17', '2019-03-23 07:18:19', NULL, '4957'),
(416, 4, 'EBER DANIEL ALCÍVAR VÉLEZ', '1313321224@gmail.com', NULL, '$2y$10$sTjgIKZm5kVmgyEhPGGcHOcphj76EKcRwoFVYZpYKuxOVrZM9vshe', '1313321224', '0000000000', 'OSWALDO ACOSTA', 'ISxQPu6943jMQBlZjK5iiuaW9AMtrrUJy7HCNjwA82neDoeqBI8gU4Gsuy8Z', '2019-03-14 00:47:26', '2019-03-23 07:18:19', NULL, '7591'),
(417, 4, 'RONALD RAMÓN ALCÍVAR RODRÍGUEZ', '1306404326@gmail.com', NULL, '$2y$10$Xn0REDn0bI8qydLyzdBE2eqGvZn6Q6REcf6geC0Ao8jlhxZCWrP8W', '1306404326', '0000000000', 'OSWALDO ACOSTA', 'Lrd2DRiEBLCOi2D07zpmTI3u5aBPvuoMfwN3Zj34RTsjb0RnAtFTIsHCUKam', '2019-03-14 00:49:02', '2019-03-23 07:18:19', NULL, '2376'),
(418, 4, 'EMILIANO EDILBERTO ZAMBRANO MEJIA', '1308110079@gmail.com', NULL, '$2y$10$zQNf9PK0kqMhiHFrDvZmSehNMKi1DVFZIf3ffIHVF6L.1Vn2DE1Vm', '1308110079', '0982516103', 'OSWALDO ACOSTA', 'UI55JpcB68pGsfji6csGBU52kW6s1lbwwnp7QtRAINPj8vA5TYeDKDQU7ETL', '2019-03-14 00:50:36', '2019-03-23 07:18:19', NULL, '1181'),
(419, 4, 'BRAYAN BENITO VELÁSQUEZ MEJIA', '1315100972@gmail.com', NULL, '$2y$10$XbYx0R2L5Yu1kXae0sLAa.fx.SZ0VN.P5SwfTH/t282e4FIIH.6U.', '1315100972', '0961016962', 'OSWALDO ACOSTA', 'YFKjen1ZAqAtGZ0BAWyvci9b2izJtouPoClVGEGWqOZOKhWiZ0qiYfkuQrPw', '2019-03-14 00:51:49', '2019-03-23 07:18:20', NULL, '5095'),
(420, 4, 'JEAN PIERRE VÉLEZ ZAMBRANO', '1314994672@gmail.com', NULL, '$2y$10$cxyRKXfOfgpni9/t1JZiBuORNpbPDoonXcHzy75hux8ruHjqWtEhq', '1314994672', '0996839665', 'OSWALDO ACOSTA', 'DhmluqM7JBXFKHkj9e2heNKhDcsSW5hNiMpaSRN157n97JjhYBe8vcbhtPjF', '2019-03-14 00:53:00', '2019-03-23 07:18:20', NULL, '1514'),
(421, 3, 'MAGNO RAFAEL MENDOZA ALCÍVAR', '1311957318@gmail.com', NULL, '$2y$10$O4PEvdtNbLPiOKy2f62.JezwOjg1pmlkIBIIWycxqvs241jTVlYOa', '1311957318', '0999827312', 'OSWALDO ACOSTA', 'bzsWxoVaIthWlOSOXdbHmOvrU2O629fZT8yumPb94g4ieWwk7E6AbENsY9H9', '2019-03-14 00:54:31', '2019-03-23 07:18:20', NULL, '9697'),
(422, 4, 'ALCIVAR ZAMBRANO ERIKA PAMELA', '1311312837@gmail.com', NULL, '$2y$10$dgIL0csbD04ByZFIexNZJuWLE8gJIduwdGSljRH/gIpbUZouCopVq', '1311312837', '0000000000', 'OSWALDO ACOSTA', 'h6QHEMWNx9tPbJt52n6GTC78jOCRH9BpkJyLTPgBMQ5WLV1HwtdvZkZF0z0p', '2019-03-14 00:57:04', '2019-03-23 07:18:20', NULL, '0622'),
(423, 4, 'RODRIGUEZ MONCAYO CARLOS ANTONIO', '1350900187@gmail.com', NULL, '$2y$10$IwVLwYZUE/XYWHsVKhYBZeSkrLMDd58jyl3mQb6OjKgtnfM5WLD7y', '1350900187', '0000000000', 'OSWALDO ACOSTA', 'Vj4zcOWnMezzTVTTxu1beUno9ydtaEcAPwvFyUHVPQpwunPgh4hiAguhXySF', '2019-03-14 00:58:22', '2019-03-23 07:18:20', NULL, '0894'),
(424, 4, 'HIDALGO CEDEÑO JACINTO ANTONIO', '1313293571@gmail.com', NULL, '$2y$10$Q3kUzkNZ9Hw5vrqfwl9rOeAg.GuQL9Pdh4vkPNLaJnWxvOo7me2YC', '1313293571', '0000000000', 'OSWALDO ACOSTA', 'yvmgCmUepwCqCvNIMsyJZpL7tYcC4MzUjAWoJwQHIAxHJsUlZzDAU3MHoV5S', '2019-03-14 01:00:19', '2019-03-23 07:18:20', NULL, '5465'),
(425, 2, 'ALCIVAR LOOR ALBERTO ENRIQUE', '1305496265@gmail.com', NULL, '$2y$10$VGXJkLPFJRbV3DNLzQ1lsucTme0qO.k8/4DEWjH7aJP7GziLnNeZK', '1305496265', '0000000000', 'OSWALDO ACOSTA', 'FgTdrwgyjiWqKXysXeI6yH1ABkCKT7roLUk07OFmvXhL42wojDpb4GbBypCE', '2019-03-14 01:01:53', '2019-03-23 07:18:20', NULL, '4563'),
(426, 4, 'FARFAN FIGUEROA MAYRA MARLENE', '1313919811@gmail.com', NULL, '$2y$10$qj51mtkuDFHuJvZBOrI0JO.DnrXFylAOLuUyYlJ4m51oD4HNkHRzO', '1313919811', '0000000000', 'OSWALDO ACOSTA', 'ZkknkjlMrsl9Ye8Z1V6jhpzXVkJyPO6HsUcpGKZvBLR4pyu1IiXkiJ9trhnV', '2019-03-14 01:04:37', '2019-03-23 07:18:21', NULL, '1992'),
(427, 4, 'VERA ARTEAGA MARIA ELIZABETH', '1311535981@gmail.com', NULL, '$2y$10$grmEQedT7z4djzSKfBPhXuMuPG6Ej.6VRu6SmAajz02HVaV8z4bl.', '1311535981', '0000000000', 'OSWALDO ACOSTA', 'YRGeIecJwfGdO8aBpAXPyiZd1GCfPcOAlKVVVCKfmkgVAo4ek2au3LsOrSji', '2019-03-14 01:06:24', '2019-03-23 07:18:21', NULL, '4528'),
(428, 4, 'PACHECO VERA LENNY ELIZABETH', '1314555234@gmail.com', NULL, '$2y$10$yWp7l45v5eTuowlFYHfKQ.NyUe0YCn0IAMZJDYrusBfq20bUprKXS', '1314555234', '0000000000', 'OSWALDO ACOSTA', 'aYj8KMKgvuT4pIj8dCdT87i2t8MIBAyJNzQmOmVqUpDxzoeuHPaeI7DgZFhq', '2019-03-14 01:07:41', '2019-03-23 07:18:21', NULL, '6018'),
(429, 4, 'PROAÑO CEVALLOS MARIA ISABEL', '1315939775@gmail.com', NULL, '$2y$10$pIyTTLr8rFVvESBhPP5TZeXHjO/8Za3mDsXdUKWSy5o2jqPGOTevG', '1315939775', '0000000000', 'OSWALDO ACOSTA', 'nyMg3kqCjk4BCbXrTM7DZBbMcJHxE4ER2xunH9GLkRKgXxNQRSMzCDsYjimd', '2019-03-14 01:09:14', '2019-03-23 07:18:21', NULL, '1296'),
(430, 3, 'ZAMBRANO MEJIA JULIAN', '1314145127@gmail.com', NULL, '$2y$10$L03tj6yAIJvL6mehpygiKONzfX5ikCNcsAhyFELCr6Lt4c8Mh/t7G', '1314145127', '0000000000', 'OSWALDO ACOSTA', 'OjsWUp3O3qTHm3KBZrcehyV0A4nO8HTEvq0DQnnKLqUK1XPOUhBtg5yMqxCP', '2019-03-14 01:10:27', '2019-03-23 07:18:21', NULL, '7568'),
(431, 4, 'ALCVAR ZAMBRANO JERY ENRIQUE', '1313575167@gmail.com', NULL, '$2y$10$Zf37zRWjxaH2SaNVLAFd5./FccUSYSSFXfwJ6UkFok7T/M1zPweEq', '1313575167', '0000000000', 'OSWALDO ACOSTA', 'oy6S7qroXiILksY7PCvWNnoM6JWOPVTlLiUfneJKNEwsnxqKImlClDpudA6F', '2019-03-14 01:11:39', '2019-03-23 07:18:21', NULL, '0926'),
(432, 4, 'ZAMBRANO VERA FRANCISCO JAVIER', '1314994151@gmail.com', NULL, '$2y$10$zFKuEj3RMYAHmRKwrTrPwOSWbBcpjTEt/yEw.NXTnJZrH2rFvJhai', '1314994151', '0000000000', 'OSWALDO ACOSTA', 'F0jV0uqOklIu1FTDbvbqapIUlaDn81aTnqDAoyfGvZjrHAIen3coKWcFmxMm', '2019-03-14 01:13:08', '2019-03-23 07:18:21', NULL, '0206'),
(433, 4, 'MUÑOZ LOPEZ NELSON STEVEEN', '1313562173@gmail.com', NULL, '$2y$10$yY1saJcnArxORCE/jd4pvuPk901Dm4PzJnex33Lvv2k6TbxSJmpIC', '1313562173', '0000000000', 'OSWALDO ACOSTA', 'FzpPyjjtEdUMkKvi0Gvrk4cgenpdWUZSlIAPmQxyStiGk2i37GZ4vkNPZWmS', '2019-03-14 01:14:16', '2019-03-23 07:18:22', NULL, '2796'),
(434, 4, 'PROAÑO AIZPRUA JOHANNA STEPHANIE', '1350707806@gmail.com', NULL, '$2y$10$fFsneFuzSVXqrDX4rYcKouBJHqhj7BbieFYIenHBDBCREd8iNuNY.', '1350707806', '0000000000', 'OSWALDO ACOSTA', 'd30UAquoSgZQDIZ7O0zz5yHXsAvW7TqQKrxbcfbHuLoJuv7Xt0twjvq6hJz5', '2019-03-14 01:16:45', '2019-03-23 07:18:22', NULL, '5629'),
(435, 4, 'HIDALGO SALTOS MANUEL ALEJANDRO', '1313567032@gmail.com', NULL, '$2y$10$H7XSkEx2eFHeKY.XetZPjOhn3XOdORZfmJkhw6qGInwvvI2UVIZWS', '1313567032', '0000000000', 'OSWALDO ACOSTA', 'LALnVu92sB6BIFPMQXHrVi6rEOx3finsIyi26kfKZVHLh7Ttf2WPpyZqRJYp', '2019-03-14 01:17:54', '2019-03-23 07:18:22', NULL, '0107'),
(436, 3, 'VERA VERA KELVIN LEONEL', '1314994177@gmail.com', NULL, '$2y$10$0hprbAqVjTT8aFWhQl.ROugDWlcaCtGBAcikXkMSVa5br6BLE5fDy', '1314994177', '0000000000', 'OSWALDO ACOSTA', 'rqfE2xiMe0kZD88qDuyYmf5yvISE7wb754nJdRBPX7ju7RPVWfex2aKWBk5X', '2019-03-14 01:19:38', '2019-03-23 07:18:22', NULL, '7258'),
(437, 4, 'JOHANA ELIZABETH ZAMBRANO MOREIRA', '1311826539@gmail.com', NULL, '$2y$10$3irZRY7aOtaAT.l7kV6sJuuSfciKNfVLSMYv5HaWRY8mcCRLnvBWK', '1311826539', '0000000000', 'OSWALDO ACOSTA', 'zziRbVgErFmRC3oRYaoQG63bSh3il5Hgm1WuzJjELO8IIDUorg1CAGwNPKW7', '2019-03-14 01:21:07', '2019-03-23 07:18:22', NULL, '8886');
INSERT INTO `users` (`id`, `IdTipoUsuario`, `name`, `email`, `email_verified_at`, `password`, `cedula`, `telefono`, `referencia`, `remember_token`, `created_at`, `updated_at`, `IdRecinto`, `clave`) VALUES
(438, 4, 'ANNI LIVIANA VERA ARTEAGA', '1315973675@gmail.com', NULL, '$2y$10$hg8v1rk7qrsLEej12XXl0.m2ZgUFHiaPqJVxJqQt4Y1C.TAxKmaD.', '1315973675', '0000000000', 'OSWALDO ACOSTA', '8ni1mrQ5bKnwH4wes6G8g4eOJ4fNd0V5e3I5qKNOAwhQCC5gD7KHfpiRZD0u', '2019-03-14 01:22:25', '2019-03-23 07:18:22', NULL, '2250'),
(439, 2, 'DIEGO ELIECER CEDEÑO BRAVO', '1313526038@gmail.com', NULL, '$2y$10$LxR2/SRs.UR6Zi0mXKpWn.O6arYfI7Ydr4agupg2i0aRuVufupIsS', '1313526038', '0987307700', 'OSWALDO ACOSTA', 'Q7JaqdqdeEjDub87J4vbuL31yiZuSPLraq1UOy1Ie6UZdaawwXdtKmI4beUi', '2019-03-14 01:24:00', '2019-03-23 07:18:23', NULL, '5393'),
(440, 4, 'JOHANA VANESSA PAZMIÑO CEVALLOS', '1310514045@gmail.com', NULL, '$2y$10$R65XN0rtPnA9dbAOifhf6O9sh8dGY0yZ5pMJDl5XoCCUUD38keuBe', '1310514045', '0000000000', 'OSWALDO ACOSTA', 'iizH3HJO1EVkeTcPJRkKQzQdl4Nt0DB70olF9dqk5tNQkVZl2UaT7HDeNVxC', '2019-03-14 01:26:13', '2019-03-23 07:18:23', NULL, '4155'),
(441, 2, 'LISBETH CAROLINA VERDUGA VERA', '1314591205@gmail.com', NULL, '$2y$10$BKuvYOXRlDoJ8W1GFi/RKeAQ2B.QhUMOsQ.KTTwpT/B0ur9dcK.Om', '1314591205', '0000000000', 'OSWALDO ACOSTA', 'NbKAczpeXzCNYx0sQE4VkQjTnqQO3od4VRHVxJSoPjenCxnzOHyTGBiaEYX5', '2019-03-14 01:29:28', '2019-03-23 07:18:23', NULL, '4840'),
(442, 4, 'GEMA TRINIDAD ZAMBRANO PERERO', '1313627083@gmail.com', NULL, '$2y$10$smtBdJzPPRbarnN7Fpbi5..UHQCFUGlZcdIqIZrPLzvonHj47r1JC', '1313627083', '0979415145', 'OSWALDO ACOSTA', 'LVbed80FBiaE14NLKL0PlSDOgpbvdEWHBhmWuoJkNKHb05BdBxYb6406jpTK', '2019-03-14 01:30:58', '2019-03-23 07:18:23', NULL, '3615'),
(443, 4, 'LOPEZ BASURTO DIANA SABINA', '1312802208@GMAIL.COM', NULL, '$2y$10$OTHcLTI2u.19BX7lORAsvuO3X4l/.NPTjMNSvE16EVtLlrXAIwQy6', '1312802208', '0968819585', 'PATRICIO BASURTO', 'OaXqVJ30GcxfRwlGwkRlySbnfefhu034FD9gwAmy5Eedt081SJbkbnnv749f', '2019-03-14 01:32:02', '2019-03-23 07:18:23', NULL, '7223'),
(444, 4, '\"JEFFERSON ALEJANDRO SALMERÓN ALCIVAR', '1314648005@gmail.com', NULL, '$2y$10$I7WfP8f71HmKtWsbW3yCc.aTq757TUS6tmNG6MbvEkLFFrk0aub0G', '1314648005', '0959931271', 'OSWALDO ACOSTA', 'v6R8xOoIdir4I9L4z7EtLjOvznVChYAMrx2T9MgCodMYVoLD044yf3vCrkJe', '2019-03-14 01:32:54', '2019-03-23 07:18:23', NULL, '0684'),
(446, 2, 'LIDIA JOBITA ZAMBRANO MAZAMBA', '1306241611@gmail.com', NULL, '$2y$10$z8RTH53mMQGU4IP2hM.XOe5gyM.TkHlkYzx83VWixWB.cBYUYOKb6', '1306241611', '0979415145', 'OSWALDO ACOSTA', 'IzoFxp687FIEz6asLBuxE6zlcWklMKfBZEfxQdoMuKHuQ6KfCn9krYeWi1SZ', '2019-03-14 01:34:19', '2019-03-23 07:18:23', NULL, '8725'),
(447, 4, 'LILIA ELIZABETH NARVAEZ MACIAS', '1310788680@gmail.com', NULL, '$2y$10$/MKcndGY8tHDDb4f/VVmK.kcyAajJTFW7se.yVocwlhsx17SO5392', '1310788680', '0998446660', 'OSWALDO ACOSTA', 'rJ7GVaI7jZcPgU5CVw9sXHCNZYshq2Osbfub4PGlRCW9LGnuQcjm67efdtrm', '2019-03-14 01:35:42', '2019-03-23 07:18:24', NULL, '2342'),
(448, 4, 'ENRIQUE RODOLFO CHESME MACIAS', '1313295477@gmail.com', NULL, '$2y$10$PKthIwdT6OiW2E3Z.R5J7uk9V3SHHnFZFvtVAmt2BbLMF4bwYGsU2', '1313295477', '0998446660', 'OSWALDO ACOSTA', 'tCCT8fvSlYhkphM9tc4w9QhZpensmbKeJs535Y3NekpTonLbnJSX5nnuz3Hk', '2019-03-14 01:36:59', '2019-03-23 07:18:24', NULL, '6583'),
(449, 2, 'CRISTHIAN HERNAN LOOR CUSME', '1312859679@gmail.com', NULL, '$2y$10$elS0sgiT55Epq5hDUZiCSui4y2sNHII8IbU8hvryKhF/iFfeDpB7G', '1312859679', '0969229575', 'OSWALDO ACOSTA', 'ODInjqISZQxbxEI4hNnCykCyP0akHCEeNsZzdMLi1GIbDJCYrHbcakbvlslM', '2019-03-14 01:38:17', '2019-03-23 07:18:24', NULL, '3383'),
(450, 4, 'ALISSON BELEN VELEZ MECIAS', '1315411676@gmail.com', NULL, '$2y$10$QFQd8kEUqCxKbHDo.uVU2u1n67mWKXS8LIIqAMjw1vNmhPOAhyYyG', '1315411676', '0988624871', 'OSWALDO ACOSTA', 'A035zkgUYRCw1Vk02oPmYKRN7HCGsAx1hHq4kk2qrqCic7qcP9RAtnaa1mGi', '2019-03-14 01:39:57', '2019-03-23 07:18:24', NULL, '4595'),
(451, 4, 'OSCAR EDUARDO OLMEDO SOLORZANO', '1313731562@gmail.com', NULL, '$2y$10$K7xZOyt8HCo1tgR1RgXGpeOB8JOlr1BbFk1Oe.MeU74cIJ2AdJXc6', '1313731562', '0978757067', 'OSWALDO ACOSTA', 'u3KNo6g86CdVwxt5jgqhhgXSgvkuXKSyfGvI9MqJALuutIBv2Is4csiY6bwC', '2019-03-14 01:41:03', '2019-03-23 07:18:24', NULL, '5799'),
(452, 2, 'ROSSANA KAROLINA JARA VERA', '1351556285@gmail.com', NULL, '$2y$10$cT7IifoLNoAXfM5noyCKy.HmmgG3cB0fEVc8vfNmUkLP16fpmebS2', '1351556285', '0989029441', 'OSWALDO ACOSTA', 'm609pV0cu9hpowQyRLZzu7BJ1ZQy1a9MX3Oh9jYB1I9zTs3z8ia0hhDbABnE', '2019-03-14 01:42:10', '2019-03-23 07:18:24', NULL, '4120'),
(453, 4, 'COPPIANO LOPEZ JOHNNY JESUS', '1312587064@gmail.com', NULL, '$2y$10$Z51GucvhPIOnDHUGfRBleOeXqbA13niiRQYEFXf/8L6avOLrW65fm', '1312587064', '0959807480', 'PATRICIO BASURTO', 'RXfuP08abgTwKqzZWVy5znLo7pg2FsvDkoBjV1zcd7Vi4yCsX02UXLUZbscQ', '2019-03-14 01:44:45', '2019-03-23 07:18:25', NULL, '1039'),
(454, 4, 'LIGIA ELENA VITE ECHEVERRIA', '1724943020@gmail.com', NULL, '$2y$10$Qu26sRBAG.qIQC2WgrbyUO6JJ1K14JrHR8TnM1CxeSPi60JJIgrc2', '1724943020', '0979389843', 'OSWALDO ACOSTA', 'Mxa4b7EoKBH6RbyLfvltdwKzEh9uzdUDRI2RNYQqw2HdLCyqXWugZvNc2CDJ', '2019-03-14 01:46:00', '2019-03-23 07:18:25', NULL, '0142'),
(455, 4, 'SLIN JULIANA GARCES PEREZ', '1314426782@gmail.com', NULL, '$2y$10$El4Wu0JhzIFUqmLl8z/ezetInXCki.4np/04/D33l8fqKfFDcJFcu', '1314426782', '0967647331', 'OSWALDO ACOSTA', 'eX7B36UAgikQN23oPwX6E7Ctp9UqdU5uCUuv33x6qSHm3wjHzNnOUQs5Qnm0', '2019-03-14 01:47:13', '2019-03-23 07:18:25', NULL, '9055'),
(456, 4, 'YOLANDA ELIZABETH MOREIRA LOOR', '1314771609@gmail.com', NULL, '$2y$10$vSDlYctpzlY7HNR.qGNwoeN/9cbMNj6/vxFPb8zRBPbQv6fREwFOq', '1314771609', '0995833182', 'OSWALDO ACOSTA', 'HdEzhs8CP4LRr6ldseCqw4B1XNV9nxTGUIiAcdseOsAju8SxdNvI45XWPmP9', '2019-03-14 01:51:14', '2019-03-23 07:18:25', NULL, '5419'),
(457, 4, 'RUTH PAOLA ESMERALDA ZAMBRANO', '1312479825@gmail.com', NULL, '$2y$10$u/6LP2K5pHVDFD2G.wx/2eDb1koiB/AM4aKQhVGmge7nt62e5IXca', '1312479825', '0968510455', 'OSWALDO ACOSTA', '5fczLFFKSj7GqgIBd5GccjcVXFTxTishjkGgMNHQ8rYazSUBV5eqLHaulO5t', '2019-03-14 01:52:21', '2019-03-23 07:18:25', NULL, '4623'),
(458, 4, 'CECILIA ALEXANDRA CUENCA CUSME', '1316746823@gmail.com', NULL, '$2y$10$f7o0KIl8jAz7yug.e6PnhuWXrfjWnOW79GlF91x.CqFNWgVesAorG', '1316746823', '0995822493', 'OSWALDO ACOSTO', 'dzJ0qZCJgCEZJAXC5YK3HFmtdpnWXsAlpPoFe9MpsVQ7BoiuwRpEPsRuOELD', '2019-03-14 01:53:34', '2019-03-23 07:18:26', NULL, '7152'),
(459, 4, 'LANDY ESTHELA VALLENCIA PONCE', '1308909660@gmail.com', NULL, '$2y$10$6z8EJjQuRHPtQEqpDCoTKuFt2ZljLpbOxt8Ayi83c9r0mG4dfWmIW', '1308909660', '0939051518', 'OSWALDO ACOSTA', '5DrMHrY11ZwWTq6iToRQg9kcI8vDhatsfysEdvgIrWyZXEXgSJYGZV7wGLSZ', '2019-03-14 01:54:49', '2019-03-23 07:18:26', NULL, '5915'),
(460, 3, 'CARMEN VICENTA VELEZ MEJIA', '1303694325@gmail.com', NULL, '$2y$10$3MWCHE7DAcq7ycFJoQdHa.ZoWa9U5ZZ0izSqVj29d3RbPz8AB5mwm', '1303694325', '0991147410', 'OSWALDO ACOSTA', 'kk4yNfbqEkYhtvX9139WPyzvtbLocx6n5CCwngu3VIfx8bryW1ROLXLnivMz', '2019-03-14 01:56:28', '2019-03-23 07:18:26', NULL, '0167'),
(461, 4, 'BRYAN JAVIER VITE ECHEVERRIA', '1315676146@gmail.com', NULL, '$2y$10$wyA.idrxGJmOeiQtjFpso.x8T4NdexK/GfA4NsrBqi2tjNTXBAgbu', '1315676146', '0960997641', 'OSWALDO ACOSTA', '2rkU991myMEKGzMibOWGYlRgNFJHS0Fkso96PHawHMlNEll0SuvqzRC4jOyX', '2019-03-14 01:59:52', '2019-03-23 07:18:26', NULL, '7372'),
(462, 4, 'MANUEL ANTONIO ESMERALDA ZAMBRANO', '1311703035@gmail.com', NULL, '$2y$10$Wrr1.m/D3AuVqiuA3VyT7ernQnAXG7gVXUOp8lGMyfUizIkp3Od1W', '1311703035', '0989883573', 'OSWALDO ACOSTA', '8tjIZ6KkmSi7QBUFHyV4AmxzfIOK2ZjJMrDY8fxIrDjmimhtfBpPOnErj2br', '2019-03-14 02:01:23', '2019-03-23 07:18:26', NULL, '2266'),
(463, 4, 'LEONEL ANDRES ZAMBRANO SALAZAR', '1314139930@gmail.com', NULL, '$2y$10$3Uq3McX/3MLJr0wx/aMmluuOcpOa2HbMNwhVSSe9VwONmBKm9RBfa', '1314139930', '0994093264', 'OSWALDO ACOSTA', 'FyPI2BQUHh7del5xEjSvNQSVtn0SELyBlZIk1WKVsmpPTGZoRlzNIXEhWJKT', '2019-03-14 02:02:35', '2019-03-23 07:18:26', NULL, '7365'),
(464, 4, 'ELIAN ANTONIO LOPEZ MACIAS', '1317030227@gmail.com', NULL, '$2y$10$2JH8LPLaLLAjO6M.6g/Ka.8yyJroG7k7Fycw73MfV9NHSX9d/E15G', '1317030227', '0939299954', 'OSWALDO ACOSTA', 'rjIUwuxnJ0Sb50zSivFjaoXyGOQkFnrf1yxDl6lA29B2SUxzL72rBYZQpNdc', '2019-03-14 02:04:16', '2019-03-23 07:18:27', NULL, '2114'),
(465, 4, 'WILMER ALFREDO MOREIRA LOOR', '1401163678@gmail.com', NULL, '$2y$10$CuBUVufxshRyZkJ9AUkiVueJfyjVkyFm/TSrXPr8LarLdxuIXEEpG', '1401163678', '0939299954', 'OSWALDO ACOSTA', 'CpdsAN2PHNf7MwZIBZ2KyZQ4krNxxsJqLF2LlNJsKQYQCREIIZa1CIISBtyg', '2019-03-14 02:05:50', '2019-03-23 07:18:27', NULL, '3730'),
(466, 4, 'WILMER FABRICIO SANCHEZ CHICA', '1313292441@gmail.com', NULL, '$2y$10$BanekgFSUO3.qioae330EeucHD63zY9U83Dq6QT7Lxvhiobra3sFi', '1313292441', '0986069026', 'OSWALDO ACOSTA', 'V89gjf5iPJdpVeqT1czBkRXbs0NILc0MWlOF5Ei2pOtNFxP2z0N94GH9Ubs8', '2019-03-14 02:06:54', '2019-03-23 07:18:27', NULL, '7336'),
(467, 3, 'ANGEL QUIIRINO MOREIRA PATIÑO', '1305518779@gmail.com', NULL, '$2y$10$4uHNAO995DMpbArGqa.FyerMPIdOjl.Ua7EEtP47PnXH.t0MLGBQS', '1305518779', '0968041684', 'OSWALDO ACOSTA', 'mFuQeKlx85hCkxBFvNAc3mXbXXVwWTqwP00VKbtyae3JYu62LaULMr5qZIDg', '2019-03-14 02:08:07', '2019-03-23 07:18:27', NULL, '3729'),
(468, 4, 'MUÑOZ CORDOVA MAYRA CRISTINA', '1313439307@gmail.com', NULL, '$2y$10$U/N36LX8twrcp68/PTDZiuagqeoLCGrdtwHUWel2XI3HmRlDeAW3.', '1313439307', '0981894538', 'OSWALDO ACOSTA', 'FCwBkXY073nHgvpX7aBAfoYUH3aNFLb5V7tlaXwXebCodFCwEUuXAzBXdhLL', '2019-03-14 02:09:59', '2019-03-23 07:18:27', NULL, '9617'),
(469, 4, 'SABANDO CEDEÑO JONATHAN JAVIER', '1310743974@gmail.com', NULL, '$2y$10$8EDBu0qYCeFt.V0wBYA/Z.Juwy1EoxYqUdD2fZGk8JLnJ3DsHOfzO', '1310743974', '0967384898', 'OSWALDO ACOSTA', 'eXzZ6atTqbQcEZCsxvqWNiSSTVBlEVsQc2T6ScIOIlYGlkbJSP6EuIF6br2h', '2019-03-14 02:11:00', '2019-03-23 07:18:27', NULL, '8496'),
(470, 2, 'CEDEÑO VARGAS ADRIANA FERNANDA', '1312056946@gmail.com', NULL, '$2y$10$gkrEeh6NEkAVgc00Pbewb.3x7MeYIxJ3lRTtXD7NJh6d6Dga4.Pbu', '1312056946', '0000000000', 'OSWALDO ACOSTA', 'SFwB0YpSk9zueKdHQDZDM9JQgN6Vj9qt7BCY0u93giY5to4p8fvbycd4h7B3', '2019-03-14 02:12:14', '2019-03-23 07:18:27', NULL, '1718'),
(471, 4, 'MONICA ANNABELLY VERA ALCÍVAR', '1315217214@gmail.com', NULL, '$2y$10$S8.qu2w.x8ZHGDd9Hq9B2uNx9g5wEgGPV8D2zildARcytgjfg1m.6', '1315217214', '0988391194', 'OSWALDO ACOSTA', 'RQ2vRwOtww4MjMF9JTzhpF0JLsA9bVygAn3MZMAkgASo2X8gBeBf5H7dwe3V', '2019-03-14 02:13:43', '2019-03-23 07:18:28', NULL, '4174'),
(472, 4, 'MARIA LISBETH ANZULEZ ALCÍVAR', '1312301623@gmail.com', NULL, '$2y$10$G16bbzMTRTFYUz6JzunwCO28Zl5MXot4kIh2tsMl62EbqMP8kDMdK', '1312301623', '0993863342', 'OSWALDO ACOSTA', 'Kt1FxpBtOg5OSMzQAmvZz4k21p6vraZTlmk1kMfrEfkH3sgP217InIRgS0Fb', '2019-03-14 02:14:54', '2019-03-23 07:18:28', NULL, '3541'),
(473, 4, 'LAURA STEFANÍA ALCÍVAR SANTANA', '1313895409@gmail.com', NULL, '$2y$10$ByYkTLT9n2RvUWYjvAZtDe75q5vbIH9kzsKZ19kRYbSOQnvxp52ha', '1313895409', '0959197054', 'OSWALDO ACOSTA', 'XKU52ebkgUPmeN7bdNf0LsWmXbZYhp8PYQTT4doaV0PYhu5hLxx1Jb6wtupX', '2019-03-14 02:20:15', '2019-03-23 07:18:28', NULL, '4073'),
(474, 4, 'GEMA KATHERINE ALCIVAR VELASQUEZ', '1350531180@gmail.com', NULL, '$2y$10$FQYAyqJ4U8KOxihMdOOgm.LfP7u/4QTtJ39Xkh8cDrhrkKrE6T12S', '1350531180', '0990346314', 'OSWALDO ACOSTA', 'qPch4vgjiJaAsUYFxOOs2zOZKe7SMG39MfxTNJhhg5YHOnrjsYmjGdDZTFgv', '2019-03-14 02:21:36', '2019-03-23 07:18:28', NULL, '8083'),
(475, 4, 'WENDY PRISCILA ZAMBRANO CAICEDO', '1350721591@gmail.com', NULL, '$2y$10$jll0Czzlkw0Bv8GF6i48cuIomaqLAudB6oviIfAqykQwY5b7RHtzu', '1350721591', '0000000000', 'OSWALDO ACOSTA', 'YGIWJ1EjgKfU2yyo4Vgbl8gQhD6dpZcuAAnizjju1MB4y0iGNiUrQyD7ykag', '2019-03-14 02:22:59', '2019-03-23 07:18:28', NULL, '8376'),
(476, 3, 'NATALIA VALENTINA ZAMBRANO CAICEDO', '1350721567@gmail.com', NULL, '$2y$10$bFQ4vmgEZU8dJ6/RxIbvce5qI2RgauqpWU/TfXkc/AxmBO7.s95X2', '1350721567', '0000000000', 'OSWALDO ACOSTA', 'lfqvikxVcavrZH0vycrvL47yplw1fsfRjskAqwCYoFNG0zBHcEMzfIS7vnI1', '2019-03-14 02:24:16', '2019-03-23 07:18:28', NULL, '1257'),
(477, 4, 'GINA VERÓNICA DUEÑAS SOLÓRZANO', '1310929201@gmail.com', NULL, '$2y$10$cgmuT1YUfS/eBLgBQ.7Kw.mWb..UEc5YNnvaI2Kfso2x.0o43Fvtu', '1310929201', '0000000000', 'OSWALDO ACOSTA', 'j9vnq7qLHGWV7wrN5WK6gTL1NUx9R5GF3JoFa8IfAQs3R3Y9P6bVVJFhWpHk', '2019-03-14 02:25:49', '2019-03-23 07:18:28', NULL, '2233'),
(478, 4, 'ZAMBRANO DUEÑAS JOSSELIN ESTEFANIA', '1313266908@gmail.com', NULL, '$2y$10$2NsYuRKvGYX31RyhG3wgXOlyEW.01JZjKp0Rx5/RC1hDo3FkPi5jG', '1313266908', '0961789322', 'OSWALDO ACOSTA', '8e4phz0cSjePd9TKEJb0u7NjAPPHhX3UmYUslYuqXD2fFYEBSbmAm2dIJFeG', '2019-03-14 02:27:02', '2019-03-23 07:18:29', NULL, '7969'),
(479, 4, 'PUENTES NOA JOSSELIN KAREN', '1725203721@gmail.com', NULL, '$2y$10$szRjXleIgtQESIstmBposumvBhgtYTd0Lw1VDbvs6xXg50tYeGu5O', '1725203721', '0000000000', 'OSWALDO ACOSTA', 'TM32vCOEbmx1os37tsC7RHwPzLHCMZHgVkzuI3RVmtx3CysL5RMjB6mZHmIg', '2019-03-14 02:29:06', '2019-03-23 07:18:29', NULL, '1982'),
(480, 4, 'JONATHAN JAIR ALCÍVAR ANZULEZ', '1313354969@gmail.com', NULL, '$2y$10$68XNJovxf8ai7xdWYUUH2uZvau8bKXGyfNCTPilhpvc0VAUhBLIw.', '1313354969', '0992114902', 'OSWALDO ACOSTA', '2RitvnoQsDLpjXMtictnzgt59ucmDt8jqZx88tKDUboXHCsQsMac7b87UrW8', '2019-03-14 02:30:18', '2019-03-23 07:18:29', NULL, '5011'),
(481, 4, 'DUEÑAS MARCILLO RUBEN DARIO', '1308514254@gmail.com', NULL, '$2y$10$K8yVLw0bUbaTMcE4utoSZORmHcjr..DipYWvchVKvhz4N3ySxnpIK', '1308514254', '0000000000', 'OSWALDO ACOSTA', 'w1NPFasIydcOgFvoEKXJeUvldJCchbVuL4VVS5D5nkEIj66DBaroF6AqWy6S', '2019-03-14 02:31:18', '2019-03-23 07:18:29', NULL, '8020'),
(482, 3, 'ERIKA LEONOR SOLÓRZANO MOREIRA', '1313701953@gmail.com', NULL, '$2y$10$SEXzdzN0hlIuw89vDgklhuePIBemupwqoY8LBr5u58c7YKdYyRR4u', '1313701953', '0968734717', 'OSWALDO ACOSTA', '4OR9rNZLxheo4AH7fzmnTCK7BtLNgipohry5t1OBITsyyGoTknZJ6Cf0M0p1', '2019-03-14 02:32:45', '2019-03-23 07:18:29', NULL, '0789'),
(483, 4, 'MENDOZA VILLALBA JHON HENRY', '1314030287@gmail.com', NULL, '$2y$10$EkCJvjER1PBpvSgQjz2N7O6Z9BnEtI.XDA.B4.u/BDubqTYaeXYmq', '1314030287', '0000000000', 'OSWALDO ACOSTA', NULL, '2019-03-14 02:34:47', '2019-03-23 07:18:29', NULL, '9772'),
(484, 4, 'DUEÑAS ZAMBRANO LEYNER FABRICIO', '1309393997@gmail.com', NULL, '$2y$10$o7fb4ximZmSFq.qp6OvlSudxH1VRQrOsrl/0ATA3qBeDRxm3LkYEq', '1309393997', '0993732998', 'OSWALDO ACOSTA', 'Rd0Wpt4rJGzEOgUXj1KZH1ykRIWAryWBj0GLvmnTtthgDyRb4nuPCvSraAbC', '2019-03-14 02:36:02', '2019-03-23 07:18:29', NULL, '4714'),
(485, 4, 'MENDOZA SOLORZANO PETER LUIS', '1303841884@gmail.com', NULL, '$2y$10$bWkS.aBHQgQnP5AZ0wbWheSo6tazxXKJ0UctUjzBGOSCdUkxTbRN.', '1303841884', '0000000000', 'OSWALDO ACOSTA', 'f4GUaQ7qgFAu00KwYslEfFzYCTkvG1slZc1k2Cbtbk35ir5yQ4uLNU7uspTg', '2019-03-14 02:37:11', '2019-03-23 07:18:30', NULL, '2356'),
(486, 4, 'SACON SACON ANGELA ALEJANDRA', '1350450134@gmail.com', NULL, '$2y$10$Y81IuokhFqba.GOsGL47SO2A5qU9xJZLhtBAkB83.2zb3DNp/8onS', '1350450134', '0000000000', 'OSWALDO ACOSTA', 'tlTdb6UOPCVnMDOErSU7fYvp3tkqBnXIcdCzgR52in1QCw56fWIZNCtMnwum', '2019-03-14 02:38:25', '2019-03-23 07:18:30', NULL, '1852'),
(487, 4, 'SOLORZANO RIVAS IVETTE GEMA', '1313731398@gmail.com', NULL, '$2y$10$YN2MgAj.9yCuN3p.Y7dJtuftb1JQ2G5Y1tIhmuNCxtZTiwS5rAbO.', '1313731398', '0000000000', 'OSWALDO ACOSTA', 'twmJMtNmcFZEby6IkYNjWYaxfhqz4kETX5TkndVlGYlIPg7GRYoxYqDCQaUC', '2019-03-14 02:39:49', '2019-03-23 07:18:30', NULL, '7653'),
(488, 4, 'ZAMBRANO DUEÑAS KATHY ELENA', '1309081469@gmail.com', NULL, '$2y$10$u1e3uL4q8jnKdPhVseC4NO2KfgBk9vAM7m8L6ivWOv5aNpb3Er01C', '1309081469', '0000000000', 'OSWALDO ACOSTA', 'jEL6k3aZFBeZlGVm0HRQ8XxkZCMdPxGrLgrW7mPmX5DZHwvPHZozFhndEbvr', '2019-03-14 02:40:50', '2019-03-23 07:18:30', NULL, '4086'),
(489, 3, 'ALCIVAR ZAMBRANO DIGNA ALEJANDRA', '1310435498@gmail.com', NULL, '$2y$10$iqdA1/I0ktf9.paCx0IaKubrovIXK0eSJyfbHaF.AOp6wzpsLu9w.', '1310435498', '0000000000', 'OSWALDO ACOSTA', 'i2U9TVehghv3CEnFksflQOQydpKJvLsBLtULsn2C5WZyYC5N2kPfARmwwxxP', '2019-03-14 02:41:59', '2019-03-23 07:18:30', NULL, '3119'),
(490, 4, 'MERA MOREIRA JOSE EDUARDO', '1307892222@gmail.com', NULL, '$2y$10$gmL.bCM5Cakxhu0hZGxlme0QIgxI.nvpswiNr6yXQvJ.DceAaMC.C', '1307892222', '0000000000', 'OSWALDO ACOSTA', 's7gV3HOwG1kNzdL3aYZ5whEykjbJPahVnomDVXASbzGmEqCLtSnMMtOJsPbb', '2019-03-14 02:43:05', '2019-03-23 07:18:31', NULL, '2203'),
(491, 4, 'MENDOZA VERA ESTUARDO EVARISTO', '1309675245@gmail.com', NULL, '$2y$10$qCaNdH.P5tAJiTAedHPeYOyoJTMqsgRJXKDts6tJtQwyz2wUbpVbq', '1309675245', '0000000000', 'OSWALDO ACOSTA', '1huLhjhBdnzEAf5TX0f4jowjmvziJ7R18B3XfHwjfdgUFEAfyAdAxM2e8ae0', '2019-03-14 02:44:51', '2019-03-23 07:18:31', NULL, '5088'),
(492, 2, 'SOLORZANO MENDOZA BRAULIO ELOY', '1310403694@gmail.com', NULL, '$2y$10$jlDXU5wsEsB8MHlrPIsPDO9S8Eb70fSY8IS/HQSwkIsOJukpFSbby', '1310403694', '0000000000', 'OSWALDO ACOSTA', 'UIHrC6K6cQNlb6HEsWBHp4Iv9Zy5rrO4q8Vyl6stCV5hlDlvPIkWWUcAmHQv', '2019-03-14 02:46:10', '2019-03-23 07:18:31', NULL, '6390'),
(493, 4, 'MOREIRA MOREIRA ALEXI ELIZABETH', '1309484317@gmail.com', NULL, '$2y$10$a2pvesUWU2inqPAOdb6Kj.XwIcU/V1//8bJCHXpTwwxBGk2NMBLZ2', '1309484317', '0982409960', 'GAD CHONE', 'hpuk6xiMiAHBvdsje6TSKwEM0vdGfic8hfzzgZsO8AjPZXi4TpksPoETl5P2', '2019-03-14 03:06:36', '2019-03-23 07:18:31', NULL, '4582'),
(494, 2, 'ARAGUNDI VALENCIA EDWIN MANUEL', '1314066505@gmail.com', NULL, '$2y$10$ltyVRctfvLiayuNpZRE.d.qCveNXNbfuHNd93TfLSh9F43FwTR/E6', '1314066505', '0000000000', 'n/a', 'GiXJpZdtuBHzhJhLYngPruF8Jp5Z9ioPRnMwhp4x0rhQwDhfuyZp4qboOqSk', '2019-03-14 20:10:41', '2019-03-23 07:18:31', NULL, '2959'),
(495, 3, 'MERA ZAMBRANO ROSA NATALY', '1310920853@gmail.com', NULL, '$2y$10$FswA/Tfvslp6jdHSJXtpiOYKgNb0abYc3LcHPnZYtY06gPqrKcYFi', '1310920853', '0969926898', 'n/a', '60cB9C7roz2CTNTummrT6dsSAR8E1bG8QnGTByoG90TPxckCZvXcjg5jUpgn', '2019-03-14 20:32:21', '2019-03-23 07:18:32', NULL, '7156'),
(496, 3, 'CEDEÑO ARTEAGA MARIA BELEN', '1314069715@gmail.com', NULL, '$2y$10$i3wXlLzFjAquhYXlTyDLiOYuCTyWXATbq8q9rfiBU.0HUNEo5.f0K', '1314069715', '0981886320', 'n/a', 'arIEO7ngf33Phc1czWouoOxqnljEdxSpN1nvkALHoRKsLyo6bJ82FKZ1h5TU', '2019-03-14 20:33:15', '2019-03-23 07:18:32', NULL, '6671'),
(497, 4, 'VEGA CAGUA RONEY JOHAN', '1316671161@gmail.com', NULL, '$2y$10$br8moQY7Q57NFPYQIwcB7udfCj9XjqJbF/3o1AVpkBFcoFU1oVmSi', '1316671161', '0991192333', 'n/a', 'gpRoLw2dMcXPAjq1WODvXLNMZAsYeA3QFf3kUdw9Jc11APSJe1Sw9nRlO1fT', '2019-03-14 20:34:10', '2019-03-23 07:18:32', NULL, '2779'),
(498, 4, 'ZAMBRANO INTRIAGO JAMILETH STEFANIA', '1315099109@gmail.com', NULL, '$2y$10$iCX3lSiG53OQ5PONrREHhOLwCzhiOnBT5Ofc0Kf59J60QlN37/v3q', '1315099109', '0994270646', 'n/a', '125Mx6cBWDyJfGIe7H4cAiJH4yWZwgIhz1btGx8bzt2CvD1Jj8V8hMYlsKdo', '2019-03-14 20:35:02', '2019-03-23 07:18:32', NULL, '8494'),
(499, 4, 'ARTEAGA VARGAS ALEX FERNANDO', '1314784693@gmail.com', NULL, '$2y$10$SGmSHzac73rsxRCwJ03kP.ulkGp3ifpqFbj598z46ROVUI8foQAPG', '1314784693', '0967059598', 'n/a', 'h1WtPGU6P6QyPWHwGlRHRqEke0M0k8Lip8m8M277ytyziU7nysDYQhV1Z0Zz', '2019-03-14 20:36:02', '2019-03-23 07:18:33', NULL, '6230'),
(500, 4, 'QUEVEDO AIZPRUA DARWIN XAVIER', '1315097723@gmail.com', NULL, '$2y$10$hT.Fm1o.phtgd9eJvxRmx.uYRO22sZUCsA6.ZM6tqjViSKMDRz5se', '1315097723', '0982653440', 'n/a', 'DLm0S42gVZANpz8ntv5mF2gDrJdmk1PXw622ZslJGqImKAqB2cfuypfMntGv', '2019-03-14 20:37:22', '2019-03-23 07:18:33', NULL, '8219'),
(501, 4, 'DOMINGUEZ PARRAGA MARTIN ADOLFO', '1314991058@gmail.com', NULL, '$2y$10$dHmmaxRFo2c6ID5PyiUtGuWmh75dqhEGGvWYdHwnEikCesCWIIYuu', '1314991058', '0968088431', 'n/a', 'JJpzxFkpp5rBhMzTSYOugezYMpRscN1Dv5xrc69T9rmtSGoxD92fK8DFbbRt', '2019-03-14 20:38:08', '2019-03-23 07:18:33', NULL, '3296'),
(502, 4, 'CHICA ZAMBRANO ROSA ELENA', '1313499962@gmail.com', NULL, '$2y$10$G0Uqoj/fa8YwGPuwa7dLdOZayW4ULJ0XFkhuOXFCBkQIml3W9SF9S', '1313499962', '0999166499', 'n/a', '0ndEWDU9LO6ISnXWW0KX4zfBjlL5i4vMl1auFHrwZJ6CastScepnqwlmz6x6', '2019-03-14 20:39:12', '2019-03-23 07:18:33', NULL, '8648'),
(503, 4, 'VELEZ BARRE JONATHAN MELQUIADES', '1313572131@gmail.com', NULL, '$2y$10$Rh5Rs.UiTUrDp2Fw99xjMOMpDhS9nIf58N5HAoODfyyW6taUyZ14q', '1313572131', '0969244885', 'n/a', 'ZtZ63bnoIwCEHWuvzCTCvPxEqW0TsMosmyM2UlUOXZGIPH6m4bgzB8tczJmJ', '2019-03-14 20:39:57', '2019-03-23 07:18:33', NULL, '9461'),
(504, 4, 'BRAVO PARRAGA JOSEFA LUCIA', '1312069725@gmail.com', NULL, '$2y$10$LPacmb6Vp8V7YUvqL9/mle.sfRmB8gbnmfWpmSpz3fxX714izuYR.', '1312069725', '0979810525', 'n/a', 'yry5IhAMKG60vwvSQRIMvKxFYHOJe5tFGeefna96vv33ZWVhJ0bDXSv9tmgf', '2019-03-14 20:40:59', '2019-03-23 07:18:33', NULL, '6986'),
(505, 4, 'ZAMBRANO BURGOS VICTOR ANANIAS', '1303524977@gmail.com', NULL, '$2y$10$8b6dcvSVQ.cTNu6Jx2vCVuJGqb4GeyfnSD83R6DqMvfcHutnwxpCW', '1303524977', '0969950215', 'n/a', 'JrAQDuDAXbYuwrDDzSoh5doFCaCarrvicvJbdpHIlMguPaDmZY2e3usQYtmb', '2019-03-14 20:42:04', '2019-03-23 07:18:34', NULL, '6059'),
(506, 4, 'MERA SOLORZANO YULIANA SABRINA', '1351575632@gmail.com', NULL, '$2y$10$A2AbG0cAI2wxSzLsHak0/uvcdIJa5mEcw5TQM41HIFdU3c1hSKoAm', '1351575632', '0939732815', 'n/a', 'F6VQefxvbXJwy7zOzRYji6jkHkMRnhZEZu3jrboRnCENSMNRR4s5uGB8mMil', '2019-03-14 20:43:03', '2019-03-23 07:18:34', NULL, '5235'),
(507, 4, 'CUSME PALLAROSO RUTH MARIA', '1313359778@gmail.com', NULL, '$2y$10$N1vKJXgiMoUOPXOk/AT7pe4BoGKYueKneVZBOPUH5.wQubdmJ3NS6', '1313359778', '0994885665', 'n/a', '0rUkz5yCuMnkzmeTUZcwSptwF82XWnM7YiUaUjK3VGfLNrDhWn5IkWiCuz6c', '2019-03-14 20:44:14', '2019-03-23 07:18:34', NULL, '1122'),
(508, 2, 'ZAMBRANO ZAMBRANO MARIA CECILIA', '1309041687@gmail.com', NULL, '$2y$10$d4Rp.rqvww9L3/lfnjQa6O8vnXj2ODOpQvvmyXAEQIrgUiDY.pyta', '1309041687', '0983381559', 'GAD CHONE', 'zUQBIniZFSF86Ipjg8BPEbzlnGZc3fuMdR8hyno4amu3acKxp1BEMFgsTOwp', '2019-03-14 21:08:00', '2019-03-23 07:18:34', NULL, '6622'),
(509, 4, 'MINAYA MERO FREDDY EFREN', '1313826057@GMAIL.COM', NULL, '$2y$10$JpYQ2IVDKanXQOknnsAeHexBlijf1LGRUzwRgaN/UTakm1RjCUpfS', '1313826057', '0939667596', 'GAD CHONE', 'qo6cU3KqW1ZHfFttOGq765Mwuxhb2KqPLq5I2k8NXd9WAe3AC1xoweBr9AOc', '2019-03-14 23:07:11', '2019-03-23 07:18:34', NULL, '6532'),
(510, 2, 'CAGUA CORNEJO DARWIN HIPOLITO', '1713744413@gmail.com', NULL, '$2y$10$UjyFHQUAfMEM76RW2EZZl.DYIRNKDA/Mw3Fvf/i0bSY7tZD7JPPE.', '1713744413', '0000000000', 'n/a', 'NCKCoepxNDIwzBgMzlr2YfCj1LGZwxPxzO1LcjApeUsdV98yWuD0FUwDfJyL', '2019-03-14 23:30:43', '2019-03-23 07:20:46', NULL, '1713744413'),
(511, 4, 'ALCIVAR SALDARRAGA JOSE JAVIER', '1313578211@gmail.com', NULL, '$2y$10$.CcFf92xcjAfLglXzMvCn.O/8z/L73lJqImC1WRbMKgFYSBw/Sdgu', '1313578211', '0000000000', 'n/a', '92HQP58uKY5rf8DdzV7E8aO94QQvQlJ86PiIpvdK3CQHUXuW9mNYOhTU0aR8', '2019-03-15 00:19:37', '2019-03-23 07:18:35', NULL, '0585'),
(512, 4, 'CEVALLOS ZAMBRANO HELEN LISBETH', '1317738977@GMAIL.COM', NULL, '$2y$10$8cymiP5mgE9mpEvmwJxAoe73XXC7IHeuh2sm0o81TJzlyH5iaBMTS', '1317738977', '0985743746', 'FERNANDO VERA', 'auLB9xLL0nhJMrig6o4eaaJ6KpnRNfhVDurz4vaSnFP3sIoXu4RES9mhitUS', '2019-03-15 00:58:44', '2019-03-23 07:18:35', NULL, '2735'),
(513, 4, 'JESSENIA MONSERRATE PAZMIÑO CEVALLOS', '1310787245@gmail.com', NULL, '$2y$10$avj4HVISZ17to84KVb6MQ.pojKU.G2RW.xtLxHYICsR1zZSaFZ0Gu', '1310787245', '0000000000', 'n/a', 'NDEdsfKD4KVjGppmTpjY8cvdm2VyrWZOLkzfktp6UEtxcFmhg33vezaOaLTz', '2019-03-15 02:48:36', '2019-03-23 07:18:35', NULL, '9505'),
(514, 2, 'SALDARRIAGA RODRIGUEZ JONATHAN ALEXANDER', '1312761503@gmail.com', NULL, '$2y$10$X7RFZYa4j.qRxIB.yz8LquQgAWm77ziMRbDsLr736/gYORtlKjrgW', '1312761503', '0000000000', 'n/a', 'sOYqm3JHWQ6kurxwaRBXH6mWWQDxwI5tYXQxEYdiaxaKOacB7YkU4Fq4gHMI', '2019-03-15 02:57:22', '2019-03-23 07:18:35', NULL, '4405'),
(515, 4, 'LOOR ZAMBRANO ROLANDO ALBERTO', '1313055244@gmail.com', NULL, '$2y$10$6xy6yG3QC8aAhf.urQdQ8eCfdkWZD0rXg6rNmp0gKnMuwJPcecia.', '1313055244', '0968819585', 'PATRICIO BASURTO', '4Sm6b5gDgOrpsXVTwcu4o62DGWhjH1qgeVXngEtNGhee5IHd8yrVHW41LtKr', '2019-03-15 22:13:23', '2019-03-23 07:18:35', NULL, '5627'),
(516, 2, 'QUIROZ CEVALLOS ARGEMIRO ALEXANDER', '1309869020@gmail.com', NULL, '$2y$10$BFwgzYDYG/19rFO4z2bEwuX7Cb.yEnjYdagkHgET1SHYKQe8DJsjG', '1309869020', '0000000000', 'N/A', 'HHj8iosQWnrQAHhTDbAzxHshkIs3kPdgkFxCfmWc8IznqxCteKZWUnpyZx5K', '2019-03-15 22:33:46', '2019-03-23 07:18:36', NULL, '0326'),
(517, 4, 'DOMINGUEZ ZAMBRANO YANDRY FERNANDO', '1313607622@gmail.com', NULL, '$2y$10$.jo67po8PhNMETpj7v1ZI.pv9QwajtnDfgPcJz0Ht7YYKO367t7hW', '1313607622', '0959671516', 'SRA MARIA', 'kPubmUVToG0ubykHTydx7MRIv1oR6syIKVVklSYYRgx068yqb4WUwETreIXt', '2019-03-15 22:35:43', '2019-03-23 07:18:36', NULL, '1781'),
(518, 2, 'CEDEÑO VERA GABRIEL EDUARDO', '1307938728@gmail.com', NULL, '$2y$10$c4oh.xhT3HBkPtZVgRxeIusoyukGjXPjpK6zDdIYiXcW8MkrXh18q', '1307938728', '0990184045', 'n/a', 'x9giCPZ8SndPxt31QieqPpOTvcGNF32RTv1bIgOduRc6xoXLUoQHsqyqKaWm', '2019-03-16 21:02:17', '2019-03-23 07:18:36', NULL, '3747'),
(521, 2, 'Arteaga Paz Leonel Geovanny', '1309640066@gmail.com', NULL, '$2y$10$XWcbXWkotdLFlibEM1HN1OFvNmv8qoI3z4zfZcPcPHJqaFME3REI6', '1309640066', '0983567298', 'n/a', '5E3RQ0zEnIHXeKeDZhUYEpZ5wfFi7Bvra8U9TJxaGKlkpK4SZy4fElX9r8O6', '2019-03-16 22:16:16', '2019-03-23 07:18:36', NULL, '6867'),
(522, 2, 'LARA ZAMBRANO MARIA ELIZABETH', '0802410852@gmail.com', NULL, '$2y$10$wdzUkFsttXVbCf8xLID5zefTYjB842USNpa3kDPDkMS7ZcC3ElIV.', '0802410852', '0000000000', 'n/a', 'iNKQGuM1hJtVgIYaLZv8tQqNk0Rn8SHW2WtOEXOc67IO9MmUS3b04OzEcXEK', '2019-03-17 00:00:05', '2019-03-23 07:20:44', NULL, '0802410852'),
(523, 3, 'RAMOS MEDRANDA CARLOS ANTONIO', '0802837880@gmail.com', NULL, '$2y$10$xrEJMkJKqXYczNPY/598a.4oFN4V9exa3lDCjLD7UwdF9diFcQImC', '0802837880', '0000000000', 'n/a', 'f34SqfbTRUIZOukCpQawWUM5fqbAvDwCetqH1oww9xoCCOH6joQL8iJErCAB', '2019-03-17 00:01:23', '2019-03-23 07:20:46', NULL, '0802837880'),
(524, 2, 'ALCIVAR BRAVO CARMEN LEONOR', '1724162092@gmail.com', NULL, '$2y$10$v1MT7kCdBJGQ0yDjk3LGmu2TvPQbp5ID/SfzlUwRtm42LT6ONKk4W', '1724162092', '0000000000', 'n/a', 'TUB3HJWY7VvSe2nXWS8rRPZaoAfLCip06UREx1KylDECUwU0Xn08roXWSLV6', '2019-03-17 06:30:11', '2019-03-23 07:18:37', NULL, '9595'),
(525, 4, 'ALCIVAR BRAVO KATHERIN NOEMI', '1724162068@gmail.com', NULL, '$2y$10$jreZjC7/lrs9fBU1vuZxb.zbzHMvipDZjfF4S.ZNFNvV3IPZxTfoa', '1724162068', '0000000000', 'n/a', 'z5hSzzYSyfMtkBvQZba2TGgcbOYlcklgUMunp5lVc8Z6xJb8FHjNoUssVo1M', '2019-03-17 06:31:14', '2019-03-23 07:18:37', NULL, '2377'),
(526, 4, 'MALA VELEZ JAZMINA CONCEPCION', '1315373470@gmail.com', NULL, '$2y$10$wyugOj9ZZBtKP.j9oajotegrFatVy4/XxX22pmhAXg52m6ZnHgFgO', '1315373470', '0000000000', 'n/a', 'fGbTG9tWh9qYVJ7iL75Lvv7ge1mqeMYhQrjvsO5ROtBybnEfnp3l22D01IIi', '2019-03-17 06:32:10', '2019-03-23 07:18:37', NULL, '2360'),
(527, 4, 'eliminar', 'eliminar@gmail.com', NULL, '$2y$10$GbqmGaTq8AH9P4JxLbHSwO3ZdKhZk1QZPoTPxryQOECB8dbuymfZq', '12345678910', '12345678910', 'hbn', 'cluTVjtJdenQOTPBz5FxxNvH65qia8z5CsOQ9hNrCdplxxJAq1y0GXsTyoJ0', '2019-03-18 20:22:43', '2019-03-23 07:20:45', NULL, '12345678910'),
(528, 4, 'ALCIVAR BUSTAMANTE VICTOR AMABLE', '1313560334@GMAIL.COM', NULL, '$2y$10$5YeHkZUOrfEpOl6BmijytetQxzI756V2udJaXg8VTsppiPWmdjs5S', '1313560334', '0959252162', 'DANIEL ALCIVAR', 'ZZKRDBkjSjGeHwd3gaoFwqDA9DAIOr6WjsQJGpKEHQUH15dXTiKUMsrocZwC', '2019-03-18 22:01:27', '2019-03-23 07:18:37', NULL, '7577'),
(529, 2, 'ALCIVAR ALCIVAR DANIEL ABEDNEGO', '1306857739@GMAIL.COM', NULL, '$2y$10$von7T9/bsrfDyavHhijlCOKh.UelPmSIDWZeQZZ2JWNRDQcr0/Oxa', '1306857739', '0959252162', 'GAD CHONE', 'efJ9sAUQlvhyjvSHaWxVOe95eMJvooULaq0jPkUFQbkjElec4VhBJz3ZYab9', '2019-03-18 22:03:55', '2019-03-23 07:18:38', NULL, '9438'),
(530, 4, 'ALCIVAR BRAVO MIRTHA ELIZABETH', '1724162076@GMAIL.COM', NULL, '$2y$10$MAarphf8.PIIqdjLjx6aF.EdbPqJOOhuopggbPR6qtcYuC9XSwPwK', '1724162076', '0959252162', 'DANIEL ALCIVAR', 'uFUtNImghsTAgh3eUeKhSlSX2Ae56KC6a85WfzB43jZeQ1gpgRNwHzi5PEJ4', '2019-03-18 22:28:48', '2019-03-23 07:18:38', NULL, '6543'),
(531, 4, 'ALCIVAR FERRIN DIANA JACQUELINE', '1314799030@gmail.com', NULL, '$2y$10$joYCEvOvD.OqHyVNDm/4m.3EhUnR9HBDy2EUaV.WcOZb2K9hhdMZW', '1314799030', '0959252162', 'DANIEL ALCIVAR', NULL, '2019-03-19 00:17:25', '2019-03-23 07:18:38', NULL, '3954'),
(532, 3, 'ALCIVAR ALCIVAR CARLA ALEXANDRA', '1311993420@GMAIL.COM', NULL, '$2y$10$HJmMhedf97WDepchDqYkiuU/BkrSCkUIMpTw8VfjJ6yuk/4CJJnBO', '1311993420', '0988106392', 'AGUAS DEL CHUNO', 'hmcvsBEFGXyLOY0qAbDwmBOP1FtDjCFiZBA5YU7RaIvsU85rUCTZLW1tM0du', '2019-03-19 04:08:46', '2019-03-23 07:18:38', NULL, '9087'),
(533, 4, 'MOREIRA ALAVA GEMA MARIA', '1314430537@GMAIL.COM', NULL, '$2y$10$TbS5I8ClNBTsavajp2rHSORkma.m.jGX2TWMpyNyELu0drzuuO1VK', '1314430537', '0982976505', 'SANDRA MORA', 'H9iAUdXSEdeFfTOrg8PMsPRIpKMVXxpq4Am7iMe1d1hD4mE6Q70Potq71B7p', '2019-03-19 05:06:44', '2019-03-23 07:18:38', NULL, '4433'),
(534, 4, 'ORTIZ ALCIVAR DIEGO ARMANDO', '1314436005@GMAIL.COM', NULL, '$2y$10$URBs672Eee3MCLPViEUt1eNV4g3ikMKs8EQx1QxIlzuK9ckwKjzIe', '1314436005', '0980526649', 'RICARDO MACIAS', NULL, '2019-03-19 05:32:37', '2019-03-23 07:18:38', NULL, '5079'),
(535, 2, 'MANZABA MENENDEZ EDGAR LENIN', '1306251354@GMAIL.COM', NULL, '$2y$10$YKdxxxCXXip0aCX62hJOkOBkI.gCqkQFs5WEEKtaWWrF.sbuZDfH2', '1306251354', '0999416831', 'DR. DEYTON ALCIVAR', NULL, '2019-03-19 19:22:34', '2019-03-23 07:18:39', NULL, '3958'),
(536, 4, 'ZAMBRANO BRAVO MAURO ALBERTO', '1308277142@GMAIL.COM', NULL, '$2y$10$VH7.DSZBZxLi5soLQxXkxuk.tsb9.jzJ1nU5ZW.A/fla4p2aehUzu', '1308277142', '0980428605', 'CECILIA ZAMBRANO', 'nXIMF5lFe5m8N3ShnDKRAvyBMECaaADtJgnE38I7sJq2sgIqz1DefW0UaUd8', '2019-03-19 20:23:49', '2019-03-23 07:18:39', NULL, '5245'),
(537, 3, 'MOREIRA BAILON FERNANDA ELIZABETH', '1307983369@GMAIL.COM', NULL, '$2y$10$szJsmU9yHSLjCfpnM0d.beSyTHd.AjDLhnqqY2WNbApdAW5iAXqPK', '1307983369', '0999713410', 'GAD CHONE', 'wdmNVvCD4oZdk1C7Y9raoA6hRtPXJz8vkFnmu0ehawL65E1pK4YPp5CRHwb4', '2019-03-19 20:25:45', '2019-03-23 07:18:39', NULL, '6638'),
(538, 4, 'VITERI MUÑOZ SHIRLEY SIMONE', '1313267237@GMAIL.COM', NULL, '$2y$10$Ek5pn0/ns3CCI8lgTruxQ.r.nd5mESRcuQD9ybn72d5zHmm1zFMRe', '1313267237', '0939115000', 'CECILIA ZAMBRANO', 'OXxa6IpJGUsyAwuGWnSgeZDQeJhdFQQKKdKj8BBTMpG40mvALeH8MpROa9wr', '2019-03-19 20:30:50', '2019-03-23 07:18:39', NULL, '1217'),
(539, 4, 'LOOR HERNANDEZ EDWIN ELADIO', '1314969500@gmail.com', NULL, '$2y$10$ep0xtPr.H/tgI5rIn1JKjO2.fRaN8.vEMpzjfKa3AfD9Nq4r0vBXm', '1314969500', '0989538573', 'CECILIA ZAMBRANO', 'T6G2AnFOQc6zBxbLBS8RpJ9WajBvc4crG7QDEvm4HS1iAKYA9aSaISxR1lMM', '2019-03-19 20:32:23', '2019-03-23 07:18:39', NULL, '0400'),
(540, 3, 'ZAMBRANO ARTEAGA RAMON IGNACIO', '1312378787@GMAIL.COM', NULL, '$2y$10$A982EvmIoX1MU1GUqRzmbuDVVjN6SH9.kGJ26ohofY4dxAYLXfnqK', '1312378787', '0994369290', 'PRODUCTIVO', 'yv7Pj4aGKAMycmAVuR1tKo48DMbb2vNsLfOCDAyzgMQk08fhi4ODm4HN6GJm', '2019-03-19 20:34:31', '2019-03-23 07:18:39', NULL, '3258'),
(541, 4, 'ZAMBRANO BRAVO FRANCISCO JAVIER', '1308277654@gmail.com', NULL, '$2y$10$jzVa0Na1ykmot7j6.KQTd.lCsg.GVmP99EgWKA0Nn2HIhnrdlvxJm', '1308277654', '0989302405', 'CECILIA ZAMBRANO', 'Wrjz3W7sLgKB4aRwKopMp44lB0yidQkr9rpzmAWJf4TRnFTa9cusnmEhrwQn', '2019-03-19 20:41:14', '2019-03-23 07:18:40', NULL, '4691'),
(542, 12, 'VELEZ RIVERA JULIO ADRIAN', '1312394362@GMAIL.COM', NULL, '$2y$10$/p4gY1FcTb5MdVTNQSlk2OV.pLUIyBO6hwAnynvr2ljSTN0AlJvJy', '1312394362', '0989272893', 'MARCO VERA', 'LLUTPszOwFqak5XBv1LInM4ZmCetj1XjVxav8nD5JZMxKecQq1ZDCYUVChqY', '2019-03-19 20:54:14', '2019-03-23 07:18:40', NULL, '6162'),
(544, 4, 'FREILE INTRIAGO VICENTE LEONARDO', '1312055396@GMAIL.COM', NULL, '$2y$10$8YtHsKWN/YSGFUCL8xifN.1KwcvCw3lVNizkx5Vs2zkLbsfzZWLx2', '1312055396', '0984984254', 'ROTARY CLUB', 'iWz0VE4CfFI0tQ9U8Gq09mRc0VEpO3QYwlcrVAmrnxpcKzOcxoi2RF4dsalu', '2019-03-19 21:14:17', '2019-03-23 07:18:40', NULL, '1651'),
(545, 4, 'CHAVARRIA MEDRANDA XIMENA JAZMIN', '1311445124@GMAIL.COM', NULL, '$2y$10$P4G2BD9mDoJc7/fhdVCUYuNMxjpPB681TY8oltJLIJzsEn9PDz0G2', '1311445124', '0997736334', 'RICARDO FLECHER', '5bi626TuwPdXwDiKrMlUqABQtdlvxBxvBBh8PWF8hUuFdMQCTAAx9tqXwKxX', '2019-03-19 21:31:07', '2019-03-23 07:18:40', NULL, '2654'),
(546, 4, 'ZAMBRANO MONCAYO GEMA GABRIELA', '1309597704@GMAIL.COM', NULL, '$2y$10$sETAtxOiCsSdhorslN4Bs.NkPQD45csYAwPjukYp/twSe3U6voNAe', '1314558295', '0959471712', 'AGUAS DEL CHUNO', 'tRzdJMPUzFvEVpMwK9CEtrS2ncxfimX3B7clPsA8S0pASBQv2dGFFGyN4QxH', '2019-03-19 22:12:49', '2019-03-23 07:18:40', NULL, '5238'),
(547, 4, 'ZAMBRANO ANZULES CRISTHIAN', '1314477991@gmail.com', NULL, '$2y$10$tC6xDtE/7aYzQnX6d6Z5JOjeE2oVZYPORbkXp.tN6mS.gSy9ah8JG', '1314477991', '0967573647', 'N/A', '4rjF1yaFcXqkHepEM5A9TECsLCaPcou4Sz3HbDRIWksPErBWJT1pYWvynht0', '2019-03-20 01:22:35', '2019-03-23 07:18:40', NULL, '0204'),
(548, 3, 'ROSADO MORALES MARIA DOLORES', '1311704405@gmail.com', NULL, '$2y$10$4ogua0mL5FwiSWOEhK8RT.CvlEN4bTDlU4ly1Y0dD6kPGqM/QMl2W', '1311704405', '0000000000', 'N/A', 'ualQFGAsa0xZCN7xOQKBllX5ZzIuCx3gMPQaezJSDHPY6DhooasUGhubAflH', '2019-03-20 01:50:52', '2019-03-23 07:18:41', NULL, '7498'),
(549, 4, 'LOPEZ MACIAS SILVIA HERMINIA', '1309246138@GMAIL.COM', NULL, '$2y$10$n.GL0IfI6KCc.oJnnuzxge27JqOL5/DFeXuW9sWmquRIrEROn8wHW', '1309246138', '0967414897', 'MARCO VERA', 'djQGiHfUa0MmpwmCjdxIUPwpoIeSHXMPwHpmpRlw4iKhY2PDKJpm9o4UfeuI', '2019-03-20 19:03:46', '2019-03-23 07:18:41', NULL, '5622'),
(551, 4, 'ÁLAVA VELIZ JENIFFER STEFANIA', '1314966068@gmail.com', NULL, '$2y$10$1qTO0uvrz7I1SPzD7JT.0uW/b.DSiZMXeSaNAfzCcP5LwgqpLGJpq', '1314966068', '0989538573', 'N/A', 'EQT0UepQR3P942B5boX4f4QV8foPjcFjx5dwgR1W7Pwvx5BbfODYlbaZO4LL', '2019-03-20 19:43:30', '2019-03-23 07:18:41', NULL, '0557'),
(552, 2, 'NAVARRETE PITA WAGNER ALEJANDRO', '1310403470@gmail.com', NULL, '$2y$10$RG6CR9MmdZfeNP0hO7MovuQglOzEYXaBmhpAGzUmWET2p0rgbzWNW', '1310403470', '0000000000', 'n/a', NULL, '2019-03-20 22:08:31', '2019-03-23 07:18:41', NULL, '0782'),
(553, 2, 'LARA ZAMBRANO MARIXSA DEL GUADALUPE', '1715876221@gmail.com', NULL, '$2y$10$0Z1IDxZSRU0nzyslo0oT9.9ZexCO8M.uj6aWH1inF6zqQEwCUbkeW', '1715876221', '0000000000', 'n/a', NULL, '2019-03-20 22:17:47', '2019-03-23 07:20:46', NULL, '1715876221'),
(554, 2, 'SÁNCHEZ CATUTO CHRISTIAN FABIÁN', '0923316541@gmail.com', NULL, '$2y$10$MkvnN527JwSx36Ia8hCA0.n9KLVGdDnNMsp5Qz8ZPWImHXIT863Z2', '0923316541', '0000000000', 'n/a', NULL, '2019-03-20 22:22:54', '2019-03-23 07:20:48', NULL, '0923316541'),
(555, 4, 'SOLORZANO MUÑOZ ANGELICA MARIA', '1309776217@gmail.com', NULL, '$2y$10$JHTeSSI0kJrMZI48DjDGCOeynH8VElbtb1tTT7BlAjWFALAj5wn2.', '1309776217', '0000000000', 'n/a', NULL, '2019-03-20 22:33:14', '2019-03-23 07:18:42', NULL, '8895'),
(556, 4, 'MECIAS PALACIO PEDRO PABLO', '1314968668@gmail.com', NULL, '$2y$10$HePbwd3PF0I2uWgE7Hwpa.AgYEGgKQOu1MusRkJdNLTNXz95ewMVi', '1314968668', '0993426764', 'DANIEL ALCIVAR', NULL, '2019-03-21 00:06:40', '2019-03-23 07:18:42', NULL, '5435'),
(557, 4, 'LOOR OSTAIZA MARIELA GREGORIA', '1313133074@gmail.com', NULL, '$2y$10$dunuErF3t4w/P5pXacOxyuhjZH0TP635lBykT4oHX8DgGEC8EdPba', '1313133074', '0983850974', 'YLLESCA', NULL, '2019-03-21 00:57:09', '2019-03-23 07:18:42', NULL, '7214'),
(558, 4, 'ORTIZ ZAMBRANO JOSE HORACIO', '1314472042@gmail.com', NULL, '$2y$10$TlAe/HyjRmZXZF9odIg7pu0vbSAWOLCgGobPdbgictOIaSnWN9DnO', '1314472042', '0986756144', 'LEONEL', NULL, '2019-03-21 01:01:59', '2019-03-23 07:18:42', NULL, '3271'),
(559, 2, 'ANTONIO CRISTOBAL ZAMBRANO ACOSTA', '1303498773@gmail.com', NULL, '$2y$10$fMIa56fp7NB7f1XlE7ioQeXAoLqqVmnDiUOGBWJ0.J1c1dNjba0di', '1303498773', '0990326135', 'n/a', 'eSRxDQwOcmNEbhDxKtE5K1yICIQm1ztch5DbDseDgeOrLHKAKv0bMrK1UbXk', '2019-03-21 19:19:05', '2019-03-23 07:18:42', NULL, '1733'),
(560, 3, 'NAVARRETE ALCIVAR CLARA ARACELY', '1307819142@gmail.com', NULL, '$2y$10$H/AtO0ewzOXx71m71.vaUeyuQ4GpCYnKVkPI25z5bb68Bv7Vaa4im', '1307819142', '0000000000', 'n/a', 'nBrS2umjpkf5wkjw6MSnR3gNzMVOBjlmt9ZMduDDYBjfDWyoEY0jVoYYOusg', '2019-03-21 19:21:11', '2019-03-23 07:18:42', NULL, '1732'),
(561, 4, 'VILLA CEDEÑO RAMON LIZANDRO', '1307634939@gmail.com', NULL, '$2y$10$gJbNriSfRW2p6LL81LBynOCQH3h7xzY.mRDdhurtXzYqBOU28YBjO', '1307634939', '0986677807', 'n/a', NULL, '2019-03-21 22:01:07', '2019-03-23 07:18:43', NULL, '5669'),
(562, 4, 'ALCIVAR PONCE CRISTHIAN BIENVENIDO', '1312944406@gmail.com', NULL, '$2y$10$fojAixBvkHhE/H1RsB8p5uPHtpqHu5Z.Y1C7sgt.B5RofH3MnmxRS', '1312944406', '0994575373', 'n/a', NULL, '2019-03-21 22:21:52', '2019-03-23 07:18:43', NULL, '6186'),
(563, 12, 'rptaprueba', '9876543210@gmail.com', NULL, '$2y$10$DBGfIKpJsghVVXgwvzy.Oe3e9HF7CmLjJWqWNtEzXA7djQglISewe', '9876543210', '1234567890', 'n7', 'QAk5cC2rbRbNx6P4O476WprcsZqHpKRaCCD4CmWcKqW6wD7yVj54uToMqPTf', '2019-03-21 23:21:52', '2019-03-23 07:18:43', NULL, '2029'),
(564, 4, 'VELEZ VERA RAMON EBANAN', '1308077781@gmail.com', NULL, '$2y$10$2XIyt.3xHpLihs1ynbmBZuO6eveXPbs9fhDGLxhJ2bAAAtvcQ4nJK', '1308077781', '0981691883', 'CLEMENTE ZAMBRANO', NULL, '2019-03-21 23:34:31', '2019-03-23 07:18:43', NULL, '5479'),
(565, 4, 'SEGOVIA MACIAS PEDRO JACINTO', '1305639062@gmail.com', NULL, '$2y$10$b8t4ZVl2lKzVbS6o0qJ4xeABHUP/Nu2fP/hy6ftDvDIg1IhQdOLD.', '1305639062', '0983695401', 'CLEMENTE ZAMBRANO', NULL, '2019-03-21 23:35:56', '2019-03-23 07:18:43', NULL, '8197'),
(566, 4, 'PINCAY BALDERRAMO LUZBEL DAGOBERTO', '1303973190@gmail.com', NULL, '$2y$10$GdJEEnYWTvXzQH.opZQfMOGeUlpU65vSCTen1BLcHOPIIVotc9SBe', '1303973190', '0959520569', 'CLEMENTE ZAMBRANO', NULL, '2019-03-21 23:38:40', '2019-03-23 07:18:43', NULL, '4240'),
(567, 12, 'VILLA PALMA CRISTHIAN MARCONY', '1313137894@gmail.com', NULL, '$2y$10$4xtvSLNJ6V/k4cwfD.yRAO6CK8yt5LKtXzhJqCsFAXBrNhQvUFHHG', '1313137984', '0989871494', 'EUGENIO ESPEJO', 'PAxPSwG906GOsH7iIyPddoMb4JjyAvf6wn2U0S3tfuVwSc1IpCEyG2ISriWT', '2019-03-21 23:56:26', '2019-03-23 07:18:43', NULL, '9817'),
(568, 12, 'URIBE MEDRANDA LISBETH', '1314704170@gmail.com', NULL, '$2y$10$.j2VBNhy3dObsx/t2mhLIOgTD/8p0kLzMY4PHuaAxiAHlI2eq5mdS', '1314704170', '0980207171', 'SAN CAYETANO', 'lWv0CHTUtH0QaAvCGT66kmH8BZ2odRGnobrFZk6xQH4zAAzPb6WqkicHALuz', '2019-03-21 23:57:38', '2019-03-23 07:18:44', NULL, '0202'),
(569, 12, 'MOLINA RODRÍGUEZ NÁTHALY ALEJANDRA', '1314598341@gmail.com', NULL, '$2y$10$YLKFF.OkVWjcCIkBz1hfRu6mmWPWPPoCApcwjr2C8wyeSStGSyQKa', '1314598341', '0960591666', 'AURELIO SALAZAR', 'DFp7uIdxEHLKbTFOCbUdKqSxdiL2QhrvCqyHQc4FCqwVRr7w4F8JN9Sw30lS', '2019-03-21 23:58:42', '2019-03-23 07:18:44', NULL, '5995'),
(570, 12, 'VERA ARMENDARIZ FERNANDO ANDRÉS', '1312492182@gmail.com', NULL, '$2y$10$7BhDm./n6bxw2whWsC34Yuzo0WaCGJ7Dcx1I.kiOSD3/OSqJ7G65e', '1312492182', '0960949091', 'EL BEJUCAL', 'rXpln6UnF1VblzbhjRQ89ON79NZNsFwme5ebLqvMh4gAnjahyy21VL4PnrpM', '2019-03-21 23:59:58', '2019-03-23 07:18:44', NULL, '9453'),
(571, 12, 'CORELLA CEDEÑO KAREN', '1316001013@gmail.com', NULL, '$2y$10$1ugObKtiwROVQneBkSu0RuBM7AW.RqPRGpUifmd5Pk88qgLQN4s/.', '1316001013', '0996469952', 'MAGALI MASSON', 'EdGF4KpMmyKu5MhL3xW2g8bpgnPB9oA5Jsom3MJ8K0T2i3pLYs6wvBJK92XC', '2019-03-22 00:01:27', '2019-03-23 07:18:44', NULL, '8185'),
(572, 12, 'SOLÓRZANO BRAVO DIEGO', '1309778742@gmail.com', NULL, '$2y$10$ATWnaECbYHLlbhtU.kEndOt6u01ZK1DSzh728jmRqxOFs53TUFph.', '1309778742', '0960521771', 'SAN ANTONIO', NULL, '2019-03-22 00:02:43', '2019-03-23 07:18:44', NULL, '8133'),
(573, 12, 'REYES JORGE LUIS', '1310860646@gmail.com', NULL, '$2y$10$DFDNq3poWOfZaDR6Rf3TBu4cWlanqbXv1BS4.SdpZJ6Eh7eYELedq', '1310860646', '0993861345', 'RICAURTE', 'mlNxtzKTbeZhENMOoewjlDbHb0F94JWiRMbFcFlXstgQKLRlrQcIpv5OhQJw', '2019-03-22 00:03:44', '2019-03-23 07:18:44', NULL, '0731'),
(574, 12, 'FIGUEROA ZAMBRANO FLORA CRISTINA', '1313521484@gmail.com', NULL, '$2y$10$3x6XvT3gn/sg8Gz.otiAKeX4TqAdSGRNRf8bk6kUsUvd2Utxa.iNC', '1313521484', '0986533879', 'EL PUEBLITO', 'SvWWONJbxHR1Qbc1cwAtBrB0RFTnSLIG0IgO9BifzCb3I2WtJbDKOm6wbNjL', '2019-03-22 00:04:43', '2019-03-23 07:18:45', NULL, '4309'),
(575, 4, 'TORRES SANTANA MARIO ENRIQUE', '1314511245@gmail.com', NULL, '$2y$10$6k.rfRXE2TpuWXcTPOhCD.kMTnI2caIeTBJ3rUJKQk1zQUgZBqfJO', '1314511245', '0982849473', 'TABLADA DE SÁNCHEZ', 'zgIFLDXd8bK4EHbZ4HROviaZiwE1wK12WxtIWbaun37MAskI7k91wW4l1OX6', '2019-03-22 00:07:13', '2019-03-23 07:18:45', NULL, '4706'),
(576, 12, 'Mendoza Zambrano Andrés', '1313490219@gmail.com', NULL, '$2y$10$lwtkz.zUxXFFB..iz9hliuE8Dli/v0r2NW/TX8R8Ejthn2U7Z2REu', '1313490219', '0989700582', 'IBARRA II', 'dFGVVwiu7pTGt99XgTh6rXPOIHctjFLkvlnRj9MZY2CFmk57KtLhrzBA8wDa', '2019-03-22 01:30:55', '2019-03-23 07:18:45', NULL, '9038'),
(577, 4, 'DIAZ ESPINEL ROBERTO', '1312901653@gmail.com', NULL, '$2y$10$YQPvyfvmk0jzQ5UX4Vqb8u3H4fUzueqogUkR/k2KddKbUuHli6EvS', '1312901653', '0959616638', 'NA', NULL, '2019-03-22 02:48:04', '2019-03-23 07:18:45', NULL, '1473'),
(578, 4, 'VELEZ VERA UBERTO VIANEY', '1308720695@gmail.com', NULL, '$2y$10$eklrAfIXT0eoUGxSwaSBUe0eW0bRWXL/lQnlF/i3itohPR51vcTvK', '1308720695', '0000000000', 'n/a', NULL, '2019-03-22 08:54:42', '2019-03-23 07:18:45', NULL, '6814'),
(579, 4, 'ALCIRA JIMABEL MORANTE CONFORME', '1313604587@gmail.com', NULL, '$2y$10$IUUIRNnfh78xhghUzjsw7eU3C0e48wMqcjMW/z/WrFuQGYgV5tVdC', '1313604587', '0939714012', 'N/A', NULL, '2019-03-23 01:10:04', '2019-03-23 07:18:45', NULL, '0403'),
(580, 4, 'VERA PALOMEQUE DONIS EDILBERTO', '1314792381@gmail.com', NULL, '$2y$10$9y5G1daNLmodJqO2c7dFpeNeLIRMNX8W4LRyOZHpKM9erFsCxrPzq', '1314792381', '1314792381', 'N/A', NULL, '2019-03-23 01:13:39', '2019-03-23 07:18:46', NULL, '7180'),
(581, 4, 'CARLOS LUIS CEDEÑO TRIVIÑO', '1312540899@gmail.com', NULL, '$2y$10$AZ2E.vr8KusXvwUacQXSteu7fXDKWcRzbsIKeuYb86hmWXfJe5lBq', '1312540899', '0981539671', 'N/A', NULL, '2019-03-23 02:30:03', '2019-03-23 07:18:46', NULL, '9545'),
(582, 4, 'MARIA AUXILIADORA MOREIRA VELEZ', '1309333928@gmail.com', NULL, '$2y$10$iXuIXlW08IdCa4dKghpLDelDBuHFfI9W4GIVfoSTIm14p1On5Azmu', '1309333928', '0988031784', 'N/A', NULL, '2019-03-23 02:35:00', '2019-03-23 07:18:46', NULL, '8031');

-- --------------------------------------------------------

--
-- Estructura de tabla para la tabla `usuario`
--

CREATE TABLE `usuario` (
  `IdUsuario` int(11) NOT NULL,
  `Nombres` varchar(200) DEFAULT NULL,
  `Cedula` varchar(10) DEFAULT NULL,
  `Telefono` varchar(10) DEFAULT NULL,
  `Mail` varchar(100) DEFAULT NULL,
  `UserEstado` varchar(2) DEFAULT NULL,
  `Referencia` varchar(100) DEFAULT NULL,
  `password` varchar(200) DEFAULT NULL
) ENGINE=InnoDB DEFAULT CHARSET=utf8;

--
-- Índices para tablas volcadas
--

--
-- Indices de la tabla `acta`
--
ALTER TABLE `acta`
  ADD PRIMARY KEY (`IdActa`);

--
-- Indices de la tabla `acta_obs`
--
ALTER TABLE `acta_obs`
  ADD PRIMARY KEY (`IdActa_obs`);

--
-- Indices de la tabla `candidato`
--
ALTER TABLE `candidato`
  ADD PRIMARY KEY (`IdCandidato`);

--
-- Indices de la tabla `dignidad`
--
ALTER TABLE `dignidad`
  ADD PRIMARY KEY (`IdDignidad`);

--
-- Indices de la tabla `documento`
--
ALTER TABLE `documento`
  ADD PRIMARY KEY (`IdDocumento`);

--
-- Indices de la tabla `imagenes_actas`
--
ALTER TABLE `imagenes_actas`
  ADD PRIMARY KEY (`idimagenes_acta`);

--
-- Indices de la tabla `junta`
--
ALTER TABLE `junta`
  ADD PRIMARY KEY (`IdJunta`),
  ADD KEY `junta_recinto` (`IdRecinto`);

--
-- Indices de la tabla `migrations`
--
ALTER TABLE `migrations`
  ADD PRIMARY KEY (`id`);

--
-- Indices de la tabla `observacion`
--
ALTER TABLE `observacion`
  ADD PRIMARY KEY (`IdObservacion`);

--
-- Indices de la tabla `parroquia`
--
ALTER TABLE `parroquia`
  ADD PRIMARY KEY (`IdParroquia`);

--
-- Indices de la tabla `partido`
--
ALTER TABLE `partido`
  ADD PRIMARY KEY (`IdPartido`);

--
-- Indices de la tabla `recinto`
--
ALTER TABLE `recinto`
  ADD PRIMARY KEY (`IdRecinto`);

--
-- Indices de la tabla `recinto_rpta`
--
ALTER TABLE `recinto_rpta`
  ADD PRIMARY KEY (`idrecinto_rpta`);

--
-- Indices de la tabla `rec_dig`
--
ALTER TABLE `rec_dig`
  ADD PRIMARY KEY (`idrec_dig`);

--
-- Indices de la tabla `resultado`
--
ALTER TABLE `resultado`
  ADD PRIMARY KEY (`IdResultado`);

--
-- Indices de la tabla `tipousuario`
--
ALTER TABLE `tipousuario`
  ADD PRIMARY KEY (`IdTipoUsuario`);

--
-- Indices de la tabla `users`
--
ALTER TABLE `users`
  ADD PRIMARY KEY (`id`);

--
-- Indices de la tabla `usuario`
--
ALTER TABLE `usuario`
  ADD PRIMARY KEY (`IdUsuario`);

--
-- AUTO_INCREMENT de las tablas volcadas
--

--
-- AUTO_INCREMENT de la tabla `acta`
--
ALTER TABLE `acta`
  MODIFY `IdActa` int(11) NOT NULL AUTO_INCREMENT, AUTO_INCREMENT=1272;

--
-- AUTO_INCREMENT de la tabla `acta_obs`
--
ALTER TABLE `acta_obs`
  MODIFY `IdActa_obs` int(11) NOT NULL AUTO_INCREMENT, AUTO_INCREMENT=89;

--
-- AUTO_INCREMENT de la tabla `candidato`
--
ALTER TABLE `candidato`
  MODIFY `IdCandidato` int(11) NOT NULL AUTO_INCREMENT, AUTO_INCREMENT=160;

--
-- AUTO_INCREMENT de la tabla `dignidad`
--
ALTER TABLE `dignidad`
  MODIFY `IdDignidad` int(11) NOT NULL AUTO_INCREMENT, AUTO_INCREMENT=7;

--
-- AUTO_INCREMENT de la tabla `documento`
--
ALTER TABLE `documento`
  MODIFY `IdDocumento` int(11) NOT NULL AUTO_INCREMENT;

--
-- AUTO_INCREMENT de la tabla `imagenes_actas`
--
ALTER TABLE `imagenes_actas`
  MODIFY `idimagenes_acta` int(11) NOT NULL AUTO_INCREMENT;

--
-- AUTO_INCREMENT de la tabla `junta`
--
ALTER TABLE `junta`
  MODIFY `IdJunta` int(11) NOT NULL AUTO_INCREMENT, AUTO_INCREMENT=413;

--
-- AUTO_INCREMENT de la tabla `migrations`
--
ALTER TABLE `migrations`
  MODIFY `id` int(10) UNSIGNED NOT NULL AUTO_INCREMENT, AUTO_INCREMENT=3;

--
-- AUTO_INCREMENT de la tabla `observacion`
--
ALTER TABLE `observacion`
  MODIFY `IdObservacion` int(11) NOT NULL AUTO_INCREMENT, AUTO_INCREMENT=6;

--
-- AUTO_INCREMENT de la tabla `parroquia`
--
ALTER TABLE `parroquia`
  MODIFY `IdParroquia` int(11) NOT NULL AUTO_INCREMENT, AUTO_INCREMENT=10;

--
-- AUTO_INCREMENT de la tabla `partido`
--
ALTER TABLE `partido`
  MODIFY `IdPartido` int(11) NOT NULL AUTO_INCREMENT, AUTO_INCREMENT=24;

--
-- AUTO_INCREMENT de la tabla `recinto`
--
ALTER TABLE `recinto`
  MODIFY `IdRecinto` int(11) NOT NULL AUTO_INCREMENT, AUTO_INCREMENT=37;

--
-- AUTO_INCREMENT de la tabla `recinto_rpta`
--
ALTER TABLE `recinto_rpta`
  MODIFY `idrecinto_rpta` int(11) NOT NULL AUTO_INCREMENT, AUTO_INCREMENT=5;

--
-- AUTO_INCREMENT de la tabla `rec_dig`
--
ALTER TABLE `rec_dig`
  MODIFY `idrec_dig` int(11) NOT NULL AUTO_INCREMENT, AUTO_INCREMENT=173;

--
-- AUTO_INCREMENT de la tabla `resultado`
--
ALTER TABLE `resultado`
  MODIFY `IdResultado` int(11) NOT NULL AUTO_INCREMENT, AUTO_INCREMENT=3801;

--
-- AUTO_INCREMENT de la tabla `tipousuario`
--
ALTER TABLE `tipousuario`
  MODIFY `IdTipoUsuario` int(11) NOT NULL AUTO_INCREMENT, AUTO_INCREMENT=13;

--
-- AUTO_INCREMENT de la tabla `users`
--
ALTER TABLE `users`
  MODIFY `id` int(10) UNSIGNED NOT NULL AUTO_INCREMENT, AUTO_INCREMENT=583;

--
-- AUTO_INCREMENT de la tabla `usuario`
--
ALTER TABLE `usuario`
  MODIFY `IdUsuario` int(11) NOT NULL AUTO_INCREMENT;

--
-- Restricciones para tablas volcadas
--

--
-- Filtros para la tabla `junta`
--
ALTER TABLE `junta`
  ADD CONSTRAINT `junta_recinto` FOREIGN KEY (`IdRecinto`) REFERENCES `recinto` (`IdRecinto`);
--
-- Base de datos: `cardiocentro_manta`
--
CREATE DATABASE IF NOT EXISTS `cardiocentro_manta` DEFAULT CHARACTER SET utf8 COLLATE utf8_spanish_ci;
USE `cardiocentro_manta`;

-- --------------------------------------------------------

--
-- Estructura de tabla para la tabla `area`
--

CREATE TABLE `area` (
  `Id_Area` int(11) NOT NULL,
  `Descripcion` varchar(100) NOT NULL
) ENGINE=InnoDB DEFAULT CHARSET=latin1;

--
-- Volcado de datos para la tabla `area`
--

INSERT INTO `area` (`Id_Area`, `Descripcion`) VALUES
(23, 'Administración'),
(24, 'ANESTESIOLOGÍA'),
(25, 'CARDIOLOGÍA INTERVENCIONISTA'),
(26, 'CIRUGÍA CARDIOVASCULAR'),
(27, 'CIRUGÍA VASCULAR E INTERVENCIONISTA'),
(28, 'CARDIOLOGÍA CLÍNICA'),
(29, 'CIRUGÍA VASCULAR'),
(30, 'ELECTROCARDIOGRAMA'),
(31, 'TICS');

-- --------------------------------------------------------

--
-- Estructura de tabla para la tabla `area_roles`
--

CREATE TABLE `area_roles` (
  `Id_Area_Roles` int(11) NOT NULL,
  `Id_Area` int(11) DEFAULT NULL,
  `Id_Roles` int(11) DEFAULT NULL
) ENGINE=InnoDB DEFAULT CHARSET=latin1;

--
-- Volcado de datos para la tabla `area_roles`
--

INSERT INTO `area_roles` (`Id_Area_Roles`, `Id_Area`, `Id_Roles`) VALUES
(44, 23, 13),
(45, 31, 16),
(46, 31, 15),
(47, 31, 17),
(50, 30, 17),
(51, 30, 19),
(53, 30, 14),
(56, 23, 18),
(57, 28, 19),
(58, 28, 18),
(61, 24, 19),
(62, 24, 17),
(63, 29, 18),
(64, 25, 15),
(65, 25, 16);

-- --------------------------------------------------------

--
-- Estructura de tabla para la tabla `conclusion`
--

CREATE TABLE `conclusion` (
  `Id_Conclusion` int(11) NOT NULL,
  `Conclusion` varchar(2000) NOT NULL,
  `Id_Itinerario` int(11) NOT NULL
) ENGINE=InnoDB DEFAULT CHARSET=latin1;

-- --------------------------------------------------------

--
-- Estructura de tabla para la tabla `documento`
--

CREATE TABLE `documento` (
  `Id_Documento` int(11) NOT NULL,
  `Descripcion` varchar(200) NOT NULL,
  `Ruta` varchar(500) NOT NULL
) ENGINE=InnoDB DEFAULT CHARSET=latin1;

-- --------------------------------------------------------

--
-- Estructura de tabla para la tabla `documento_tarea`
--

CREATE TABLE `documento_tarea` (
  `IdDocumento_Tarea` int(11) NOT NULL,
  `Id_Documento` int(11) NOT NULL,
  `Id_Tarea` int(11) NOT NULL
) ENGINE=InnoDB DEFAULT CHARSET=latin1;

-- --------------------------------------------------------

--
-- Estructura de tabla para la tabla `estado_tarea`
--

CREATE TABLE `estado_tarea` (
  `Id_Estado_Tarea` int(11) NOT NULL,
  `Descripcion` varchar(200) NOT NULL
) ENGINE=InnoDB DEFAULT CHARSET=latin1;

--
-- Volcado de datos para la tabla `estado_tarea`
--

INSERT INTO `estado_tarea` (`Id_Estado_Tarea`, `Descripcion`) VALUES
(1, 'ACTIVA');

-- --------------------------------------------------------

--
-- Estructura de tabla para la tabla `evento`
--

CREATE TABLE `evento` (
  `Id_Evento` int(11) NOT NULL,
  `Nombre` varchar(200) NOT NULL,
  `FechaEvento` date NOT NULL,
  `Descripcion` varchar(300) NOT NULL,
  `FechaCreacion` date NOT NULL,
  `Id_Usuario` int(11) NOT NULL
) ENGINE=InnoDB DEFAULT CHARSET=latin1;

-- --------------------------------------------------------

--
-- Estructura de tabla para la tabla `itinerario`
--

CREATE TABLE `itinerario` (
  `Id_Itinerario` int(11) NOT NULL,
  `Descripcion` varchar(500) NOT NULL,
  `Id_Reunion` int(11) NOT NULL
) ENGINE=InnoDB DEFAULT CHARSET=latin1;

-- --------------------------------------------------------

--
-- Estructura de tabla para la tabla `observador_usuario`
--

CREATE TABLE `observador_usuario` (
  `IdObservador_Usuario` int(11) NOT NULL,
  `Id_Usuario` int(11) NOT NULL,
  `Id_Tarea` int(11) NOT NULL
) ENGINE=InnoDB DEFAULT CHARSET=latin1;

--
-- Volcado de datos para la tabla `observador_usuario`
--

INSERT INTO `observador_usuario` (`IdObservador_Usuario`, `Id_Usuario`, `Id_Tarea`) VALUES
(8, 91, 40),
(9, 85, 41),
(10, 85, 42),
(11, 86, 43),
(12, 85, 44),
(13, 85, 45),
(14, 86, 45),
(15, 91, 45),
(16, 91, 46),
(17, 85, 51),
(18, 86, 51),
(19, 91, 51),
(20, 85, 52),
(21, 91, 53),
(23, 91, 55),
(24, 86, 59),
(25, 85, 60),
(26, 91, 60),
(27, 92, 60);

-- --------------------------------------------------------

--
-- Estructura de tabla para la tabla `participante_usuario`
--

CREATE TABLE `participante_usuario` (
  `Id_Particpanteusuario` int(11) NOT NULL,
  `Id_Tarea` int(11) NOT NULL,
  `Id_Usuario` int(11) NOT NULL
) ENGINE=InnoDB DEFAULT CHARSET=latin1;

--
-- Volcado de datos para la tabla `participante_usuario`
--

INSERT INTO `participante_usuario` (`Id_Particpanteusuario`, `Id_Tarea`, `Id_Usuario`) VALUES
(17, 40, 85),
(18, 40, 91),
(19, 41, 86),
(20, 42, 85),
(21, 42, 86),
(22, 42, 91),
(23, 43, 85),
(24, 44, 85),
(25, 45, 85),
(26, 45, 86),
(27, 45, 91),
(28, 46, 85),
(29, 46, 86),
(30, 51, 85),
(31, 52, 86),
(32, 52, 91),
(33, 53, 91),
(35, 55, 91),
(36, 59, 92),
(37, 60, 85),
(38, 60, 91),
(39, 60, 92);

-- --------------------------------------------------------

--
-- Estructura de tabla para la tabla `responsableusuario`
--

CREATE TABLE `responsableusuario` (
  `IdResponsableUsuario` int(11) NOT NULL,
  `Id_Tarea` int(11) NOT NULL,
  `Id_Usuario` int(11) NOT NULL
) ENGINE=InnoDB DEFAULT CHARSET=latin1;

--
-- Volcado de datos para la tabla `responsableusuario`
--

INSERT INTO `responsableusuario` (`IdResponsableUsuario`, `Id_Tarea`, `Id_Usuario`) VALUES
(26, 40, 85),
(27, 40, 86),
(28, 41, 86),
(29, 42, 85),
(30, 43, 85),
(31, 44, 91),
(32, 45, 85),
(33, 45, 86),
(34, 45, 91),
(35, 46, 85),
(36, 51, 85),
(37, 51, 86),
(38, 51, 91),
(39, 52, 85),
(40, 52, 86),
(41, 53, 86),
(43, 55, 91),
(44, 59, 91),
(45, 60, 86);

-- --------------------------------------------------------

--
-- Estructura de tabla para la tabla `restauracionclave`
--

CREATE TABLE `restauracionclave` (
  `Id_RestaruracionClave` int(11) NOT NULL,
  `Token_Email` varchar(100) NOT NULL,
  `Id_Usuario` int(11) NOT NULL
) ENGINE=InnoDB DEFAULT CHARSET=latin1;

-- --------------------------------------------------------

--
-- Estructura de tabla para la tabla `reunion`
--

CREATE TABLE `reunion` (
  `Id_Reunion` int(11) NOT NULL,
  `Descripcion` varchar(200) NOT NULL,
  `Id_Usuario` int(11) NOT NULL,
  `FechadeReunion` date NOT NULL
) ENGINE=InnoDB DEFAULT CHARSET=latin1;

-- --------------------------------------------------------

--
-- Estructura de tabla para la tabla `roles`
--

CREATE TABLE `roles` (
  `Id_Roles` int(11) NOT NULL,
  `Descripcion` varchar(100) NOT NULL,
  `nivel` int(11) DEFAULT NULL,
  `Id_Sub_Area` int(11) DEFAULT NULL
) ENGINE=InnoDB DEFAULT CHARSET=latin1;

--
-- Volcado de datos para la tabla `roles`
--

INSERT INTO `roles` (`Id_Roles`, `Descripcion`, `nivel`, `Id_Sub_Area`) VALUES
(13, 'Gerente', 1, 2),
(14, 'Secretario', 2, 1),
(15, 'Técnico', 5, 1),
(16, 'Programador', 5, 1),
(17, 'Tester', 5, 1),
(18, 'Cardiólogo', 6, 2),
(19, 'Neurologo', 5, 2);

-- --------------------------------------------------------

--
-- Estructura de tabla para la tabla `sub_area`
--

CREATE TABLE `sub_area` (
  `Id_Sub_Area` int(11) NOT NULL,
  `Descripcion` varchar(450) COLLATE utf8_spanish_ci DEFAULT NULL,
  `Id_Area` int(11) NOT NULL
) ENGINE=InnoDB DEFAULT CHARSET=utf8 COLLATE=utf8_spanish_ci;

--
-- Volcado de datos para la tabla `sub_area`
--

INSERT INTO `sub_area` (`Id_Sub_Area`, `Descripcion`, `Id_Area`) VALUES
(1, 'SubAdmin', 23),
(2, 'OtherSubArea', 24),
(3, 're', 23);

-- --------------------------------------------------------

--
-- Estructura de tabla para la tabla `tarea`
--

CREATE TABLE `tarea` (
  `Id_tarea` int(11) NOT NULL,
  `Id_Usuario` int(11) NOT NULL,
  `Estado_Tarea` varchar(450) COLLATE latin1_danish_ci NOT NULL,
  `Id_Tipo_Tarea` int(11) DEFAULT NULL,
  `Nombre` varchar(100) CHARACTER SET latin1 NOT NULL,
  `FechaInicio` date NOT NULL,
  `Hora_Inicio` time DEFAULT NULL,
  `FechaFin` date NOT NULL,
  `Hora_Fin` time DEFAULT NULL,
  `FechaCreacion` date NOT NULL,
  `Descripcion` varchar(60000) CHARACTER SET latin1 NOT NULL,
  `tareaFavorita` int(11) DEFAULT NULL,
  `tareasIdTareas` int(11) DEFAULT NULL,
  `tip_tar` varchar(1) COLLATE latin1_danish_ci DEFAULT NULL
) ENGINE=InnoDB DEFAULT CHARSET=latin1 COLLATE=latin1_danish_ci;

--
-- Volcado de datos para la tabla `tarea`
--

INSERT INTO `tarea` (`Id_tarea`, `Id_Usuario`, `Estado_Tarea`, `Id_Tipo_Tarea`, `Nombre`, `FechaInicio`, `Hora_Inicio`, `FechaFin`, `Hora_Fin`, `FechaCreacion`, `Descripcion`, `tareaFavorita`, `tareasIdTareas`, `tip_tar`) VALUES
(40, 85, 'Proceso', 5, 'Realizar la tesis', '2019-09-16', '08:00:00', '2019-09-23', '00:00:00', '2019-09-06', 'Avanzar por favor hasta las fechas estimadas', 1, NULL, 'T'),
(41, 85, 'Pendiente', 5, 'MANUAL PROGRAMADOR', '2019-09-09', '08:00:00', '2019-09-16', '00:00:00', '2019-09-06', 'Terminarlo todo', 1, 40, 'S'),
(42, 85, 'Proceso', 3, 'Reunion con los desarrolladores', '2019-09-09', '06:03:00', '2019-09-10', '03:02:00', '2019-09-06', 'PARA TRATAR ASUNTOS IMPORTANTES', 1, 41, 'S'),
(43, 85, 'Terminada', 1, 'rE', '2019-09-08', '04:32:00', '2019-09-08', '04:23:00', '2019-09-06', 'FSD', 1, 42, 'S'),
(44, 85, 'Vencida', 1, 'FSD', '2019-09-12', '03:02:00', '2019-09-12', '03:04:00', '2019-09-06', 'FSD', 1, 40, 'S'),
(45, 85, 'Proceso', 1, 'FSDAF', '2019-09-11', '04:32:00', '2019-09-14', '04:23:00', '2019-09-06', 'FSD', 1, 44, 'S'),
(46, 85, 'Pendiente', 5, 'SALIR DE CLASES', '2019-09-11', '14:00:00', '2019-09-11', '14:00:00', '2019-09-06', 'EN CHONE', 1, 40, 'S'),
(51, 85, 'Pendiente', 4, 'Presentarle a joffre', '2019-09-11', '03:05:00', '2019-09-12', '07:05:00', '2019-09-06', 'el dia de mañana', 1, NULL, 'T'),
(52, 85, 'Pendiente', 5, 'holito', '2019-09-13', '02:49:00', '2019-09-13', '02:49:00', '2019-09-06', 'jfaslkjfkldsjfkladsfkjladskjlfkjladskj', 1, 43, 'S'),
(53, 85, 'Proceso', 4, 'ultima tarea', '2019-09-13', '02:51:00', '2019-09-13', '02:51:00', '2019-09-06', 'nkjsdkl', 1, NULL, 'T'),
(55, 85, 'Pendiente', 1, 'frer', '2019-09-16', '12:38:00', '2019-09-16', '12:38:00', '2019-09-06', 'fdsf', 1, NULL, 'T'),
(56, 85, 'Pendiente', 1, 'HGF', '2019-09-16', '12:45:00', '2019-09-16', '12:45:00', '2019-09-06', 'Estos dos tipos de datos son identicos a CHAR y VARCHAR, respectivamente, salvo que almacenan bytes en lugar de caracteres, una diferencia muy sutil para un nivel básico a intermedio de MySQL.', 1, NULL, 'T'),
(57, 85, 'Pendiente', 1, 'dasd', '2019-09-16', '12:46:00', '2019-09-16', '12:46:00', '2019-09-06', 'Este es el cuadro de tipos de datos para char atendiendo al máximo de caracteres soportados:\nCHAR( ) de ancho fijo desde 0 to 255 caracteres de longitud.\nVARCHAR( ) de 0 a 255 caracteres de longitud.\nTINYTEXT una cadena con longitud máxima de 255 caracteres.\nTEXT una cadena con longitud máxima de 65535 caracteres.\nBLOB una cadena con longitud máxima de 65535 caracteres.\nMEDIUMTEXT una cadena con longitud máxima de 16777215 caracteres.\nMEDIUMBLOB una cadena con longitud máxima de 16777215 caracteres.\nLONGTEXT una cadena con longitud máxima de 4294967295 caracteres.\nLONGBLOB una cadena con longitud máxima de 4294967295 caracteres.', 1, NULL, 'T'),
(58, 85, 'Pendiente', 1, 'subtarea', '2019-09-16', '12:48:00', '2019-09-16', '12:48:00', '2019-09-06', 'ala mierda', 1, 57, 'S'),
(59, 85, 'Pendiente', 1, 'JUGAR FREE FIRE', '2019-09-16', '12:49:00', '2019-09-16', '12:49:00', '2019-09-06', 'Este es el cuadro de tipos de datos para char atendiendo al máximo de caracteres soportados:\nCHAR( ) de ancho fijo desde 0 to 255 caracteres de longitud.\nVARCHAR( ) de 0 a 255 caracteres de longitud.\nTINYTEXT una cadena con longitud máxima de 255 caracteres.\nTEXT una cadena con longitud máxima de 65535 caracteres.\nBLOB una cadena con longitud máxima de 65535 caracteres.\nMEDIUMTEXT una cadena con longitud máxima de 16777215 caracteres.\nMEDIUMBLOB una cadena con longitud máxima de 16777215 caracteres.\nLONGTEXT una cadena con longitud máxima de 4294967295 caracteres.\nLONGBLOB una cadena con longitud máxima de 4294967295 caracteres.', 1, NULL, 'T'),
(60, 85, 'Pendiente', 1, 'JUEGO EN SALA', '2019-09-16', '01:10:00', '2019-09-16', '01:10:00', '2019-09-06', 'JUEGAN TODOS LOS ESTUDIANTES DE DECIMO SEMESTRE', 1, 59, 'S'),
(61, 85, 'Pendiente', 1, 'FDS', '2019-09-16', '01:11:00', '2019-09-16', '01:11:00', '2019-09-06', 'FSD', 1, 60, 'S');

-- --------------------------------------------------------

--
-- Estructura de tabla para la tabla `tipo_tarea`
--

CREATE TABLE `tipo_tarea` (
  `Id_Tipo_Tarea` int(11) NOT NULL,
  `Descripcion` varchar(450) DEFAULT NULL
) ENGINE=InnoDB DEFAULT CHARSET=latin1;

--
-- Volcado de datos para la tabla `tipo_tarea`
--

INSERT INTO `tipo_tarea` (`Id_Tipo_Tarea`, `Descripcion`) VALUES
(1, 'Tarea'),
(2, 'Proyecto'),
(3, 'Reunión'),
(4, 'Personal'),
(5, 'Trabajo');

-- --------------------------------------------------------

--
-- Estructura de tabla para la tabla `tipo_usuarios`
--

CREATE TABLE `tipo_usuarios` (
  `Id_Tipo_Usuario` int(11) NOT NULL,
  `Descripcion` varchar(200) NOT NULL
) ENGINE=InnoDB DEFAULT CHARSET=latin1;

--
-- Volcado de datos para la tabla `tipo_usuarios`
--

INSERT INTO `tipo_usuarios` (`Id_Tipo_Usuario`, `Descripcion`) VALUES
(1, 'Empleado'),
(2, 'Adminsitrador');

-- --------------------------------------------------------

--
-- Estructura de tabla para la tabla `usuarios`
--

CREATE TABLE `usuarios` (
  `Id_Usuario` int(11) NOT NULL,
  `Nombre` varchar(500) DEFAULT NULL,
  `Apellido` varchar(500) DEFAULT NULL,
  `Cedula` varchar(10) DEFAULT NULL,
  `email` varchar(100) NOT NULL,
  `Direccion` varchar(100) DEFAULT NULL,
  `Celular` int(11) DEFAULT NULL,
  `Sexo` varchar(10) DEFAULT NULL,
  `Id_tipo_Usuarios` int(11) DEFAULT NULL,
  `Password` varchar(450) NOT NULL
) ENGINE=InnoDB DEFAULT CHARSET=latin1;

--
-- Volcado de datos para la tabla `usuarios`
--

INSERT INTO `usuarios` (`Id_Usuario`, `Nombre`, `Apellido`, `Cedula`, `email`, `Direccion`, `Celular`, `Sexo`, `Id_tipo_Usuarios`, `Password`) VALUES
(85, 'José', 'Sabando', '1315221562', 'leonardosabando@gmail.com', 'Ecuador, Manabi, Calceta', 979932503, 'M', 2, 'am9zZTE5OTU='),
(86, 'Edwin', 'Moreira', '9876543210', 'edwinmoreira@gmail.com', 'Calceta', 958843285, 'M', 1, 'MTIzNDU2Nzg='),
(91, 'Belen', 'cedeño', '1313627083', 'belen@gmail.com', 'calceta', 9704356, 'F', 1, 'am9zZTE5OTU='),
(92, 'Jc', 'Solorzano', '1315221563', 'jc@gmail.com', 'Chone', 0, 'M', 1, 'MTIzNDU2Nzg=');

-- --------------------------------------------------------

--
-- Estructura de tabla para la tabla `usuario_roles`
--

CREATE TABLE `usuario_roles` (
  `Id_Usuario_Roles` int(11) NOT NULL,
  `Id_Usuario` int(11) DEFAULT NULL,
  `Id_Roles` int(11) DEFAULT NULL,
  `Id_Area` int(11) DEFAULT NULL
) ENGINE=InnoDB DEFAULT CHARSET=latin1;

--
-- Volcado de datos para la tabla `usuario_roles`
--

INSERT INTO `usuario_roles` (`Id_Usuario_Roles`, `Id_Usuario`, `Id_Roles`, `Id_Area`) VALUES
(51, 85, 13, 23),
(52, 86, 14, 23),
(55, 91, 15, 31),
(56, 92, 16, 31);

--
-- Índices para tablas volcadas
--

--
-- Indices de la tabla `area`
--
ALTER TABLE `area`
  ADD PRIMARY KEY (`Id_Area`);

--
-- Indices de la tabla `area_roles`
--
ALTER TABLE `area_roles`
  ADD PRIMARY KEY (`Id_Area_Roles`),
  ADD KEY `AreaFK_idx` (`Id_Area`),
  ADD KEY `RolesFK_idx` (`Id_Roles`);

--
-- Indices de la tabla `conclusion`
--
ALTER TABLE `conclusion`
  ADD PRIMARY KEY (`Id_Conclusion`),
  ADD UNIQUE KEY `Id_Itinerario` (`Id_Itinerario`);

--
-- Indices de la tabla `documento`
--
ALTER TABLE `documento`
  ADD PRIMARY KEY (`Id_Documento`);

--
-- Indices de la tabla `documento_tarea`
--
ALTER TABLE `documento_tarea`
  ADD PRIMARY KEY (`IdDocumento_Tarea`),
  ADD KEY `DocumentoFK_idx` (`Id_Documento`),
  ADD KEY `TareaFK_idx` (`Id_Tarea`);

--
-- Indices de la tabla `estado_tarea`
--
ALTER TABLE `estado_tarea`
  ADD PRIMARY KEY (`Id_Estado_Tarea`);

--
-- Indices de la tabla `evento`
--
ALTER TABLE `evento`
  ADD PRIMARY KEY (`Id_Evento`),
  ADD KEY `UsuarioFk_idx` (`Id_Usuario`);

--
-- Indices de la tabla `itinerario`
--
ALTER TABLE `itinerario`
  ADD PRIMARY KEY (`Id_Itinerario`),
  ADD KEY `ReunionFK_idx` (`Id_Reunion`);

--
-- Indices de la tabla `observador_usuario`
--
ALTER TABLE `observador_usuario`
  ADD PRIMARY KEY (`IdObservador_Usuario`),
  ADD KEY `UserFk_idx` (`Id_Usuario`),
  ADD KEY `Task_idx` (`Id_Tarea`);

--
-- Indices de la tabla `participante_usuario`
--
ALTER TABLE `participante_usuario`
  ADD PRIMARY KEY (`Id_Particpanteusuario`),
  ADD KEY `Usuario_idx` (`Id_Usuario`),
  ADD KEY `TareaFK_idx` (`Id_Tarea`);

--
-- Indices de la tabla `responsableusuario`
--
ALTER TABLE `responsableusuario`
  ADD PRIMARY KEY (`IdResponsableUsuario`),
  ADD KEY `UserReFK_idx` (`Id_Usuario`),
  ADD KEY `TareaReFK_idx` (`Id_Tarea`);

--
-- Indices de la tabla `restauracionclave`
--
ALTER TABLE `restauracionclave`
  ADD PRIMARY KEY (`Id_RestaruracionClave`),
  ADD KEY `ResCFK_idx` (`Id_Usuario`);

--
-- Indices de la tabla `reunion`
--
ALTER TABLE `reunion`
  ADD PRIMARY KEY (`Id_Reunion`),
  ADD KEY `UserReunionFK_idx` (`Id_Usuario`);

--
-- Indices de la tabla `roles`
--
ALTER TABLE `roles`
  ADD PRIMARY KEY (`Id_Roles`),
  ADD KEY `IdSubAreaFK_idx` (`Id_Sub_Area`);

--
-- Indices de la tabla `sub_area`
--
ALTER TABLE `sub_area`
  ADD PRIMARY KEY (`Id_Sub_Area`,`Id_Area`),
  ADD KEY `AreaFKSubArea_idx` (`Id_Area`);

--
-- Indices de la tabla `tarea`
--
ALTER TABLE `tarea`
  ADD PRIMARY KEY (`Id_tarea`),
  ADD KEY `UserTFk_idx` (`Id_Usuario`),
  ADD KEY `TipoTaskFK_idx` (`Id_Tipo_Tarea`),
  ADD KEY `tareaIDRecursi_idx` (`tareasIdTareas`);

--
-- Indices de la tabla `tipo_tarea`
--
ALTER TABLE `tipo_tarea`
  ADD PRIMARY KEY (`Id_Tipo_Tarea`);

--
-- Indices de la tabla `tipo_usuarios`
--
ALTER TABLE `tipo_usuarios`
  ADD PRIMARY KEY (`Id_Tipo_Usuario`);

--
-- Indices de la tabla `usuarios`
--
ALTER TABLE `usuarios`
  ADD PRIMARY KEY (`Id_Usuario`),
  ADD KEY `TipoUsuariosFK_idx` (`Id_tipo_Usuarios`);

--
-- Indices de la tabla `usuario_roles`
--
ALTER TABLE `usuario_roles`
  ADD PRIMARY KEY (`Id_Usuario_Roles`),
  ADD KEY `RolesFK_idx` (`Id_Roles`),
  ADD KEY `UsuariosFK_idx` (`Id_Usuario`),
  ADD KEY `AreaFKRol_idx` (`Id_Area`);

--
-- AUTO_INCREMENT de las tablas volcadas
--

--
-- AUTO_INCREMENT de la tabla `area`
--
ALTER TABLE `area`
  MODIFY `Id_Area` int(11) NOT NULL AUTO_INCREMENT, AUTO_INCREMENT=38;

--
-- AUTO_INCREMENT de la tabla `area_roles`
--
ALTER TABLE `area_roles`
  MODIFY `Id_Area_Roles` int(11) NOT NULL AUTO_INCREMENT, AUTO_INCREMENT=66;

--
-- AUTO_INCREMENT de la tabla `conclusion`
--
ALTER TABLE `conclusion`
  MODIFY `Id_Conclusion` int(11) NOT NULL AUTO_INCREMENT;

--
-- AUTO_INCREMENT de la tabla `documento`
--
ALTER TABLE `documento`
  MODIFY `Id_Documento` int(11) NOT NULL AUTO_INCREMENT;

--
-- AUTO_INCREMENT de la tabla `documento_tarea`
--
ALTER TABLE `documento_tarea`
  MODIFY `IdDocumento_Tarea` int(11) NOT NULL AUTO_INCREMENT;

--
-- AUTO_INCREMENT de la tabla `estado_tarea`
--
ALTER TABLE `estado_tarea`
  MODIFY `Id_Estado_Tarea` int(11) NOT NULL AUTO_INCREMENT, AUTO_INCREMENT=2;

--
-- AUTO_INCREMENT de la tabla `evento`
--
ALTER TABLE `evento`
  MODIFY `Id_Evento` int(11) NOT NULL AUTO_INCREMENT;

--
-- AUTO_INCREMENT de la tabla `observador_usuario`
--
ALTER TABLE `observador_usuario`
  MODIFY `IdObservador_Usuario` int(11) NOT NULL AUTO_INCREMENT, AUTO_INCREMENT=28;

--
-- AUTO_INCREMENT de la tabla `participante_usuario`
--
ALTER TABLE `participante_usuario`
  MODIFY `Id_Particpanteusuario` int(11) NOT NULL AUTO_INCREMENT, AUTO_INCREMENT=40;

--
-- AUTO_INCREMENT de la tabla `responsableusuario`
--
ALTER TABLE `responsableusuario`
  MODIFY `IdResponsableUsuario` int(11) NOT NULL AUTO_INCREMENT, AUTO_INCREMENT=46;

--
-- AUTO_INCREMENT de la tabla `restauracionclave`
--
ALTER TABLE `restauracionclave`
  MODIFY `Id_RestaruracionClave` int(11) NOT NULL AUTO_INCREMENT;

--
-- AUTO_INCREMENT de la tabla `reunion`
--
ALTER TABLE `reunion`
  MODIFY `Id_Reunion` int(11) NOT NULL AUTO_INCREMENT;

--
-- AUTO_INCREMENT de la tabla `roles`
--
ALTER TABLE `roles`
  MODIFY `Id_Roles` int(11) NOT NULL AUTO_INCREMENT, AUTO_INCREMENT=26;

--
-- AUTO_INCREMENT de la tabla `sub_area`
--
ALTER TABLE `sub_area`
  MODIFY `Id_Sub_Area` int(11) NOT NULL AUTO_INCREMENT, AUTO_INCREMENT=4;

--
-- AUTO_INCREMENT de la tabla `tarea`
--
ALTER TABLE `tarea`
  MODIFY `Id_tarea` int(11) NOT NULL AUTO_INCREMENT, AUTO_INCREMENT=62;

--
-- AUTO_INCREMENT de la tabla `tipo_tarea`
--
ALTER TABLE `tipo_tarea`
  MODIFY `Id_Tipo_Tarea` int(11) NOT NULL AUTO_INCREMENT, AUTO_INCREMENT=6;

--
-- AUTO_INCREMENT de la tabla `tipo_usuarios`
--
ALTER TABLE `tipo_usuarios`
  MODIFY `Id_Tipo_Usuario` int(11) NOT NULL AUTO_INCREMENT, AUTO_INCREMENT=3;

--
-- AUTO_INCREMENT de la tabla `usuarios`
--
ALTER TABLE `usuarios`
  MODIFY `Id_Usuario` int(11) NOT NULL AUTO_INCREMENT, AUTO_INCREMENT=93;

--
-- AUTO_INCREMENT de la tabla `usuario_roles`
--
ALTER TABLE `usuario_roles`
  MODIFY `Id_Usuario_Roles` int(11) NOT NULL AUTO_INCREMENT, AUTO_INCREMENT=57;

--
-- Restricciones para tablas volcadas
--

--
-- Filtros para la tabla `area_roles`
--
ALTER TABLE `area_roles`
  ADD CONSTRAINT `AreaFK` FOREIGN KEY (`Id_Area`) REFERENCES `area` (`Id_Area`) ON DELETE NO ACTION ON UPDATE NO ACTION,
  ADD CONSTRAINT `RolFK` FOREIGN KEY (`Id_Roles`) REFERENCES `roles` (`Id_Roles`) ON DELETE NO ACTION ON UPDATE NO ACTION;

--
-- Filtros para la tabla `conclusion`
--
ALTER TABLE `conclusion`
  ADD CONSTRAINT `conclusion_ibfk_1` FOREIGN KEY (`Id_Itinerario`) REFERENCES `itinerario` (`Id_Itinerario`);

--
-- Filtros para la tabla `documento_tarea`
--
ALTER TABLE `documento_tarea`
  ADD CONSTRAINT `DocumentoFK` FOREIGN KEY (`Id_Documento`) REFERENCES `documento` (`Id_Documento`) ON DELETE NO ACTION ON UPDATE NO ACTION,
  ADD CONSTRAINT `TareaFK` FOREIGN KEY (`Id_Tarea`) REFERENCES `tarea` (`Id_tarea`) ON DELETE NO ACTION ON UPDATE NO ACTION;

--
-- Filtros para la tabla `evento`
--
ALTER TABLE `evento`
  ADD CONSTRAINT `UsuarioFk` FOREIGN KEY (`Id_Usuario`) REFERENCES `usuarios` (`Id_Usuario`) ON DELETE NO ACTION ON UPDATE NO ACTION;

--
-- Filtros para la tabla `itinerario`
--
ALTER TABLE `itinerario`
  ADD CONSTRAINT `ReunionFK` FOREIGN KEY (`Id_Reunion`) REFERENCES `reunion` (`Id_Reunion`) ON DELETE NO ACTION ON UPDATE NO ACTION;

--
-- Filtros para la tabla `observador_usuario`
--
ALTER TABLE `observador_usuario`
  ADD CONSTRAINT `Task` FOREIGN KEY (`Id_Tarea`) REFERENCES `tarea` (`Id_tarea`) ON DELETE NO ACTION ON UPDATE NO ACTION,
  ADD CONSTRAINT `UserFk` FOREIGN KEY (`Id_Usuario`) REFERENCES `usuarios` (`Id_Usuario`) ON DELETE NO ACTION ON UPDATE NO ACTION;

--
-- Filtros para la tabla `participante_usuario`
--
ALTER TABLE `participante_usuario`
  ADD CONSTRAINT `TareaPFK` FOREIGN KEY (`Id_Tarea`) REFERENCES `tarea` (`Id_tarea`) ON DELETE NO ACTION ON UPDATE NO ACTION,
  ADD CONSTRAINT `UserPFK` FOREIGN KEY (`Id_Usuario`) REFERENCES `usuarios` (`Id_Usuario`) ON DELETE NO ACTION ON UPDATE NO ACTION;

--
-- Filtros para la tabla `responsableusuario`
--
ALTER TABLE `responsableusuario`
  ADD CONSTRAINT `TareaReFK` FOREIGN KEY (`Id_Tarea`) REFERENCES `tarea` (`Id_tarea`) ON DELETE NO ACTION ON UPDATE NO ACTION,
  ADD CONSTRAINT `UserReFK` FOREIGN KEY (`Id_Usuario`) REFERENCES `usuarios` (`Id_Usuario`) ON DELETE NO ACTION ON UPDATE NO ACTION;

--
-- Filtros para la tabla `restauracionclave`
--
ALTER TABLE `restauracionclave`
  ADD CONSTRAINT `ResCFK` FOREIGN KEY (`Id_Usuario`) REFERENCES `usuarios` (`Id_Usuario`) ON DELETE NO ACTION ON UPDATE NO ACTION;

--
-- Filtros para la tabla `reunion`
--
ALTER TABLE `reunion`
  ADD CONSTRAINT `UserReunionFK` FOREIGN KEY (`Id_Usuario`) REFERENCES `usuarios` (`Id_Usuario`) ON DELETE NO ACTION ON UPDATE NO ACTION;

--
-- Filtros para la tabla `roles`
--
ALTER TABLE `roles`
  ADD CONSTRAINT `IdSubAreaFK` FOREIGN KEY (`Id_Sub_Area`) REFERENCES `sub_area` (`Id_Sub_area`) ON DELETE NO ACTION ON UPDATE NO ACTION;

--
-- Filtros para la tabla `sub_area`
--
ALTER TABLE `sub_area`
  ADD CONSTRAINT `AreaFKSubArea` FOREIGN KEY (`Id_Area`) REFERENCES `area` (`Id_Area`) ON DELETE NO ACTION ON UPDATE NO ACTION;

--
-- Filtros para la tabla `tarea`
--
ALTER TABLE `tarea`
  ADD CONSTRAINT `TipoTaskFK` FOREIGN KEY (`Id_Tipo_Tarea`) REFERENCES `tipo_tarea` (`Id_Tipo_Tarea`) ON DELETE NO ACTION ON UPDATE NO ACTION,
  ADD CONSTRAINT `tareaIDRecursi` FOREIGN KEY (`tareasIdTareas`) REFERENCES `tarea` (`Id_tarea`) ON DELETE NO ACTION ON UPDATE NO ACTION;

--
-- Filtros para la tabla `usuarios`
--
ALTER TABLE `usuarios`
  ADD CONSTRAINT `TipoUsuariosFK` FOREIGN KEY (`Id_tipo_Usuarios`) REFERENCES `tipo_usuarios` (`Id_Tipo_Usuario`) ON DELETE NO ACTION ON UPDATE NO ACTION;

--
-- Filtros para la tabla `usuario_roles`
--
ALTER TABLE `usuario_roles`
  ADD CONSTRAINT `AreaFKRol` FOREIGN KEY (`Id_Area`) REFERENCES `area` (`Id_Area`) ON DELETE NO ACTION ON UPDATE NO ACTION,
  ADD CONSTRAINT `RolesFK` FOREIGN KEY (`Id_Roles`) REFERENCES `roles` (`Id_Roles`) ON DELETE NO ACTION ON UPDATE NO ACTION,
  ADD CONSTRAINT `UsuariosFK` FOREIGN KEY (`Id_Usuario`) REFERENCES `usuarios` (`Id_Usuario`) ON DELETE NO ACTION ON UPDATE NO ACTION;
--
-- Base de datos: `dbservicios`
--
CREATE DATABASE IF NOT EXISTS `dbservicios` DEFAULT CHARACTER SET utf8 COLLATE utf8_spanish_ci;
USE `dbservicios`;

-- --------------------------------------------------------

--
-- Estructura de tabla para la tabla `auditoriausers`
--

CREATE TABLE `auditoriausers` (
  `idauditoriaUsers` int(11) NOT NULL,
  `fechaCreacion` datetime DEFAULT NULL,
  `tipoTransaccion` varchar(250) DEFAULT NULL,
  `idus001` int(11) DEFAULT NULL,
  `terminal` varchar(450) DEFAULT NULL
) ENGINE=InnoDB DEFAULT CHARSET=latin1;

-- --------------------------------------------------------

--
-- Estructura de tabla para la tabla `certificados_requisitos`
--

CREATE TABLE `certificados_requisitos` (
  `idcertificados_requisitos` int(11) NOT NULL,
  `idlistacertificado` int(11) DEFAULT NULL,
  `idrequisitos` int(11) DEFAULT NULL
) ENGINE=InnoDB DEFAULT CHARSET=latin1;

--
-- Volcado de datos para la tabla `certificados_requisitos`
--

INSERT INTO `certificados_requisitos` (`idcertificados_requisitos`, `idlistacertificado`, `idrequisitos`) VALUES
(1, 1, 1),
(2, 1, 2),
(7, 2, 12),
(8, 2, 14),
(9, 2, 7),
(10, 2, 11),
(11, 1, 15);

-- --------------------------------------------------------

--
-- Estructura de tabla para la tabla `correo_institucinal`
--

CREATE TABLE `correo_institucinal` (
  `idcorreo_institucinal` int(11) NOT NULL,
  `correo` varchar(45) DEFAULT NULL
) ENGINE=InnoDB DEFAULT CHARSET=latin1;

--
-- Volcado de datos para la tabla `correo_institucinal`
--

INSERT INTO `correo_institucinal` (`idcorreo_institucinal`, `correo`) VALUES
(1, 'serviciosonline@chone.gob.ec');

-- --------------------------------------------------------

--
-- Estructura de tabla para la tabla `detallepago`
--

CREATE TABLE `detallepago` (
  `iddetallePago` int(11) NOT NULL,
  `idPago` int(11) DEFAULT NULL,
  `idEmision` int(11) DEFAULT NULL
) ENGINE=InnoDB DEFAULT CHARSET=latin1;

-- --------------------------------------------------------

--
-- Estructura de tabla para la tabla `documento`
--

CREATE TABLE `documento` (
  `iddocumento` int(11) NOT NULL,
  `ruta` varchar(800) DEFAULT NULL,
  `codigo` varchar(250) DEFAULT NULL
) ENGINE=InnoDB DEFAULT CHARSET=latin1;

--
-- Volcado de datos para la tabla `documento`
--

INSERT INTO `documento` (`iddocumento`, `ruta`, `codigo`) VALUES
(1, 'C:/xampp/htdocs/appOnlineFP/public/certificadosDoc/AC-23-GADMCH-201904261556292147.pdf', 'AC-23-GADMCH'),
(2, 'C:/xampp/htdocs/appOnlineFP/public/certificadosDoc/AC-23-GADMCH-201904261556292166.pdf', 'AC-23-GADMCH'),
(3, 'C:/xampp/htdocs/appOnlineFP/public/certificadosDoc/AC-23-GADMCH-201904261556292417.pdf', 'AC-23-GADMCH'),
(4, 'C:/xampp/htdocs/appOnlineFP/public/certificadosDoc/AC-23-GADMCH-201904261556292518.pdf', 'AC-23-GADMCH'),
(5, 'C:/xampp/htdocs/appOnlineFP/public/certificadosDoc/AC-24-GADMCH-201904261556292538.pdf', 'AC-24-GADMCH'),
(6, 'C:/xampp/htdocs/appOnlineFP/public/certificadosDoc/AC-24-GADMCH-201904261556292586.pdf', 'AC-24-GADMCH'),
(7, 'C:/xampp/htdocs/appOnlineFP/public/certificadosDoc/AC-50-GADMCH-201904261556292614.pdf', 'AC-50-GADMCH'),
(8, 'C:/xampp/htdocs/appOnlineFP/public/certificadosDoc/AC-50-GADMCH-201904261556293839.pdf', 'AC-50-GADMCH'),
(9, 'C:/xampp/htdocs/appOnlineFP/public/certificadosDoc/AC-55-GADMCH-201904261556293865.pdf', 'AC-55-GADMCH'),
(10, 'C:/xampp/htdocs/appOnlineFP/public/certificadosDoc/AC-79-GADMCH-201904261556294338.pdf', 'AC-79-GADMCH'),
(11, 'C:/xampp/htdocs/appOnlineFP/public/certificadosDoc/AC-2-GADMCH-201904261556294979.pdf', 'AC-2-GADMCH'),
(12, 'C:/xampp/htdocs/appOnlineFP/public/certificadosDoc/AC-23-GADMCH-201904261556295332.pdf', 'AC-23-GADMCH'),
(13, 'C:/xampp/htdocs/appOnlineFP/public/certificadosDoc/AC-23-GADMCH-201904261556295462.pdf', 'AC-23-GADMCH'),
(14, 'C:/xampp/htdocs/appOnlineFP/public/certificadosDoc/AC-2-GADMCH-201904261556295470.pdf', 'AC-2-GADMCH'),
(15, 'C:/xampp/htdocs/appOnlineFP/public/certificadosDoc/AC-24-GADMCH-201904261556296320.pdf', 'AC-24-GADMCH'),
(16, 'C:/xampp/htdocs/appOnlineFP/public/certificadosDoc/AC-2-GADMCH-201904261556297598.pdf', 'AC-2-GADMCH'),
(17, 'C:/xampp/htdocs/appOnlineFP/public/certificadosDoc/AC-23-GADMCH-201904261556297606.pdf', 'AC-23-GADMCH'),
(18, 'C:/xampp/htdocs/appOnlineFP/public/certificadosDoc/AC-2-GADMCH-201904261556297976.pdf', 'AC-2-GADMCH'),
(19, 'C:/xampp/htdocs/appOnlineFP/public/certificadosDoc/AC-23-GADMCH-201904261556298168.pdf', 'AC-23-GADMCH'),
(20, 'C:/xampp/htdocs/appOnlineFP/public/certificadosDoc/AC-23-GADMCH-201904261556298215.pdf', 'AC-23-GADMCH'),
(21, 'C:/xampp/htdocs/appOnlineFP/public/certificadosDoc/AC-23-GADMCH-201904261556298338.pdf', 'AC-23-GADMCH'),
(22, 'C:/xampp/htdocs/appOnlineFP/public/certificadosDoc/AC-23-GADMCH-201904261556298382.pdf', 'AC-23-GADMCH'),
(23, 'C:/xampp/htdocs/appOnlineFP/public/certificadosDoc/AC-24-GADMCH-201904261556298403.pdf', 'AC-24-GADMCH'),
(24, 'C:/xampp/htdocs/appOnlineFP/public/certificadosDoc/AC-24-GADMCH-201904261556298846.pdf', 'AC-24-GADMCH'),
(25, 'C:/xampp/htdocs/appOnlineFP/public/certificadosDoc/AC-24-GADMCH-201904261556298932.pdf', 'AC-24-GADMCH'),
(26, 'C:/xampp/htdocs/appOnlineFP/public/certificadosDoc/AC-24-GADMCH-201904261556298965.pdf', 'AC-24-GADMCH'),
(27, 'C:/xampp/htdocs/appOnlineFP/public/certificadosDoc/AC-86-GADMCH-201904261556306479.pdf', 'AC-86-GADMCH'),
(28, 'C:/xampp/htdocs/appOnlineFP/public/certificadosDoc/AC-1-GADMCH-201904261556309145.pdf', 'AC-1-GADMCH'),
(29, 'C:/xampp/htdocs/appOnlineFP/public/certificadosDoc/AC-83-GADMCH-201904261556309230.pdf', 'AC-83-GADMCH'),
(30, 'C:/xampp/htdocs/appOnlineFP/public/certificadosDoc/AC-84-GADMCH-201904261556309314.pdf', 'AC-84-GADMCH'),
(31, 'C:/xampp/htdocs/appOnlineFP/public/certificadosDoc/AC-79-GADMCH-201904261556309326.pdf', 'AC-79-GADMCH'),
(32, 'C:/xampp/htdocs/appOnlineFP/public/certificadosDoc/AC-50-GADMCH-201904261556309342.pdf', 'AC-50-GADMCH'),
(33, 'C:/xampp/htdocs/appOnlineFP/public/certificadosDoc/AC-2-GADMCH-201904261556309557.pdf', 'AC-2-GADMCH'),
(34, 'C:/xampp/htdocs/appOnlineFP/public/certificadosDoc/AC-2-GADMCH-201904261556309963.pdf', 'AC-2-GADMCH'),
(35, 'C:/xampp/htdocs/appOnlineFP/public/certificadosDoc/AC-83-GADMCH-201904261556309983.pdf', 'AC-83-GADMCH'),
(36, 'C:/xampp/htdocs/appOnlineFP/public/certificadosDoc/AC-10-GADMCH-201904261556310285.pdf', 'AC-10-GADMCH'),
(37, 'C:/xampp/htdocs/appOnlineFP/public/certificadosDoc/AC-1-GADMCH-201904291556553124.pdf', 'AC-1-GADMCH'),
(38, 'C:/xampp/htdocs/appOnlineFP/public/certificadosDoc/AC-24-GADMCH-201904291556553479.pdf', 'AC-24-GADMCH'),
(39, 'C:/xampp/htdocs/appOnlineFP/public/certificadosDoc/AC-50-GADMCH-201904291556553487.pdf', 'AC-50-GADMCH'),
(40, 'C:/xampp/htdocs/appOnlineFP/public/certificadosDoc/AC-55-GADMCH-201904291556554454.pdf', 'AC-55-GADMCH'),
(41, 'C:/xampp/htdocs/appOnlineFP/public/certificadosDoc/AC-86-GADMCH-201904291556554569.pdf', 'AC-86-GADMCH'),
(42, 'C:/xampp/htdocs/appOnlineFP/public/certificadosDoc/AC-79-GADMCH-201904291556554960.pdf', 'AC-79-GADMCH'),
(43, 'C:/xampp/htdocs/appOnlineFP/public/certificadosDoc/AC-135-GADMCH-201905021556824366.pdf', 'AC-135-GADMCH'),
(44, 'C:/xampp/htdocs/appOnlineFP/public/certificadosDoc/AC-153-GADMCH-201905021556824376.pdf', 'AC-153-GADMCH'),
(45, 'C:/xampp/htdocs/appOnlineFP/public/certificadosDoc/AC-156-GADMCH-201905021556824384.pdf', 'AC-156-GADMCH'),
(46, 'C:/xampp/htdocs/appOnlineFP/public/certificadosDoc/AC-92-GADMCH-201905021556824402.pdf', 'AC-92-GADMCH'),
(47, 'C:/xampp/htdocs/appOnlineFP/public/certificadosDoc/AC-158-GADMCH-201905021556824417.pdf', 'AC-158-GADMCH'),
(48, 'C:/xampp/htdocs/appOnlineFP/public/certificadosDoc/AC-161-GADMCH-201905021556834960.pdf', 'AC-161-GADMCH'),
(49, 'C:/xampp/htdocs/appOnlineFP/public/certificadosDoc/AC-162-GADMCH-201905021556834975.pdf', 'AC-162-GADMCH'),
(50, 'C:/xampp/htdocs/appOnlineFP/public/certificadosDoc/AC-160-GADMCH-201905021556834990.pdf', 'AC-160-GADMCH'),
(51, 'C:/xampp/htdocs/appOnlineFP/public/certificadosDoc/AC-165-GADMCH-201905021556835089.pdf', 'AC-165-GADMCH'),
(52, 'C:/xampp/htdocs/appOnlineFP/public/certificadosDoc/AC-181-GADMCH-201905131557777192.txt', 'AC-181-GADMCH'),
(53, 'C:/xampp/htdocs/appOnlineFP/public/certificadosDoc/AC-180-GADMCH-201905131557777415.txt', 'AC-180-GADMCH'),
(54, 'C:/xampp/htdocs/appOnlineFP/public/certificadosDoc/AC-152-GADMCH-201905131557778652.pdf', 'AC-152-GADMCH'),
(55, 'C:/xampp/htdocs/appOnlineFP/public/certificadosDoc/AC-157-GADMCH-201905131557778745.pdf', 'AC-157-GADMCH'),
(56, 'C:/xampp/htdocs/appOnlineFP/public/certificadosDoc/AC-159-GADMCH-201905131557778772.pdf', 'AC-159-GADMCH'),
(57, 'C:/xampp/htdocs/appOnlineFP/public/certificadosDoc/AC-182-GADMCH-201905131557778818.pdf', 'AC-182-GADMCH'),
(58, 'C:/xampp/htdocs/appOnlineFP/public/certificadosDoc/AC-183-GADMCH-201905131557779411.PDF', 'AC-183-GADMCH'),
(59, 'C:/xampp/htdocs/appOnlineFP/public/certificadosDoc/AC-186-GADMCH-201905201558362982.pdf', 'AC-186-GADMCH'),
(60, 'documentoConfirmacion/Doc_Acuerdo_responsabilidad193.pdf', 'ACG193GADMCH');

-- --------------------------------------------------------

--
-- Estructura de tabla para la tabla `documentosdecertificados`
--

CREATE TABLE `documentosdecertificados` (
  `idDocumentosdeCertificados` int(11) NOT NULL,
  `ruta` varchar(450) DEFAULT NULL,
  `nombre` varchar(450) DEFAULT NULL,
  `idemision` int(11) DEFAULT NULL
) ENGINE=InnoDB DEFAULT CHARSET=latin1;

--
-- Volcado de datos para la tabla `documentosdecertificados`
--

INSERT INTO `documentosdecertificados` (`idDocumentosdeCertificados`, `ruta`, `nombre`, `idemision`) VALUES
(1, 'pruebacertificado.pdf', NULL, 23),
(275, 'pruebacertificado.pdf', NULL, 37),
(276, 'pruebacertificado.pdf', NULL, 38),
(277, 'pruebacertificado.pdf', NULL, 43),
(278, 'pruebacertificado.pdf', NULL, 45);

-- --------------------------------------------------------

--
-- Estructura de tabla para la tabla `emision`
--

CREATE TABLE `emision` (
  `idEmision` int(11) NOT NULL,
  `ciu` varchar(45) DEFAULT NULL,
  `fecha_emision` timestamp NULL DEFAULT NULL,
  `idlistacertificado` int(11) DEFAULT NULL,
  `idus001` int(11) DEFAULT NULL,
  `estado_emision` varchar(45) DEFAULT NULL,
  `costo` decimal(10,0) DEFAULT NULL,
  `clave` varchar(450) DEFAULT NULL
) ENGINE=InnoDB DEFAULT CHARSET=latin1;

--
-- Volcado de datos para la tabla `emision`
--

INSERT INTO `emision` (`idEmision`, `ciu`, `fecha_emision`, `idlistacertificado`, `idus001`, `estado_emision`, `costo`, `clave`) VALUES
(23, '2343', '2019-05-23 15:48:47', 1, 190, 'R', '5', NULL),
(37, NULL, '2019-05-23 17:59:58', 1, 190, 'R', '5', NULL),
(38, NULL, '2019-05-23 18:08:17', 1, 190, 'R', '5', NULL),
(42, '54101', '2019-05-23 20:01:05', 2, 193, 'R', NULL, '130355510123015000'),
(43, NULL, '2019-05-23 20:19:07', 1, 190, 'R', '5', NULL),
(44, '2323', '2019-05-23 20:31:26', 1, 194, 'E', '5', NULL),
(45, NULL, '2019-05-23 23:26:05', 1, 190, 'R', '5', NULL);

-- --------------------------------------------------------

--
-- Estructura de tabla para la tabla `gestion`
--

CREATE TABLE `gestion` (
  `idgestion` int(11) NOT NULL,
  `nombregestion` varchar(450) DEFAULT NULL,
  `ruta` varchar(450) DEFAULT NULL,
  `icono` varchar(45) DEFAULT NULL,
  `idmenu` int(11) DEFAULT NULL
) ENGINE=InnoDB DEFAULT CHARSET=latin1;

--
-- Volcado de datos para la tabla `gestion`
--

INSERT INTO `gestion` (`idgestion`, `nombregestion`, `ruta`, `icono`, `idmenu`) VALUES
(18, 'Registro Funcionario Público', 'registrarUsuario', 'user-plus', 20),
(19, 'Gestionar Permisos', 'gestionPermisos', 'user-plus', 20),
(20, 'Registrar Extranjero', 'registrarExtranjero', 'user-pus', 21),
(21, 'Ingresar certificado de cuenta', 'certificadoCuenta', 'user-plus', 21);

-- --------------------------------------------------------

--
-- Estructura de tabla para la tabla `listacertificados`
--

CREATE TABLE `listacertificados` (
  `idlistaCertificados` int(11) NOT NULL,
  `descripcion` varchar(450) DEFAULT NULL,
  `certificado_cod` varchar(45) DEFAULT NULL
) ENGINE=InnoDB DEFAULT CHARSET=latin1;

--
-- Volcado de datos para la tabla `listacertificados`
--

INSERT INTO `listacertificados` (`idlistaCertificados`, `descripcion`, `certificado_cod`) VALUES
(1, 'No Deudor', 'ND'),
(2, 'Avalúo', 'A'),
(3, 'Medio ambiente', 'MA'),
(4, 'Ocupación de Espacios Públicos', 'OEP');

-- --------------------------------------------------------

--
-- Estructura de tabla para la tabla `menu`
--

CREATE TABLE `menu` (
  `idmenu` int(11) NOT NULL,
  `nombremenu` varchar(450) DEFAULT NULL,
  `icono` varchar(45) DEFAULT NULL
) ENGINE=InnoDB DEFAULT CHARSET=latin1;

--
-- Volcado de datos para la tabla `menu`
--

INSERT INTO `menu` (`idmenu`, `nombremenu`, `icono`) VALUES
(20, 'Administrador', 'user'),
(21, 'Gestión de Cuentas', 'edit');

-- --------------------------------------------------------

--
-- Estructura de tabla para la tabla `migrations`
--

CREATE TABLE `migrations` (
  `id` int(10) UNSIGNED NOT NULL,
  `migration` varchar(255) COLLATE utf8mb4_unicode_ci NOT NULL,
  `batch` int(11) NOT NULL
) ENGINE=InnoDB DEFAULT CHARSET=utf8mb4 COLLATE=utf8mb4_unicode_ci;

-- --------------------------------------------------------

--
-- Estructura de tabla para la tabla `opciones`
--

CREATE TABLE `opciones` (
  `idopciones` int(11) NOT NULL,
  `hora_token` timestamp NULL DEFAULT NULL
) ENGINE=InnoDB DEFAULT CHARSET=latin1;

-- --------------------------------------------------------

--
-- Estructura de tabla para la tabla `pago`
--

CREATE TABLE `pago` (
  `idpago` int(11) NOT NULL,
  `fechaPago` datetime DEFAULT NULL,
  `usuarioId` int(11) DEFAULT NULL,
  `ip` varchar(45) DEFAULT NULL,
  `processUrl` varchar(500) DEFAULT NULL,
  `requestId` varchar(500) DEFAULT NULL,
  `estado` varchar(1) DEFAULT NULL
) ENGINE=InnoDB DEFAULT CHARSET=latin1;

--
-- Volcado de datos para la tabla `pago`
--

INSERT INTO `pago` (`idpago`, `fechaPago`, `usuarioId`, `ip`, `processUrl`, `requestId`, `estado`) VALUES
(29, NULL, 189, '172.0.0.1', NULL, NULL, 'P'),
(30, NULL, 189, '172.0.0.1', NULL, NULL, 'P'),
(31, NULL, 189, '172.0.0.1', NULL, NULL, 'P'),
(32, NULL, 189, '172.0.0.1', NULL, NULL, 'P'),
(33, NULL, 189, '172.0.0.1', NULL, NULL, 'P'),
(34, NULL, 189, '172.0.0.1', NULL, NULL, 'P'),
(35, NULL, 189, '172.0.0.1', NULL, NULL, 'P'),
(36, NULL, 189, '172.0.0.1', NULL, NULL, 'P'),
(37, NULL, 189, '172.0.0.1', NULL, NULL, 'P'),
(38, NULL, 189, '172.0.0.1', NULL, NULL, 'P'),
(39, NULL, 189, '172.0.0.1', NULL, NULL, 'P'),
(40, NULL, 189, '172.0.0.1', NULL, NULL, 'P'),
(41, NULL, 189, '172.0.0.1', NULL, NULL, 'P'),
(42, NULL, 189, '172.0.0.1', NULL, NULL, 'P'),
(43, NULL, 189, '172.0.0.1', NULL, NULL, 'P'),
(44, NULL, 189, '172.0.0.1', NULL, NULL, 'P'),
(45, NULL, 189, '172.0.0.1', NULL, NULL, 'P'),
(46, NULL, 189, '172.0.0.1', NULL, NULL, 'P'),
(47, NULL, 189, '172.0.0.1', NULL, NULL, 'P'),
(48, NULL, 189, '172.0.0.1', NULL, NULL, 'P'),
(49, NULL, 189, '172.0.0.1', NULL, NULL, 'P'),
(50, NULL, 189, '172.0.0.1', NULL, NULL, 'P'),
(51, NULL, 189, '172.0.0.1', NULL, NULL, 'P'),
(52, NULL, 189, '172.0.0.1', NULL, NULL, 'P'),
(53, NULL, 189, '172.0.0.1', NULL, NULL, 'P'),
(54, NULL, 189, '172.0.0.1', NULL, NULL, 'P'),
(55, NULL, 189, '172.0.0.1', 'https://test.placetopay.ec/redirection/session/97107/497e6ea4b5a01f533461e007d233a73a', '97107', 'P'),
(56, NULL, 189, '172.0.0.1', 'https://test.placetopay.ec/redirection/session/97109/d52697383e32a71f3992b9e114bb9770', '97109', 'P'),
(57, NULL, 189, '172.0.0.1', 'https://test.placetopay.ec/redirection/session/97110/e3cb670f45d44068e5d1451177a4cb27', '97110', 'P'),
(58, NULL, 189, '172.0.0.1', 'https://test.placetopay.ec/redirection/session/97128/b8f50fd573b6124f2fcd3df31b841e7c', '97128', 'P'),
(59, NULL, 189, '172.0.0.1', 'https://test.placetopay.ec/redirection/session/97141/e73c5f8409552713ada184730ea1c38f', '97141', 'P'),
(60, NULL, 189, '172.0.0.1', 'https://test.placetopay.ec/redirection/session/97143/54e581750714937027a242dbf178e4b8', '97143', 'P'),
(61, NULL, 189, '172.0.0.1', 'https://test.placetopay.ec/redirection/session/97151/48f8c4726a9af0304e9fda00fc21d543', '97151', 'P'),
(62, NULL, 189, '172.0.0.1', 'https://test.placetopay.ec/redirection/session/97157/ccafcc9304bc64e9cfb3fea86eec5e73', '97157', 'P'),
(63, NULL, 189, '172.0.0.1', 'https://test.placetopay.ec/redirection/session/97158/17566977bd8727254fdc5450d643b855', '97158', 'P'),
(64, NULL, 189, '172.0.0.1', 'https://test.placetopay.ec/redirection/session/97159/dd77eb316b0a4f2a9a0effa422117775', '97159', 'P'),
(65, NULL, 189, '172.0.0.1', 'https://test.placetopay.ec/redirection/session/97161/8f2b0e1da41296c8a756f59c93ec3822', '97161', 'P'),
(66, NULL, 189, '172.0.0.1', 'https://test.placetopay.ec/redirection/session/97165/791f3f993e3e25ad7c5c1883e1ec9259', '97165', 'P'),
(67, NULL, 189, '172.0.0.1', 'https://test.placetopay.ec/redirection/session/97170/c39b7aea91b1ac8850449ae3c5e1768f', '97170', 'P'),
(68, NULL, 189, '172.0.0.1', 'https://test.placetopay.ec/redirection/session/97172/296c080010633f079ddab87d7ffb01e7', '97172', 'P'),
(69, NULL, 189, '172.0.0.1', 'https://test.placetopay.ec/redirection/session/97173/5dcc83bf1057dea67d33f287328c9116', '97173', 'P'),
(70, NULL, 189, '172.0.0.1', 'https://test.placetopay.ec/redirection/session/97174/5ad0ff3bcdd2f63d973d966e5cfb8dba', '97174', 'P'),
(71, NULL, 189, '172.0.0.1', 'https://test.placetopay.ec/redirection/session/97175/8df9e68caa02700348e4993680f8f978', '97175', 'P'),
(72, NULL, 189, '172.0.0.1', 'https://test.placetopay.ec/redirection/session/97189/d9db846377609f94fa6c9859a2689f17', '97189', 'P'),
(73, NULL, 189, '172.0.0.1', 'https://test.placetopay.ec/redirection/session/97190/381dc65bae673aa98003675609939eb4', '97190', 'P'),
(74, NULL, 189, '172.0.0.1', 'https://test.placetopay.ec/redirection/session/97191/e641a18bf32e899aa12501326d03a3c4', '97191', 'P'),
(75, NULL, 189, '172.0.0.1', 'https://test.placetopay.ec/redirection/session/97195/8e6cc5c77e4112a9f5f586d76bba4c09', '97195', 'P'),
(76, NULL, 189, '172.0.0.1', 'https://test.placetopay.ec/redirection/session/97196/96f3468a91f565114124884d5c754b91', '97196', 'P'),
(77, NULL, 189, '172.0.0.1', 'https://test.placetopay.ec/redirection/session/97198/3bb1299668aa76717d76677856169814', '97198', 'P'),
(78, NULL, 189, '172.0.0.1', 'https://test.placetopay.ec/redirection/session/97210/b5226e939a4688d3407a7fd5546442ed', '97210', 'P'),
(79, NULL, 189, '172.0.0.1', 'https://test.placetopay.ec/redirection/session/97212/4324287d62d3048c1a188ea1d7cb4381', '97212', 'P'),
(80, NULL, 189, '172.0.0.1', 'https://test.placetopay.ec/redirection/session/97216/1131aef9e81c23ae0f6ca592fcceb68a', '97216', 'P'),
(81, NULL, 189, '172.0.0.1', 'https://test.placetopay.ec/redirection/session/97220/214e1ec536cde6df8d127a288aaf33b8', '97220', 'P'),
(82, NULL, 189, '172.0.0.1', 'https://test.placetopay.ec/redirection/session/97221/245dcec738f935b0a89a92b129cdef78', '97221', 'P'),
(83, NULL, 189, '172.0.0.1', 'https://test.placetopay.ec/redirection/session/97223/19a47dae488d19e3955859ec352cbbd4', '97223', 'P'),
(84, NULL, 189, '172.0.0.1', 'https://test.placetopay.ec/redirection/session/97226/25ed760cf838f22d5e44d94eeaa891d9', '97226', 'P');

-- --------------------------------------------------------

--
-- Estructura de tabla para la tabla `password_resets`
--

CREATE TABLE `password_resets` (
  `idpassreset` int(11) NOT NULL,
  `token` varchar(800) NOT NULL,
  `email` varchar(250) NOT NULL,
  `idus001` int(11) DEFAULT NULL,
  `updated_at` timestamp NULL DEFAULT NULL,
  `created_at` timestamp NULL DEFAULT NULL
) ENGINE=InnoDB DEFAULT CHARSET=latin1;

--
-- Volcado de datos para la tabla `password_resets`
--

INSERT INTO `password_resets` (`idpassreset`, `token`, `email`, `idus001`, `updated_at`, `created_at`) VALUES
(72, 'MTM0MjAxOS0wNC0zMCAyMzo0MzoyMw==', 'leonardosabando@gmail.com', 134, '2019-05-01 04:43:23', '2019-05-01 04:43:23');

-- --------------------------------------------------------

--
-- Estructura de tabla para la tabla `requisitos`
--

CREATE TABLE `requisitos` (
  `idrequisitos` int(11) NOT NULL,
  `descripcion` varchar(445) DEFAULT NULL
) ENGINE=InnoDB DEFAULT CHARSET=latin1;

--
-- Volcado de datos para la tabla `requisitos`
--

INSERT INTO `requisitos` (`idrequisitos`, `descripcion`) VALUES
(1, 'Agua Potable'),
(2, 'Tasas Municipales'),
(3, 'No deber a jeniffer'),
(4, 'dd'),
(5, 'Especie Única Valorada'),
(6, 'Darle de comer al perro'),
(7, 'Línea de fábrica actualizada'),
(11, 'Estar al día en todos los predios'),
(12, 'Especie única de acuerdo al registro de propiedad'),
(13, 'Estar al día en todos los predios'),
(14, 'Plano de Levantamiento'),
(15, 'Costo Certificado');

-- --------------------------------------------------------

--
-- Estructura de tabla para la tabla `tipofp`
--

CREATE TABLE `tipofp` (
  `idtipoFP` int(11) NOT NULL,
  `descripcion` varchar(450) DEFAULT NULL
) ENGINE=InnoDB DEFAULT CHARSET=latin1;

--
-- Volcado de datos para la tabla `tipofp`
--

INSERT INTO `tipofp` (`idtipoFP`, `descripcion`) VALUES
(15, 'Planificación'),
(16, 'Recepcionista'),
(17, 'Avaluos'),
(18, 'Rentas'),
(19, 'Mendio Ambiente'),
(20, 'Cuerpo de Bomberos'),
(21, 'Tecnología de la Información');

-- --------------------------------------------------------

--
-- Estructura de tabla para la tabla `tipofp_gestion`
--

CREATE TABLE `tipofp_gestion` (
  `idtipoFP_gestion` int(11) NOT NULL,
  `idtipoFP` int(11) DEFAULT NULL,
  `idgestion` int(11) DEFAULT NULL
) ENGINE=InnoDB DEFAULT CHARSET=latin1;

--
-- Volcado de datos para la tabla `tipofp_gestion`
--

INSERT INTO `tipofp_gestion` (`idtipoFP_gestion`, `idtipoFP`, `idgestion`) VALUES
(19, 21, 18),
(20, 21, 19);

-- --------------------------------------------------------

--
-- Estructura de tabla para la tabla `tipousuario`
--

CREATE TABLE `tipousuario` (
  `idtipoUsuario` int(11) NOT NULL,
  `tipo` varchar(45) DEFAULT NULL,
  `descripcion` varchar(250) DEFAULT NULL
) ENGINE=InnoDB DEFAULT CHARSET=latin1;

--
-- Volcado de datos para la tabla `tipousuario`
--

INSERT INTO `tipousuario` (`idtipoUsuario`, `tipo`, `descripcion`) VALUES
(1, 'FP', 'Funcionario Público'),
(2, 'C', 'Contribuyente'),
(3, 'ADFP', 'Administrador');

-- --------------------------------------------------------

--
-- Estructura de tabla para la tabla `us001`
--

CREATE TABLE `us001` (
  `idus001` int(11) NOT NULL,
  `ciu` varchar(75) DEFAULT NULL,
  `name` varchar(255) DEFAULT NULL,
  `cedula` varchar(45) DEFAULT NULL,
  `sexo` varchar(45) DEFAULT NULL,
  `direccion` varchar(450) DEFAULT NULL,
  `email` varchar(255) DEFAULT NULL,
  `celular` varchar(10) DEFAULT NULL,
  `telefono` varchar(45) DEFAULT NULL,
  `tipo` varchar(45) DEFAULT NULL,
  `tipopersona` varchar(45) DEFAULT NULL,
  `idtipoFP` int(11) DEFAULT NULL,
  `password` varchar(255) NOT NULL,
  `remember_token` varchar(100) DEFAULT NULL,
  `created_at` timestamp NULL DEFAULT NULL,
  `updated_at` timestamp NULL DEFAULT NULL,
  `verified` tinyint(4) DEFAULT NULL,
  `email_token` varchar(245) DEFAULT NULL
) ENGINE=InnoDB DEFAULT CHARSET=latin1;

--
-- Volcado de datos para la tabla `us001`
--

INSERT INTO `us001` (`idus001`, `ciu`, `name`, `cedula`, `sexo`, `direccion`, `email`, `celular`, `telefono`, `tipo`, `tipopersona`, `idtipoFP`, `password`, `remember_token`, `created_at`, `updated_at`, `verified`, `email_token`) VALUES
(2, NULL, 'Holger Vidal', '1315139483', 'Masculino', 'mocoral', 'holgervidal91@gmail.com', NULL, NULL, 'C', 'Natural', 21, '$2y$10$4M0rviEGkmjZEh8slblpE.mc5I8O8iHCVdTl2jcfVwcDlLJxPjUgy', '0u6LlXlMpDAvZPuTDCnYggZaIMNTcaKyFkapdAEoEetzUdOuzidLbUNCxIlz', '2019-05-02 16:31:35', '2019-05-23 20:09:06', NULL, 'aG9sZ2VydmlkYWw5MUBnbWFpbC5jb20='),
(54, NULL, 'José Leonardo Sabando Valencia', '1303348252001', NULL, 'Calceta', 'leonarabando03@hotmail.com', '000000000', '0979932503', 'R', 'Juridica', NULL, '$2y$10$MOzyhU5BS9mTEvWLY75wge00CxKO3BpVFyTPqEnJP0ILpbFQEmfpq', NULL, '2019-04-23 00:34:12', '2019-04-23 00:34:12', NULL, NULL),
(55, '2765', 'ALAVA ZAMBRANO SCHERYL GEMITA', '1312056557', 'N', 'AV. AMAZONAS', NULL, '0996182301', '052361365', 'C', NULL, NULL, '$2y$10$fz1objUTAB3GA4CWxhviiezL9ePE5YjxotOUWELAWgfMSylI0stJW', NULL, '2019-04-23 19:03:28', '2019-04-29 21:14:14', NULL, NULL),
(86, '122', 'LOOR ANDRADE MIGUEL ALFONSO', '1310948201', 'Masculino', 'TESORERIA', NULL, '0996182301', NULL, 'C', NULL, NULL, '$2y$10$3em4zbPmosCUPMGxUKd1AOWZOlKD1nN8C.RxO3DLzEp1kVGzii54K', NULL, '2019-04-26 22:24:30', '2019-04-29 21:16:09', 1, NULL),
(92, '116', 'VELEZ ZAMBRANO LAURA INES', '1304193020', 'F', 'CHONE, CALLE MERCEDES Y MALECON', NULL, '099234567', '2697507', 'C', NULL, NULL, '$2y$10$cj7UP0vGfgVpqujIdzgjje8HnWzct93XWmcZVCBJ7hHVIfvdt.eEu', NULL, '2019-04-29 21:12:35', '2019-04-29 21:12:35', NULL, NULL),
(131, NULL, 'MARIA BELEN  CEDEÑO VARGAS', '1310787344', 'Femenino', 'Ecuador, Manabi', 'belencita_cv@hotmail.es', '0982978193', NULL, 'C', 'Natural', NULL, '$2y$10$XbhfXwt6MeuPZ4tpCq5V7OUa3Djj5u89t4YLMh8llDvZ4hSmRMiVS', 'ehc3Q3ftKZ1BSS866p6fTii1X3DPUaeMkJY3qDJWgU0BILEhu9uuYPCfF0o1', '2019-05-01 04:06:02', '2019-05-01 04:18:04', 1, 'YmVsZW5jaXRhX2N2QGhvdG1haWwuZXM='),
(152, '125', 'VILLAMIL INTRIAGO TITO EDUARDO', '1309639365', 'M', 'ASESORIA JURIDICACOACTIVA', NULL, '34534543', '2696889', 'C', NULL, NULL, '$2y$10$y3th8X6wICWvIGGOeMvNWe6dt5KimLeWt5ypTQxZTyDeXHqhY1ZPe', NULL, '2019-05-02 17:36:52', '2019-05-02 17:36:52', NULL, NULL),
(153, '126', 'ESPAÑA CASTRO NORMA AIDE', '1301844260', 'M', 'ASESORIA JURIDICACOACTIVA', NULL, '5675675675', '052697558', 'C', NULL, NULL, '$2y$10$l5kiDrwcYDYcqHsyI8sLoe5ZtLNReG3Laj7wqaoCuqzrCGICh.Ca.', NULL, '2019-05-02 17:37:24', '2019-05-02 17:37:24', NULL, NULL),
(157, '133', 'ALCIVAR LUCAS NELSON ARNULFO', '1302506827', 'S', 'LOT. JARDINES DEL  INCA', NULL, '099483729', NULL, NULL, NULL, NULL, '$2y$10$8lgM40Vk/db98C4tDwQQXOWmQETpTRw8tpb/A4VwI00/R0HQehprO', NULL, '2019-05-02 18:55:26', '2019-05-02 18:55:26', NULL, NULL),
(158, '9122', 'CEDEÑO MURILLO ISMELDA JANETH', '1307166452', 'S', 'CALLE ATAHUALPA Y EMILIO HIDALGO', NULL, '099283742', NULL, NULL, NULL, NULL, '$2y$10$VTkkhDxLeNJW5B.vFzDZZ.VD6NMAiEzL4qpSy0MnvHjK.7Qe.fRmy', NULL, '2019-05-02 18:57:12', '2019-05-02 18:57:12', NULL, NULL),
(159, '65003', 'MOREIRA CEDEÑO PAOLA ESTELVINA', '1307540920', 'S', '.', NULL, '1234567890', NULL, NULL, NULL, NULL, '$2y$10$fbOyD2IVI7gobe9xIItPfuNU8dmDHyZZJT.mvoS1NSOOKcffTQr4e', NULL, '2019-05-02 18:58:48', '2019-05-02 18:58:48', NULL, NULL),
(160, '65007', 'MOREIRA CEDEÑO YURIS E', '-1', 'S', '.', NULL, '0996182301', NULL, NULL, NULL, NULL, '$2y$10$9Ro5u/8sCt59OMOKO9ztm.UyLbzn5nYrWZQJGwChcpLAIVps8tnpe', NULL, '2019-05-02 19:00:51', '2019-05-02 19:00:51', NULL, NULL),
(161, '65035', 'MOREIRA MERO AQUILINO ANTONIO', '1300014436', 'S', '.', NULL, '0996182301', NULL, NULL, NULL, NULL, '$2y$10$MsxJtTyGxmUPWE.ae1rP8OaWPqlMh88IgYo.YmxLo0ZduTbd.AsXe', NULL, '2019-05-02 19:04:36', '2019-05-02 19:04:36', NULL, NULL),
(165, '139', 'FUENTES MOREIRA ESPERANZA MARISOL', '1305496547', 'F', 'RENTASRENTAS', NULL, '099348484', '091924074', 'C', NULL, NULL, '$2y$10$TNRtr/r/oktlTxux50Ktdu3yAZs.Ac0eAcz/UbIcTDrYwIs2af5GC', NULL, '2019-05-02 19:17:08', '2019-05-02 19:17:08', NULL, NULL),
(178, '0', 'ACOSTA ALCIVAR YENNY PATRICIA', '1307101293', 'Masculino', 'CHONE', 'o@gmail.com', NULL, NULL, 'C', 'Natural', NULL, '$2y$10$mQ92SjIdFPSWzYM.oW83ye6u6BPbK5oqMCgQNkRX/dr3vTFIURjKa', 'NugC01s5Aoom7o4VM5BJ9x9nqpNfZRzOYlAZFN8pBPAm4A2xLVqVSffydb4v', '2019-05-08 21:19:04', '2019-05-13 19:34:34', 1, 'b0BnbWFpbC5jb20='),
(180, '69250', 'ARTEAGA PAZ LEONARDO GEOVANNY', '1309597704', 'Masculino', 'CALLE 7 DE AGOSTO.', 'leonardoarteagapaz@gmail.com', '0981650614', NULL, 'C', 'Natural', NULL, '$2y$10$l3mpVf2qIOBrNTEWrCExj.JyRRkF1yovMVoVPWd1B2pDAgRdrUJuC', '3KhIenIv0zgsiyoqC8SxdTA7PFrF8Crb5kLpQ8m1cBZFmvQhlfIz817UA5fZ', '2019-05-13 19:26:10', '2019-05-13 19:29:10', 1, 'bGVvbmFyZG9hcnRlYWdhcGF6QGdtYWlsLmNvbQ=='),
(181, '1254', 'MENDOZA ARGUELLO LAURA LISBETH', '1313135319', 'F', NULL, NULL, '0992095983', NULL, 'C', NULL, NULL, '$2y$10$YUmwNQLwR.NqFICOS1/0TOnKDH7Aqq/yPvPYfmoAp2FA1U52jN/DC', NULL, '2019-05-13 19:43:20', '2019-05-13 19:43:20', NULL, NULL),
(182, '101748', 'ACOSTA ALCIVAR YENNY PATRICIA', '1307101293', 'N', 'CHONE', NULL, '099545865', NULL, NULL, NULL, NULL, '$2y$10$S/Nn9GYQPQzGtisXfXZcLeVLZwiotk89qJAV7ooF7RTSCOT/1eH.C', NULL, '2019-05-13 19:45:30', '2019-05-13 19:45:30', NULL, NULL),
(183, '1170', 'DAVILA NAPOLEON', '-1', 'S', '.', NULL, '1231231212', NULL, NULL, NULL, NULL, '$2y$10$1r7vSsVIgoXnjYNziqh8J.fVs.qMXzfoTD4GveyE1c40glyCNigOS', NULL, '2019-05-13 20:06:35', '2019-05-13 20:06:35', NULL, NULL),
(184, '25', 'BRAVO SANTANDER MARIA ELIZABETH', '1305233494', 'F', 'ARCHIVO GENERALARCHIVO', NULL, '123554897', '052696550-094110229', 'C', NULL, NULL, '$2y$10$cvxo2MTx6T9UQtg8wXKoR.gtfwsfXHyngGvvTWu3HAcS2YoeMngrK', 'ieU2C6kmmVboYHVID0Ehozoj6SeZkKSMbfigVsxX3KCOpBvEGL1pyhOIGH7D', '2019-05-13 20:09:55', '2019-05-13 20:09:55', 1, NULL),
(187, '111965', 'MERA ANDRADE RUBEN DARIO', '1312946385', 'S', 'CHONE', NULL, '099456879', NULL, NULL, NULL, NULL, '$2y$10$PWSiGGGYLPApHdCjLHdc0uWD29St4AU8IGQznE3zANt/bW7mkwYny', NULL, '2019-05-20 15:09:27', '2019-05-20 15:09:27', NULL, NULL),
(189, '93095', 'ALCIVAR SANTANDER ADRIAN HERACLITO', '1312499625', 'Masculino', 'CHONE', 'ADRIANALCIVAR91@GMAIL.COM', '0991037242', '052696650', 'C', 'Natural', NULL, '$2y$10$uCMDJwxUFXX0ItKPrtwchOWsj/6DUoLWsNvfYG7SaiB.0onNuMrCK', 'kC0uiZUkTeGNqXxUlBg9u2RGw9KyJ5p3CEH1YtQy3iJ1TH7KBxKTacBBmYhm', '2019-05-20 19:56:46', '2019-05-20 19:57:19', 1, 'QURSSUFOQUxDSVZBUjkxQEdNQUlMLkNPTQ=='),
(190, NULL, 'Leonardo Sabando', '1315221562', 'Masculino', 'Calceta', 'leonardosabando@gmail.com', '000000000', NULL, 'C', 'Natural', NULL, '$2y$10$Fj5ZlQZqxznHcyCGoFMhkeF3qSqdIl3zRL3aNylp9y1VrO4RJ8xqi', 'QGMSiyOEdwRPfC6EOEqEYaXZOz9kWbe5M7I6wcBMhdJ8FTNNbBCRPajfLlaD', '2019-05-21 04:41:29', '2019-05-21 04:41:29', 1, 'bGVvbmFyZG9zYWJhbmRvQGdtYWlsLmNvbQ=='),
(191, NULL, 'Jeniffer Alcivar', '1313672311', 'Femenino', 'Calceta', 'jenifferal2397@hotmail.com', '0982119588', NULL, 'R', 'Natural', NULL, '$2y$10$bVzM6eFqawGKGPf4jq26vO47yapeO7NrnwfzbEtQVBk2hLOAk5TSy', 'm9fIkPoGcNDcM0YrlVCkgP92iucgzhrjpZqFsHtl8uuMtxVNaruNnhhaIINd', '2019-05-21 16:38:47', '2019-05-21 16:39:29', 1, 'amVuaWZmZXJhbDIzOTdAaG90bWFpbC5jb20='),
(193, '54101', 'Rouss', '1313707158', 'Masculino', 'tacheve', 'cazz13137@gmail.com', '0000000000', '3333', 'C', 'Natural', NULL, '$2y$10$XAvWkyLnR5FvfYMtsQr/B.bPdEjBmlNvRibdMjDKXRY9fSWX1g8xK', '7CrZUys7fvKmFOcPr9aJKAri98ZT6E9B6KsS8WLTHcPeUoE4FFXRMGLuuj22', '2019-05-21 21:33:50', '2019-05-21 21:42:34', 1, 'Y2F6ejEzMTM3QGdtYWlsLmNvbQ=='),
(194, '2323', 'COOPERATIVA DE PRODUCCION AGROPECUARIA FRANCISCO ELOY VE', '1391750234001', NULL, 'BOYACA', 'leonardosabando5@gmail.com', NULL, NULL, 'R', 'Juridica', NULL, '$2y$10$yzwXaA69.En7kx7j.wIPMO9npRChv3EAOwJi05n7qAdatfchXNTRa', 'i0EqLUnHTP9pOHQSqe2hp9iObFeMwxzdsBCMMy0mJ07dRwWU7I8fvAGomMGh', '2019-05-23 20:23:15', '2019-05-23 20:23:15', 1, 'bGVvbmFyZG9zYWJhbmRvNUBnbWFpbC5jb20=');

-- --------------------------------------------------------

--
-- Estructura de tabla para la tabla `us001_certirequisito`
--

CREATE TABLE `us001_certirequisito` (
  `idus001_CertiRequisito` int(11) NOT NULL,
  `idcertificados_requisitos` int(11) DEFAULT NULL,
  `estado` varchar(45) DEFAULT NULL,
  `observacion` varchar(450) DEFAULT NULL,
  `idus001` int(11) DEFAULT NULL
) ENGINE=InnoDB DEFAULT CHARSET=latin1;

--
-- Volcado de datos para la tabla `us001_certirequisito`
--

INSERT INTO `us001_certirequisito` (`idus001_CertiRequisito`, `idcertificados_requisitos`, `estado`, `observacion`, `idus001`) VALUES
(1, 1, NULL, NULL, 190),
(2, 2, NULL, NULL, 190),
(4, 11, NULL, NULL, 190),
(5, 1, 'R', NULL, 194),
(6, 2, NULL, NULL, 194),
(7, 11, NULL, NULL, 194),
(8, 7, 'R', 'en tramite', 193),
(9, 8, 'R', 'en revision', 193),
(10, 9, 'R', 'en tramite', 193);

-- --------------------------------------------------------

--
-- Estructura de tabla para la tabla `us001_tipousuario`
--

CREATE TABLE `us001_tipousuario` (
  `idus001_tipoUsuario` int(11) NOT NULL,
  `idus001` int(11) DEFAULT NULL,
  `idtipoUsuario` int(11) DEFAULT NULL,
  `iddocumento` int(11) DEFAULT NULL,
  `fecha` datetime DEFAULT NULL,
  `idus001Validador` int(11) DEFAULT NULL,
  `estado` varchar(5) DEFAULT NULL
) ENGINE=InnoDB DEFAULT CHARSET=latin1;

--
-- Volcado de datos para la tabla `us001_tipousuario`
--

INSERT INTO `us001_tipousuario` (`idus001_tipoUsuario`, `idus001`, `idtipoUsuario`, `iddocumento`, `fecha`, `idus001Validador`, `estado`) VALUES
(1, 1, 2, 37, '2019-04-29 10:52:04', 2, '1'),
(2, 2, 3, 34, '2019-04-26 03:19:23', 2, '1'),
(3, 11, 2, NULL, NULL, NULL, NULL),
(4, 12, 2, NULL, NULL, NULL, NULL),
(10, 2, 1, 34, '2019-04-26 03:19:23', 2, '1'),
(14, 4, 3, NULL, NULL, NULL, NULL),
(15, 16, 2, NULL, NULL, NULL, '0'),
(16, 17, 2, NULL, NULL, NULL, '0'),
(17, 18, 2, NULL, NULL, NULL, '0'),
(18, 19, 2, NULL, NULL, NULL, '0'),
(19, 20, 2, NULL, NULL, NULL, '0'),
(20, 21, 1, NULL, NULL, NULL, ''),
(21, 22, 1, NULL, NULL, NULL, '0'),
(22, 22, 2, NULL, NULL, NULL, '0'),
(28, 23, 2, NULL, '2019-04-26 05:06:22', NULL, '1'),
(29, 24, 2, 38, '2019-04-29 10:57:59', 2, '1'),
(30, 25, 2, NULL, NULL, NULL, '0'),
(31, 26, 2, NULL, NULL, NULL, '0'),
(32, 27, 2, NULL, NULL, NULL, '0'),
(33, 28, 2, NULL, NULL, NULL, '0'),
(34, 29, 2, NULL, NULL, NULL, '0'),
(35, 30, 2, NULL, NULL, NULL, '0'),
(36, 31, 2, NULL, NULL, NULL, '0'),
(37, 32, 2, NULL, NULL, NULL, '0'),
(38, 33, 2, NULL, NULL, NULL, '0'),
(39, 34, 2, NULL, NULL, NULL, '0'),
(40, 35, 2, NULL, NULL, NULL, '0'),
(41, 36, 2, NULL, NULL, NULL, '0'),
(42, 37, 2, NULL, NULL, NULL, '0'),
(43, 38, 2, NULL, NULL, NULL, '0'),
(44, 39, 2, NULL, NULL, NULL, '0'),
(45, 40, 2, NULL, NULL, NULL, '0'),
(46, 41, 2, NULL, NULL, NULL, '0'),
(47, 42, 2, NULL, NULL, NULL, '0'),
(48, 43, 2, NULL, NULL, NULL, '0'),
(49, 44, 2, NULL, NULL, NULL, '0'),
(50, 45, 2, NULL, NULL, NULL, '0'),
(52, 46, 2, NULL, NULL, NULL, '0'),
(53, 47, 2, NULL, NULL, NULL, '0'),
(54, 48, 2, NULL, NULL, NULL, '0'),
(55, 49, 2, NULL, NULL, NULL, '0'),
(56, 50, 2, 39, '2019-04-29 10:58:07', 2, '1'),
(60, 52, 2, NULL, NULL, NULL, '1'),
(61, 52, 1, NULL, NULL, NULL, '1'),
(62, 53, 2, NULL, NULL, NULL, '0'),
(63, 54, 2, NULL, NULL, NULL, '0'),
(64, 55, 1, 40, '2019-04-29 11:14:14', 2, '1'),
(65, 55, 2, 40, '2019-04-29 11:14:14', 2, '1'),
(66, 56, 2, NULL, NULL, NULL, '0'),
(67, 57, 2, NULL, NULL, NULL, '0'),
(68, 58, 2, NULL, NULL, NULL, '0'),
(69, 59, 2, NULL, NULL, NULL, '0'),
(70, 60, 2, NULL, NULL, NULL, '0'),
(71, 61, 2, NULL, NULL, NULL, '0'),
(72, 62, 2, NULL, NULL, NULL, '0'),
(73, 63, 2, NULL, NULL, NULL, '0'),
(74, 64, 2, NULL, NULL, NULL, '0'),
(75, 65, 2, NULL, NULL, NULL, '0'),
(76, 66, 2, NULL, NULL, NULL, '0'),
(77, 67, 2, NULL, NULL, NULL, '0'),
(78, 68, 2, NULL, NULL, NULL, '0'),
(79, 69, 2, NULL, NULL, NULL, '0'),
(80, 70, 2, NULL, NULL, NULL, '0'),
(81, 71, 2, NULL, NULL, NULL, '0'),
(82, 72, 2, NULL, NULL, NULL, '0'),
(83, 73, 2, NULL, NULL, NULL, '1'),
(84, 74, 2, NULL, NULL, NULL, '1'),
(85, NULL, NULL, NULL, NULL, NULL, NULL),
(86, 75, 2, NULL, NULL, NULL, '0'),
(87, 76, 2, NULL, NULL, NULL, '1'),
(88, 77, 2, NULL, NULL, NULL, '0'),
(89, 78, 2, NULL, NULL, NULL, '0'),
(90, 79, 2, 42, '2019-04-29 11:22:40', 2, '1'),
(91, NULL, NULL, NULL, NULL, NULL, NULL),
(92, 80, 2, NULL, NULL, NULL, '1'),
(93, 81, 2, NULL, NULL, NULL, '0'),
(94, 82, 2, NULL, NULL, NULL, '0'),
(95, 83, 2, 35, '2019-04-26 03:19:43', 2, '1'),
(96, 84, 2, NULL, '2019-04-26 03:08:34', 2, '1'),
(97, 85, 1, NULL, NULL, NULL, NULL),
(98, 85, 2, NULL, NULL, NULL, NULL),
(99, 86, 1, 41, '2019-04-29 11:16:09', 2, '1'),
(100, 86, 2, 41, '2019-04-29 11:16:09', 2, '1'),
(101, 10, 1, 36, '2019-04-26 03:24:45', 2, '1'),
(102, 87, 2, NULL, NULL, NULL, '1'),
(103, 88, 2, NULL, NULL, NULL, '0'),
(104, 89, 2, NULL, NULL, NULL, '0'),
(105, 90, 2, NULL, NULL, NULL, '0'),
(106, 91, 2, NULL, NULL, NULL, '0'),
(107, 92, 1, 46, '2019-05-02 02:13:22', 2, '1'),
(108, 92, 2, 46, '2019-05-02 02:13:22', 2, '1'),
(109, 93, 2, NULL, NULL, NULL, '0'),
(110, 94, 2, NULL, NULL, NULL, '0'),
(111, 95, 2, NULL, NULL, NULL, '0'),
(112, 96, 2, NULL, NULL, NULL, '0'),
(113, 97, 2, NULL, NULL, NULL, '0'),
(114, 98, 2, NULL, NULL, NULL, '0'),
(115, 99, 2, NULL, NULL, NULL, '0'),
(116, 100, 2, NULL, NULL, NULL, '0'),
(117, 101, 2, NULL, NULL, NULL, '0'),
(118, 102, 2, NULL, NULL, NULL, '0'),
(119, 103, 2, NULL, NULL, NULL, '0'),
(120, 104, 2, NULL, NULL, NULL, '0'),
(121, 105, 2, NULL, NULL, NULL, '0'),
(122, 106, 2, NULL, NULL, NULL, '0'),
(123, 107, 2, NULL, NULL, NULL, '0'),
(124, 108, 2, NULL, NULL, NULL, '0'),
(125, 109, 2, NULL, NULL, NULL, '0'),
(126, 110, 2, NULL, NULL, NULL, '0'),
(127, 111, 2, NULL, NULL, NULL, '0'),
(128, 112, 2, NULL, NULL, NULL, '0'),
(129, 113, 2, NULL, NULL, NULL, '0'),
(130, 114, 2, NULL, NULL, NULL, '0'),
(131, 115, 2, NULL, NULL, NULL, '0'),
(132, 116, 2, NULL, NULL, NULL, '0'),
(133, 117, 2, NULL, NULL, NULL, '0'),
(134, 118, 2, NULL, NULL, NULL, '0'),
(135, 119, 2, NULL, NULL, NULL, '0'),
(136, 120, 2, NULL, NULL, NULL, '0'),
(137, 121, 1, NULL, NULL, NULL, NULL),
(138, 121, 2, NULL, NULL, NULL, NULL),
(139, 122, 2, NULL, NULL, NULL, '0'),
(140, 123, 2, NULL, NULL, NULL, '0'),
(141, 124, 2, NULL, NULL, NULL, '0'),
(142, 125, 2, NULL, NULL, NULL, '0'),
(143, 126, 2, NULL, NULL, NULL, '0'),
(144, 127, 2, NULL, NULL, NULL, '0'),
(145, 128, 2, NULL, NULL, NULL, '0'),
(146, 129, 2, NULL, NULL, NULL, '0'),
(147, 130, 2, NULL, NULL, NULL, '0'),
(148, 131, 2, NULL, NULL, NULL, '1'),
(149, 132, 2, NULL, NULL, NULL, '0'),
(150, 133, 2, NULL, NULL, NULL, '0'),
(151, 134, 2, NULL, NULL, NULL, '0'),
(152, 135, 2, 43, '2019-05-02 02:12:46', 2, '1'),
(153, 136, 2, NULL, NULL, NULL, '0'),
(154, 137, 2, NULL, NULL, NULL, '0'),
(155, 138, 2, NULL, NULL, NULL, '0'),
(156, 139, 2, NULL, NULL, NULL, '0'),
(157, 140, 2, NULL, NULL, NULL, '0'),
(158, 141, 2, NULL, NULL, NULL, '0'),
(159, 142, 2, NULL, NULL, NULL, '0'),
(160, 143, 2, NULL, NULL, NULL, '1'),
(161, 144, 2, NULL, NULL, NULL, '0'),
(162, 145, 2, NULL, NULL, NULL, '0'),
(163, 146, 2, NULL, NULL, NULL, '0'),
(164, 147, 2, NULL, NULL, NULL, '0'),
(165, 148, 2, NULL, NULL, NULL, '0'),
(166, 149, 2, NULL, NULL, NULL, '0'),
(167, 150, 2, NULL, NULL, NULL, '0'),
(168, 151, 2, NULL, NULL, NULL, '0'),
(169, 152, 1, 54, '2019-05-13 03:17:32', 2, '1'),
(170, 152, 2, 54, '2019-05-13 03:17:32', 2, '1'),
(171, 153, 1, 44, '2019-05-02 02:12:56', 2, '1'),
(172, 153, 2, 44, '2019-05-02 02:12:56', 2, '1'),
(173, 154, 2, NULL, NULL, NULL, '0'),
(174, 155, 2, NULL, NULL, NULL, '0'),
(175, 156, 2, 45, '2019-05-02 02:13:04', 2, '1'),
(176, 157, 2, 55, '2019-05-13 03:19:05', 2, '1'),
(177, 158, 2, 47, '2019-05-02 02:13:37', 2, '1'),
(178, 159, 2, 56, '2019-05-13 03:19:32', 2, '1'),
(179, 160, 2, 50, '2019-05-02 05:09:50', 2, '1'),
(180, 161, 2, 48, '2019-05-02 05:09:20', 2, '1'),
(181, 162, 2, 49, '2019-05-02 05:09:35', 2, '1'),
(182, 163, 2, NULL, NULL, NULL, '0'),
(183, 164, 2, NULL, NULL, NULL, '0'),
(185, 165, 2, 51, '2019-05-02 05:11:30', 2, '1'),
(186, 166, 2, NULL, NULL, NULL, '0'),
(187, 167, 2, NULL, NULL, NULL, '0'),
(188, 168, 2, NULL, NULL, NULL, '0'),
(189, 169, 2, NULL, NULL, NULL, '0'),
(190, 170, 2, NULL, NULL, NULL, '0'),
(191, 171, 2, NULL, NULL, NULL, '0'),
(192, 172, 2, NULL, NULL, NULL, '0'),
(193, 173, 2, NULL, NULL, NULL, '0'),
(194, 174, 2, NULL, NULL, NULL, '0'),
(195, 175, 2, NULL, NULL, NULL, '1'),
(196, 176, 2, NULL, NULL, NULL, '0'),
(197, 177, 2, NULL, NULL, NULL, '0'),
(198, 178, 2, NULL, NULL, NULL, '1'),
(199, 179, 2, NULL, NULL, NULL, '0'),
(200, 180, 2, 53, '2019-05-13 02:56:55', 2, '1'),
(201, 180, 1, 53, '2019-05-13 02:56:55', 2, '1'),
(202, 181, 1, 52, '2019-05-13 02:53:12', 2, '1'),
(203, 181, 2, 52, '2019-05-13 02:53:12', 2, '1'),
(204, 182, 2, 57, '2019-05-13 03:20:19', 2, '1'),
(205, 183, 2, 58, '2019-05-13 03:30:12', 2, '1'),
(206, 184, 1, NULL, NULL, NULL, NULL),
(207, 184, 2, NULL, NULL, NULL, NULL),
(208, 185, 2, NULL, NULL, NULL, '1'),
(209, 186, 2, 59, '2019-05-20 09:36:22', 2, '1'),
(210, 186, 1, 59, '2019-05-20 09:36:22', 2, '1'),
(211, 187, 2, NULL, NULL, NULL, NULL),
(212, 188, 2, NULL, NULL, NULL, '0'),
(213, 189, 2, 59, '2019-05-20 09:36:22', 2, '1'),
(214, 190, 2, NULL, NULL, NULL, '1'),
(215, 191, 1, 59, '2019-05-20 09:36:22', 2, '1'),
(216, 192, 2, NULL, NULL, NULL, '0'),
(217, 193, 2, NULL, NULL, NULL, '1'),
(218, 194, 2, NULL, NULL, NULL, '1');

-- --------------------------------------------------------

--
-- Estructura de tabla para la tabla `verificarcertificado`
--

CREATE TABLE `verificarcertificado` (
  `idcertificados` int(11) NOT NULL,
  `codigo` varchar(45) DEFAULT NULL,
  `Descripcion` varchar(450) DEFAULT NULL
) ENGINE=InnoDB DEFAULT CHARSET=latin1;

--
-- Volcado de datos para la tabla `verificarcertificado`
--

INSERT INTO `verificarcertificado` (`idcertificados`, `codigo`, `Descripcion`) VALUES
(1, 'ND', 'Certificado No Deudor'),
(2, 'A', 'Certificado Avalúo'),
(3, 'C', 'Certificado Título Crédito');

--
-- Índices para tablas volcadas
--

--
-- Indices de la tabla `auditoriausers`
--
ALTER TABLE `auditoriausers`
  ADD PRIMARY KEY (`idauditoriaUsers`);

--
-- Indices de la tabla `certificados_requisitos`
--
ALTER TABLE `certificados_requisitos`
  ADD PRIMARY KEY (`idcertificados_requisitos`);

--
-- Indices de la tabla `correo_institucinal`
--
ALTER TABLE `correo_institucinal`
  ADD PRIMARY KEY (`idcorreo_institucinal`);

--
-- Indices de la tabla `detallepago`
--
ALTER TABLE `detallepago`
  ADD PRIMARY KEY (`iddetallePago`),
  ADD KEY `detallePagoFK_idx` (`idPago`);

--
-- Indices de la tabla `documento`
--
ALTER TABLE `documento`
  ADD PRIMARY KEY (`iddocumento`);

--
-- Indices de la tabla `documentosdecertificados`
--
ALTER TABLE `documentosdecertificados`
  ADD PRIMARY KEY (`idDocumentosdeCertificados`);

--
-- Indices de la tabla `emision`
--
ALTER TABLE `emision`
  ADD PRIMARY KEY (`idEmision`);

--
-- Indices de la tabla `gestion`
--
ALTER TABLE `gestion`
  ADD PRIMARY KEY (`idgestion`),
  ADD KEY `fk_gestion_men u_idx` (`idmenu`);

--
-- Indices de la tabla `listacertificados`
--
ALTER TABLE `listacertificados`
  ADD PRIMARY KEY (`idlistaCertificados`);

--
-- Indices de la tabla `menu`
--
ALTER TABLE `menu`
  ADD PRIMARY KEY (`idmenu`);

--
-- Indices de la tabla `migrations`
--
ALTER TABLE `migrations`
  ADD PRIMARY KEY (`id`);

--
-- Indices de la tabla `opciones`
--
ALTER TABLE `opciones`
  ADD PRIMARY KEY (`idopciones`);

--
-- Indices de la tabla `pago`
--
ALTER TABLE `pago`
  ADD PRIMARY KEY (`idpago`),
  ADD KEY `pagoUserFK_idx` (`usuarioId`);

--
-- Indices de la tabla `password_resets`
--
ALTER TABLE `password_resets`
  ADD PRIMARY KEY (`idpassreset`);

--
-- Indices de la tabla `requisitos`
--
ALTER TABLE `requisitos`
  ADD PRIMARY KEY (`idrequisitos`);

--
-- Indices de la tabla `tipofp`
--
ALTER TABLE `tipofp`
  ADD PRIMARY KEY (`idtipoFP`);

--
-- Indices de la tabla `tipofp_gestion`
--
ALTER TABLE `tipofp_gestion`
  ADD PRIMARY KEY (`idtipoFP_gestion`),
  ADD KEY `fk_tipoFp_gestion_tipoFP_idx` (`idtipoFP`),
  ADD KEY `fk_tipoFP_gestion_gestion_idx` (`idgestion`);

--
-- Indices de la tabla `tipousuario`
--
ALTER TABLE `tipousuario`
  ADD PRIMARY KEY (`idtipoUsuario`);

--
-- Indices de la tabla `us001`
--
ALTER TABLE `us001`
  ADD PRIMARY KEY (`idus001`),
  ADD UNIQUE KEY `email_UNIQUE` (`email`);

--
-- Indices de la tabla `us001_certirequisito`
--
ALTER TABLE `us001_certirequisito`
  ADD PRIMARY KEY (`idus001_CertiRequisito`);

--
-- Indices de la tabla `us001_tipousuario`
--
ALTER TABLE `us001_tipousuario`
  ADD PRIMARY KEY (`idus001_tipoUsuario`),
  ADD KEY `dfsgsdf_idx` (`idus001`),
  ADD KEY `fk_us001_tipoUsuario_TipoUsuario_idx` (`idtipoUsuario`);

--
-- Indices de la tabla `verificarcertificado`
--
ALTER TABLE `verificarcertificado`
  ADD PRIMARY KEY (`idcertificados`);

--
-- AUTO_INCREMENT de las tablas volcadas
--

--
-- AUTO_INCREMENT de la tabla `auditoriausers`
--
ALTER TABLE `auditoriausers`
  MODIFY `idauditoriaUsers` int(11) NOT NULL AUTO_INCREMENT;

--
-- AUTO_INCREMENT de la tabla `certificados_requisitos`
--
ALTER TABLE `certificados_requisitos`
  MODIFY `idcertificados_requisitos` int(11) NOT NULL AUTO_INCREMENT, AUTO_INCREMENT=12;

--
-- AUTO_INCREMENT de la tabla `correo_institucinal`
--
ALTER TABLE `correo_institucinal`
  MODIFY `idcorreo_institucinal` int(11) NOT NULL AUTO_INCREMENT, AUTO_INCREMENT=2;

--
-- AUTO_INCREMENT de la tabla `detallepago`
--
ALTER TABLE `detallepago`
  MODIFY `iddetallePago` int(11) NOT NULL AUTO_INCREMENT;

--
-- AUTO_INCREMENT de la tabla `documento`
--
ALTER TABLE `documento`
  MODIFY `iddocumento` int(11) NOT NULL AUTO_INCREMENT, AUTO_INCREMENT=61;

--
-- AUTO_INCREMENT de la tabla `documentosdecertificados`
--
ALTER TABLE `documentosdecertificados`
  MODIFY `idDocumentosdeCertificados` int(11) NOT NULL AUTO_INCREMENT, AUTO_INCREMENT=279;

--
-- AUTO_INCREMENT de la tabla `emision`
--
ALTER TABLE `emision`
  MODIFY `idEmision` int(11) NOT NULL AUTO_INCREMENT, AUTO_INCREMENT=46;

--
-- AUTO_INCREMENT de la tabla `gestion`
--
ALTER TABLE `gestion`
  MODIFY `idgestion` int(11) NOT NULL AUTO_INCREMENT, AUTO_INCREMENT=22;

--
-- AUTO_INCREMENT de la tabla `menu`
--
ALTER TABLE `menu`
  MODIFY `idmenu` int(11) NOT NULL AUTO_INCREMENT, AUTO_INCREMENT=22;

--
-- AUTO_INCREMENT de la tabla `migrations`
--
ALTER TABLE `migrations`
  MODIFY `id` int(10) UNSIGNED NOT NULL AUTO_INCREMENT;

--
-- AUTO_INCREMENT de la tabla `pago`
--
ALTER TABLE `pago`
  MODIFY `idpago` int(11) NOT NULL AUTO_INCREMENT, AUTO_INCREMENT=85;

--
-- AUTO_INCREMENT de la tabla `password_resets`
--
ALTER TABLE `password_resets`
  MODIFY `idpassreset` int(11) NOT NULL AUTO_INCREMENT, AUTO_INCREMENT=73;

--
-- AUTO_INCREMENT de la tabla `requisitos`
--
ALTER TABLE `requisitos`
  MODIFY `idrequisitos` int(11) NOT NULL AUTO_INCREMENT, AUTO_INCREMENT=16;

--
-- AUTO_INCREMENT de la tabla `tipofp`
--
ALTER TABLE `tipofp`
  MODIFY `idtipoFP` int(11) NOT NULL AUTO_INCREMENT, AUTO_INCREMENT=22;

--
-- AUTO_INCREMENT de la tabla `tipofp_gestion`
--
ALTER TABLE `tipofp_gestion`
  MODIFY `idtipoFP_gestion` int(11) NOT NULL AUTO_INCREMENT, AUTO_INCREMENT=21;

--
-- AUTO_INCREMENT de la tabla `tipousuario`
--
ALTER TABLE `tipousuario`
  MODIFY `idtipoUsuario` int(11) NOT NULL AUTO_INCREMENT, AUTO_INCREMENT=4;

--
-- AUTO_INCREMENT de la tabla `us001`
--
ALTER TABLE `us001`
  MODIFY `idus001` int(11) NOT NULL AUTO_INCREMENT, AUTO_INCREMENT=195;

--
-- AUTO_INCREMENT de la tabla `us001_certirequisito`
--
ALTER TABLE `us001_certirequisito`
  MODIFY `idus001_CertiRequisito` int(11) NOT NULL AUTO_INCREMENT, AUTO_INCREMENT=11;

--
-- AUTO_INCREMENT de la tabla `us001_tipousuario`
--
ALTER TABLE `us001_tipousuario`
  MODIFY `idus001_tipoUsuario` int(11) NOT NULL AUTO_INCREMENT, AUTO_INCREMENT=219;

--
-- AUTO_INCREMENT de la tabla `verificarcertificado`
--
ALTER TABLE `verificarcertificado`
  MODIFY `idcertificados` int(11) NOT NULL AUTO_INCREMENT, AUTO_INCREMENT=4;

--
-- Restricciones para tablas volcadas
--

--
-- Filtros para la tabla `detallepago`
--
ALTER TABLE `detallepago`
  ADD CONSTRAINT `detallePagoFK` FOREIGN KEY (`idPago`) REFERENCES `pago` (`idpago`);

--
-- Filtros para la tabla `gestion`
--
ALTER TABLE `gestion`
  ADD CONSTRAINT `fk_gestion_menu` FOREIGN KEY (`idmenu`) REFERENCES `menu` (`idmenu`);

--
-- Filtros para la tabla `pago`
--
ALTER TABLE `pago`
  ADD CONSTRAINT `pagoUserFK` FOREIGN KEY (`usuarioId`) REFERENCES `us001` (`idus001`);

--
-- Filtros para la tabla `tipofp_gestion`
--
ALTER TABLE `tipofp_gestion`
  ADD CONSTRAINT `fk_tipoFP_gestion_gestion` FOREIGN KEY (`idgestion`) REFERENCES `gestion` (`idgestion`),
  ADD CONSTRAINT `fk_tipoFp_gestion_tipoFP` FOREIGN KEY (`idtipoFP`) REFERENCES `tipofp` (`idtipoFP`);
--
-- Base de datos: `helpdesk`
--
CREATE DATABASE IF NOT EXISTS `helpdesk` DEFAULT CHARACTER SET utf8 COLLATE utf8_spanish_ci;
USE `helpdesk`;

-- --------------------------------------------------------

--
-- Estructura de tabla para la tabla `archivos`
--

CREATE TABLE `archivos` (
  `id` int(11) NOT NULL,
  `idusuario` int(10) NOT NULL,
  `tipo` varchar(45) NOT NULL,
  `nombre` varchar(100) NOT NULL,
  `tamano` varchar(45) NOT NULL,
  `contenido` varchar(1000) NOT NULL,
  `estado_del` varchar(1) DEFAULT NULL,
  `created_at` timestamp NULL DEFAULT NULL,
  `updated_at` timestamp NULL DEFAULT NULL
) ENGINE=InnoDB DEFAULT CHARSET=latin1;

-- --------------------------------------------------------

--
-- Estructura de tabla para la tabla `area`
--

CREATE TABLE `area` (
  `idarea` int(11) NOT NULL,
  `nombre` varchar(100) NOT NULL,
  `correo` varchar(100) NOT NULL,
  `extencion` varchar(100) NOT NULL,
  `siglas` varchar(100) NOT NULL,
  `estado_del` varchar(45) DEFAULT NULL
) ENGINE=InnoDB DEFAULT CHARSET=latin1;

--
-- Volcado de datos para la tabla `area`
--

INSERT INTO `area` (`idarea`, `nombre`, `correo`, `extencion`, `siglas`, `estado_del`) VALUES
(1, 'Rentas', 'hola@hola.com', 'nose', 'hola', '1'),
(2, 'Tecnología', 'leonardo@homail', '1256', 'LAS', '1'),
(3, 'ASLK', 'asdas@hotma', 'asd', 'asd', '1'),
(4, 'Ventas', 'ventas@hotmail.com', '54621', 'VGC', '1');

-- --------------------------------------------------------

--
-- Estructura de tabla para la tabla `asignacion`
--

CREATE TABLE `asignacion` (
  `idasignacion` int(11) NOT NULL,
  `Ficha_idFicha` int(11) NOT NULL,
  `peticion_idpeticion` int(11) NOT NULL,
  `FechaRegistro` date DEFAULT NULL,
  `FechaInicio` date DEFAULT NULL,
  `FechaLimite` date DEFAULT NULL,
  `Observacion` varchar(200) DEFAULT NULL
) ENGINE=InnoDB DEFAULT CHARSET=latin1;

--
-- Volcado de datos para la tabla `asignacion`
--

INSERT INTO `asignacion` (`idasignacion`, `Ficha_idFicha`, `peticion_idpeticion`, `FechaRegistro`, `FechaInicio`, `FechaLimite`, `Observacion`) VALUES
(1, 1, 2, '1999-11-30', '2018-09-17', '2018-09-17', 'dsads'),
(2, 1, 2, '1999-11-30', '2018-09-17', '2018-09-17', 'hjhg'),
(3, 1, 2, '1999-11-30', '2018-09-17', '2018-09-17', 'hjhg'),
(4, 1, 2, '1999-11-30', '2018-09-17', '2018-09-17', 'sad'),
(5, 1, 11, '1999-11-30', '2018-09-17', '2018-09-17', 'sds'),
(6, 1, 2, '1999-11-30', '2018-09-17', '2018-09-17', 'dasds'),
(7, 1, 2, '1999-11-30', '2018-09-17', '2018-09-17', 'das'),
(8, 1, 2, '1999-11-30', '2018-09-17', '2018-09-17', 'sdsasd'),
(9, 1, 2, '1999-11-30', '2018-09-17', '2018-09-17', 'dsa'),
(10, 1, 2, '1999-11-30', '2018-09-17', '2018-09-17', 'vcxv'),
(11, 1, 2, '1999-11-30', '2018-09-17', '2018-09-17', 'sadas'),
(12, 1, 2, '1999-11-30', '2018-09-17', '2018-09-17', 'sadas'),
(13, 1, 2, '1999-11-30', '2018-09-17', '2018-09-17', 'cvds'),
(14, 1, 2, '1999-11-30', '2018-09-17', '2018-09-17', 'sadas'),
(15, 1, 2, '1999-11-30', '2018-09-17', '2018-09-17', 'dasds'),
(16, 1, 11, '1999-11-30', '2018-09-17', '2018-09-17', 'fdgfdgdf'),
(17, 1, 2, '1999-11-30', '2018-09-17', '2018-09-17', 'qwe'),
(18, 1, 12, '1999-11-30', '2018-09-17', '2018-09-17', 'dsfs'),
(19, 1, 2, '1999-11-30', '2018-09-17', '2018-09-17', NULL),
(20, 1, 2, '1999-11-30', '2018-09-17', '2018-09-17', 'ds'),
(21, 1, 2, '1999-11-30', '2018-09-17', '2018-09-17', 'ds'),
(22, 1, 2, '1999-11-30', '2018-09-17', '2018-09-06', 'afsdgfgafdg'),
(23, 1, 11, '1999-11-30', '2018-09-17', '2018-09-17', 'sfds'),
(24, 1, 2, '1999-11-30', '2018-09-17', '2018-09-17', 'asgfgafdg'),
(25, 1, 2, '1999-11-30', '2018-09-17', '2018-09-17', 'gyhrt'),
(26, 1, 2, '1999-11-30', '2018-09-17', '2018-09-17', 'gyhrt'),
(27, 1, 2, '1999-11-30', '2018-09-17', '2018-09-17', 'gyhrt'),
(28, 1, 2, '1999-11-30', '2018-09-17', '2018-09-17', 'nbgcvgh'),
(29, 1, 11, '1999-11-30', '2018-09-17', '2018-09-17', 'hgfdghfd'),
(30, 1, 12, '1999-11-30', '2018-09-17', '2018-09-17', 'sdas'),
(31, 1, 2, '1999-11-30', '2018-09-17', '2018-09-17', 'sd'),
(32, 1, 2, '1999-11-30', '2018-09-17', '2018-09-17', 'dsad'),
(33, 1, 11, '1999-11-30', '2018-09-17', '2018-09-17', 'dasd'),
(34, 1, 2, '1999-11-30', '2018-09-17', '2018-09-17', 'fxdgdsfzrgdsfgcxfvdszfgf'),
(35, 1, 2, '1999-11-30', '2018-09-17', '2018-09-17', 'fxdgdsfzrgdsfgcxfvdszfgf'),
(36, 1, 2, '1999-11-30', '2018-09-17', '2018-09-17', '41041'),
(37, 1, 2, '1999-11-30', '2018-09-06', '2018-09-14', 'sdasd'),
(38, 1, 12, '1999-11-30', '2018-09-18', '2018-09-18', 'GFFDSFDS'),
(39, 1, 11, '1999-11-30', '2018-09-06', '2018-09-14', '12321'),
(40, 1, 2, '1999-11-30', '2018-09-18', '2018-09-18', 'sdfgfdsgds'),
(41, 1, 13, '1999-11-30', '2018-09-18', '2018-09-18', 'dsad'),
(42, 1, 12, '1999-11-30', '2018-09-18', '2018-09-18', 'das'),
(43, 1, 2, '1999-11-30', '2018-09-11', '2018-09-13', 'REALIZAR A LA BREVEDAD POSIBLE');

-- --------------------------------------------------------

--
-- Estructura de tabla para la tabla `dispositivos`
--

CREATE TABLE `dispositivos` (
  `iddispositivos` int(11) NOT NULL,
  `idtipodispositivos` int(11) NOT NULL,
  `nombredispositivo` varchar(100) NOT NULL,
  `serie` varchar(100) DEFAULT NULL,
  `color` varchar(100) NOT NULL,
  `modelo` varchar(100) NOT NULL,
  `marca` varchar(100) NOT NULL,
  `cod_activo` varchar(100) NOT NULL,
  `asignado` varchar(1) DEFAULT '0',
  `num_activo` int(50) NOT NULL
) ENGINE=InnoDB DEFAULT CHARSET=latin1;

--
-- Volcado de datos para la tabla `dispositivos`
--

INSERT INTO `dispositivos` (`iddispositivos`, `idtipodispositivos`, `nombredispositivo`, `serie`, `color`, `modelo`, `marca`, `cod_activo`, `asignado`, `num_activo`) VALUES
(21, 3, 'Computador', '32546423', 'Azul', 'lm73', 'Intel', 'Inactivo', '0', 5456),
(22, 3, 'Impresora', '54987987', 'Negro', 'lm750', 'Epson', 'Activo', '0', 984654),
(23, 3, 'aaaaa', '123456', 'asdf', 'asdf', 'asdf', 'Activo', '0', 78894),
(24, 2, 'Computer', '456456', 'black', '735645', 'Hola', 'Activo', '1', 564654),
(25, 1, 'asdfsad', 'asdf', 'asdfsad', 'asdfsda', 'asdf', 'Activo', '0', 987564),
(26, 3, 'asdfsda', 'sadfsad', 'asdfsadf', 'asdfsadf', 'asdfsaf', 'Activo', '0', 5887987),
(27, 3, 'da', 'sda', 'da', 'dsa', 'da', 'Activo', '0', 654551),
(28, 1, 'dsfgsdfg', 'dfsg', 'dsfg', 'sdfg', 'dfgssdffg', 'Activo', '0', 654894),
(29, 1, 'fdsg', 'sdfg', 'sdfg', 'gdsfg', 'sdfg', 'Activo', '0', 4984984),
(30, 3, 'numero de activo', '55', 'ghjj', 'yhgf', 'hfg', 'Activo', '0', 649474),
(31, 2, 'asdfsad', 'dsaf', 'asdf', 'sadf', 'asdf', 'Activo', '0', 684654),
(32, 1, 'fgd', '543', 'gf', 'gf', 'fdg', 'Activo', '0', 56);

-- --------------------------------------------------------

--
-- Estructura de tabla para la tabla `especialidad`
--

CREATE TABLE `especialidad` (
  `idespecialidad` int(11) NOT NULL,
  `descripcion` varchar(150) NOT NULL
) ENGINE=InnoDB DEFAULT CHARSET=latin1;

--
-- Volcado de datos para la tabla `especialidad`
--

INSERT INTO `especialidad` (`idespecialidad`, `descripcion`) VALUES
(2, 'Sistemas'),
(3, 'Tecnología'),
(4, 'Redes'),
(5, 'Pruebas'),
(6, 'dsadas');

-- --------------------------------------------------------

--
-- Estructura de tabla para la tabla `estado`
--

CREATE TABLE `estado` (
  `idestado` int(11) NOT NULL,
  `descripcion` varchar(100) DEFAULT NULL,
  `estado_del` varchar(45) DEFAULT NULL
) ENGINE=InnoDB DEFAULT CHARSET=latin1;

--
-- Volcado de datos para la tabla `estado`
--

INSERT INTO `estado` (`idestado`, `descripcion`, `estado_del`) VALUES
(1, 'Asignada', '1'),
(2, 'Pendiente', '1'),
(3, 'Finalizada', '1');

-- --------------------------------------------------------

--
-- Estructura de tabla para la tabla `extra_tecnico`
--

CREATE TABLE `extra_tecnico` (
  `idextra_tecnico` int(11) NOT NULL,
  `idusuario` int(10) DEFAULT NULL,
  `especialidad` varchar(100) DEFAULT NULL
) ENGINE=InnoDB DEFAULT CHARSET=latin1;

--
-- Volcado de datos para la tabla `extra_tecnico`
--

INSERT INTO `extra_tecnico` (`idextra_tecnico`, `idusuario`, `especialidad`) VALUES
(39, 148, 'Sistemas'),
(72, 193, 'Mantenimiento'),
(77, 197, 'Mantenimiento'),
(78, 204, 'Sistemas'),
(79, 206, 'Tecnología'),
(80, 207, 'Redes'),
(81, 209, 'Sistemas'),
(82, 210, 'Sistemas'),
(83, 211, 'Sistemas'),
(84, 212, 'Sistemas'),
(85, 213, 'Sistemas'),
(86, 214, 'Sistemas'),
(87, 217, 'Redes'),
(39, 148, 'Sistemas'),
(72, 193, 'Mantenimiento'),
(77, 197, 'Mantenimiento'),
(78, 204, 'Sistemas'),
(79, 206, 'Tecnología'),
(80, 207, 'Redes'),
(81, 209, 'Sistemas'),
(82, 210, 'Sistemas'),
(83, 211, 'Sistemas'),
(84, 212, 'Sistemas'),
(85, 213, 'Sistemas'),
(86, 214, 'Sistemas'),
(87, 217, 'Redes'),
(39, 148, 'Sistemas'),
(72, 193, 'Mantenimiento'),
(77, 197, 'Mantenimiento'),
(78, 204, 'Sistemas'),
(79, 206, 'Tecnología'),
(80, 207, 'Redes'),
(81, 209, 'Sistemas'),
(82, 210, 'Sistemas'),
(83, 211, 'Sistemas'),
(84, 212, 'Sistemas'),
(85, 213, 'Sistemas'),
(86, 214, 'Sistemas'),
(87, 217, 'Redes'),
(39, 148, 'Sistemas'),
(72, 193, 'Mantenimiento'),
(77, 197, 'Mantenimiento'),
(78, 204, 'Sistemas'),
(79, 206, 'Tecnología'),
(80, 207, 'Redes'),
(81, 209, 'Sistemas'),
(82, 210, 'Sistemas'),
(83, 211, 'Sistemas'),
(84, 212, 'Sistemas'),
(85, 213, 'Sistemas'),
(86, 214, 'Sistemas'),
(87, 217, 'Redes'),
(39, 148, 'Sistemas'),
(72, 193, 'Mantenimiento'),
(77, 197, 'Mantenimiento'),
(78, 204, 'Sistemas'),
(79, 206, 'Tecnología'),
(80, 207, 'Redes'),
(81, 209, 'Sistemas'),
(82, 210, 'Sistemas'),
(83, 211, 'Sistemas'),
(84, 212, 'Sistemas'),
(85, 213, 'Sistemas'),
(86, 214, 'Sistemas'),
(87, 217, 'Redes'),
(39, 148, 'Sistemas'),
(72, 193, 'Mantenimiento'),
(77, 197, 'Mantenimiento'),
(78, 204, 'Sistemas'),
(79, 206, 'Tecnología'),
(80, 207, 'Redes'),
(81, 209, 'Sistemas'),
(82, 210, 'Sistemas'),
(83, 211, 'Sistemas'),
(84, 212, 'Sistemas'),
(85, 213, 'Sistemas'),
(86, 214, 'Sistemas'),
(87, 217, 'Redes');

-- --------------------------------------------------------

--
-- Estructura de tabla para la tabla `ficha`
--

CREATE TABLE `ficha` (
  `idFicha` int(11) NOT NULL,
  `detalle` varchar(200) NOT NULL
) ENGINE=InnoDB DEFAULT CHARSET=latin1;

--
-- Volcado de datos para la tabla `ficha`
--

INSERT INTO `ficha` (`idFicha`, `detalle`) VALUES
(1, 'ghjytjytejtyejyutejytjtyjty'),
(1, 'ghjytjytejtyejyutejytjtyjty'),
(1, 'ghjytjytejtyejyutejytjtyjty'),
(1, 'ghjytjytejtyejyutejytjtyjty'),
(1, 'ghjytjytejtyejyutejytjtyjty'),
(1, 'ghjytjytejtyejyutejytjtyjty');

-- --------------------------------------------------------

--
-- Estructura de tabla para la tabla `migrations`
--

CREATE TABLE `migrations` (
  `id` int(10) UNSIGNED NOT NULL,
  `migration` varchar(255) COLLATE utf8mb4_unicode_ci NOT NULL,
  `batch` int(11) NOT NULL
) ENGINE=InnoDB DEFAULT CHARSET=utf8mb4 COLLATE=utf8mb4_unicode_ci;

--
-- Volcado de datos para la tabla `migrations`
--

INSERT INTO `migrations` (`id`, `migration`, `batch`) VALUES
(1, '2014_10_12_000000_create_users_table', 1),
(2, '2014_10_12_100000_create_password_resets_table', 1),
(1, '2014_10_12_000000_create_users_table', 1),
(2, '2014_10_12_100000_create_password_resets_table', 1),
(1, '2014_10_12_000000_create_users_table', 1),
(2, '2014_10_12_100000_create_password_resets_table', 1),
(1, '2014_10_12_000000_create_users_table', 1),
(2, '2014_10_12_100000_create_password_resets_table', 1),
(1, '2014_10_12_000000_create_users_table', 1),
(2, '2014_10_12_100000_create_password_resets_table', 1),
(1, '2014_10_12_000000_create_users_table', 1),
(2, '2014_10_12_100000_create_password_resets_table', 1);

-- --------------------------------------------------------

--
-- Estructura de tabla para la tabla `password_resets`
--

CREATE TABLE `password_resets` (
  `email` varchar(255) COLLATE utf8mb4_unicode_ci NOT NULL,
  `token` varchar(255) COLLATE utf8mb4_unicode_ci NOT NULL,
  `created_at` timestamp NULL DEFAULT NULL
) ENGINE=InnoDB DEFAULT CHARSET=utf8mb4 COLLATE=utf8mb4_unicode_ci;

-- --------------------------------------------------------

--
-- Estructura de tabla para la tabla `peticion`
--

CREATE TABLE `peticion` (
  `idpeticion` int(11) NOT NULL,
  `idprioridad` int(11) NOT NULL,
  `idestado` int(11) NOT NULL,
  `idtipopeticion` int(11) NOT NULL,
  `idusuario` int(10) NOT NULL,
  `descripcion` varchar(1000) DEFAULT NULL,
  `estado_del` varchar(45) DEFAULT NULL,
  `created_at` timestamp NULL DEFAULT NULL,
  `updated_at` timestamp NULL DEFAULT NULL
) ENGINE=InnoDB DEFAULT CHARSET=latin1;

--
-- Volcado de datos para la tabla `peticion`
--

INSERT INTO `peticion` (`idpeticion`, `idprioridad`, `idestado`, `idtipopeticion`, `idusuario`, `descripcion`, `estado_del`, `created_at`, `updated_at`) VALUES
(2, 1, 3, 1, 144, 'hola que tal', '0', '2018-09-18 20:12:35', NULL),
(26, 1, 1, 2, 152, 'maron', '1', '2018-09-18 20:12:35', NULL),
(27, 1, 1, 1, 152, 'maron', '1', '2018-09-18 20:12:35', NULL),
(44, 1, 1, 1, 152, 'hola que haces', '1', '2018-09-18 20:12:35', NULL),
(45, 1, 2, 2, 203, 'prueba maron vera', '0', '2018-09-18 20:12:35', NULL),
(46, 1, 2, 1, 152, 'se me daño la pc tgthtrhththrtwr6h6ryuwr57yuj6rw3ure7nji7b7r5uivf6fu6ri7uiuthfergregreg5rgregregregrgrgyrhbytjh6hthrthrehrthgnhgfngfdhj6bu7tc v7tckf7kvj7t767g7t', '0', '2018-09-18 20:27:04', NULL),
(47, 1, 2, 1, 144, 'hola como estan todos', '0', '2018-09-19 20:15:36', NULL),
(48, 1, 2, 1, 144, 'moshi moshi', '0', '2018-09-19 20:22:35', NULL),
(49, 1, 1, 1, 144, 'wwwwwww', '1', '2018-09-19 22:03:03', NULL),
(50, 1, 2, 1, 199, 'hola hola', '0', '2018-09-19 22:42:26', NULL),
(51, 1, 1, 2, 199, 'Un formato de solicitud de mantenimiento es una solicitud que se hace por escrito  para  exponer las fallas, o defectos técnicos de algún  objeto, producto o aparato y solicitar su reparación, dirigido a la entidad responsable de ello, ya sea esta gubernamental, (en casos de mantenimientos de calles, escuelas o edificios públicos), a una fábrica o empresa, (en caso de productos defectuosos o incompletos), a una persona o empresa especializada (como en el caso del mantenimiento de edificios privados por parte de empresas que prestan el servicio de mantenimiento, o de parte de trabajadores individuales como fontaneros o electricistas).  URL del artículo: https://www.ejemplode.com/11-escritos/2766-ejemplo_de_formato_de_solicitud_de_mantenimiento.html Nota completa: Ejemplo de Formato de solicitud de mantenimiento', '1', '2018-09-20 02:34:21', NULL),
(52, 1, 1, 1, 200, 'dfsdfsdfsdfsdf', '1', '2018-09-22 00:10:27', NULL),
(53, 1, 1, 2, 213, 'fsadfsd', '1', '2018-09-25 18:42:44', NULL),
(54, 1, 3, 1, 213, 'fsadfsd', '0', '2018-09-25 18:42:57', '2018-09-28 00:18:09'),
(55, 2, 1, 2, 144, 'a', '1', '2018-09-26 00:53:13', NULL),
(56, 3, 2, 2, 210, 'b', '1', '2018-09-26 00:54:20', NULL),
(57, 2, 1, 2, 152, 'Por Nuestra Santa Madre Iglesia. Señor, mira con benevolencia a tu siervo Su Santidad Francisco, cabeza de tu iglesia. Concédele la gracia de edificarla con su palabra y con su ejemplo.', '1', '2018-09-26 01:01:57', NULL),
(58, 2, 1, 1, 215, 'La Biblia es Nuestra Mejor guía para la Oración. Este articulo contiene una Lista de Versículos como Ejemplos de peticiones de Oración a Dios.', '1', '2018-09-26 01:03:13', NULL),
(59, 2, 3, 1, 209, '62562', '0', '2018-09-26 01:05:53', '2018-09-26 01:16:36'),
(60, 2, 3, 1, 216, 'fdgewgwe4gewgewgewgwege4wwefwefgwe', '0', '2018-09-26 01:06:39', '2018-09-26 01:34:46'),
(61, 2, 3, 1, 210, '25602155', '0', '2018-09-26 01:08:37', '2018-09-26 01:18:38'),
(2, 1, 3, 1, 144, 'hola que tal', '0', '2018-09-18 20:12:35', NULL),
(26, 1, 1, 2, 152, 'maron', '1', '2018-09-18 20:12:35', NULL),
(27, 1, 1, 1, 152, 'maron', '1', '2018-09-18 20:12:35', NULL),
(44, 1, 1, 1, 152, 'hola que haces', '1', '2018-09-18 20:12:35', NULL),
(45, 1, 2, 2, 203, 'prueba maron vera', '0', '2018-09-18 20:12:35', NULL),
(46, 1, 2, 1, 152, 'se me daño la pc tgthtrhththrtwr6h6ryuwr57yuj6rw3ure7nji7b7r5uivf6fu6ri7uiuthfergregreg5rgregregregrgrgyrhbytjh6hthrthrehrthgnhgfngfdhj6bu7tc v7tckf7kvj7t767g7t', '0', '2018-09-18 20:27:04', NULL),
(47, 1, 2, 1, 144, 'hola como estan todos', '0', '2018-09-19 20:15:36', NULL),
(48, 1, 2, 1, 144, 'moshi moshi', '0', '2018-09-19 20:22:35', NULL),
(49, 1, 1, 1, 144, 'wwwwwww', '1', '2018-09-19 22:03:03', NULL),
(50, 1, 2, 1, 199, 'hola hola', '0', '2018-09-19 22:42:26', NULL),
(51, 1, 1, 2, 199, 'Un formato de solicitud de mantenimiento es una solicitud que se hace por escrito  para  exponer las fallas, o defectos técnicos de algún  objeto, producto o aparato y solicitar su reparación, dirigido a la entidad responsable de ello, ya sea esta gubernamental, (en casos de mantenimientos de calles, escuelas o edificios públicos), a una fábrica o empresa, (en caso de productos defectuosos o incompletos), a una persona o empresa especializada (como en el caso del mantenimiento de edificios privados por parte de empresas que prestan el servicio de mantenimiento, o de parte de trabajadores individuales como fontaneros o electricistas).  URL del artículo: https://www.ejemplode.com/11-escritos/2766-ejemplo_de_formato_de_solicitud_de_mantenimiento.html Nota completa: Ejemplo de Formato de solicitud de mantenimiento', '1', '2018-09-20 02:34:21', NULL),
(52, 1, 1, 1, 200, 'dfsdfsdfsdfsdf', '1', '2018-09-22 00:10:27', NULL),
(53, 1, 1, 2, 213, 'fsadfsd', '1', '2018-09-25 18:42:44', NULL),
(54, 1, 3, 1, 213, 'fsadfsd', '0', '2018-09-25 18:42:57', '2018-09-28 00:18:09'),
(55, 2, 1, 2, 144, 'a', '1', '2018-09-26 00:53:13', NULL),
(56, 3, 2, 2, 210, 'b', '1', '2018-09-26 00:54:20', NULL),
(57, 2, 1, 2, 152, 'Por Nuestra Santa Madre Iglesia. Señor, mira con benevolencia a tu siervo Su Santidad Francisco, cabeza de tu iglesia. Concédele la gracia de edificarla con su palabra y con su ejemplo.', '1', '2018-09-26 01:01:57', NULL),
(58, 2, 1, 1, 215, 'La Biblia es Nuestra Mejor guía para la Oración. Este articulo contiene una Lista de Versículos como Ejemplos de peticiones de Oración a Dios.', '1', '2018-09-26 01:03:13', NULL),
(59, 2, 3, 1, 209, '62562', '0', '2018-09-26 01:05:53', '2018-09-26 01:16:36'),
(60, 2, 3, 1, 216, 'fdgewgwe4gewgewgewgwege4wwefwefgwe', '0', '2018-09-26 01:06:39', '2018-09-26 01:34:46'),
(61, 2, 3, 1, 210, '25602155', '0', '2018-09-26 01:08:37', '2018-09-26 01:18:38'),
(2, 1, 3, 1, 144, 'hola que tal', '0', '2018-09-18 20:12:35', NULL),
(26, 1, 1, 2, 152, 'maron', '1', '2018-09-18 20:12:35', NULL),
(27, 1, 1, 1, 152, 'maron', '1', '2018-09-18 20:12:35', NULL),
(44, 1, 1, 1, 152, 'hola que haces', '1', '2018-09-18 20:12:35', NULL),
(45, 1, 2, 2, 203, 'prueba maron vera', '0', '2018-09-18 20:12:35', NULL),
(46, 1, 2, 1, 152, 'se me daño la pc tgthtrhththrtwr6h6ryuwr57yuj6rw3ure7nji7b7r5uivf6fu6ri7uiuthfergregreg5rgregregregrgrgyrhbytjh6hthrthrehrthgnhgfngfdhj6bu7tc v7tckf7kvj7t767g7t', '0', '2018-09-18 20:27:04', NULL),
(47, 1, 2, 1, 144, 'hola como estan todos', '0', '2018-09-19 20:15:36', NULL),
(48, 1, 2, 1, 144, 'moshi moshi', '0', '2018-09-19 20:22:35', NULL),
(49, 1, 1, 1, 144, 'wwwwwww', '1', '2018-09-19 22:03:03', NULL),
(50, 1, 2, 1, 199, 'hola hola', '0', '2018-09-19 22:42:26', NULL),
(51, 1, 1, 2, 199, 'Un formato de solicitud de mantenimiento es una solicitud que se hace por escrito  para  exponer las fallas, o defectos técnicos de algún  objeto, producto o aparato y solicitar su reparación, dirigido a la entidad responsable de ello, ya sea esta gubernamental, (en casos de mantenimientos de calles, escuelas o edificios públicos), a una fábrica o empresa, (en caso de productos defectuosos o incompletos), a una persona o empresa especializada (como en el caso del mantenimiento de edificios privados por parte de empresas que prestan el servicio de mantenimiento, o de parte de trabajadores individuales como fontaneros o electricistas).  URL del artículo: https://www.ejemplode.com/11-escritos/2766-ejemplo_de_formato_de_solicitud_de_mantenimiento.html Nota completa: Ejemplo de Formato de solicitud de mantenimiento', '1', '2018-09-20 02:34:21', NULL),
(52, 1, 1, 1, 200, 'dfsdfsdfsdfsdf', '1', '2018-09-22 00:10:27', NULL),
(53, 1, 1, 2, 213, 'fsadfsd', '1', '2018-09-25 18:42:44', NULL),
(54, 1, 3, 1, 213, 'fsadfsd', '0', '2018-09-25 18:42:57', '2018-09-28 00:18:09'),
(55, 2, 1, 2, 144, 'a', '1', '2018-09-26 00:53:13', NULL),
(56, 3, 2, 2, 210, 'b', '1', '2018-09-26 00:54:20', NULL),
(57, 2, 1, 2, 152, 'Por Nuestra Santa Madre Iglesia. Señor, mira con benevolencia a tu siervo Su Santidad Francisco, cabeza de tu iglesia. Concédele la gracia de edificarla con su palabra y con su ejemplo.', '1', '2018-09-26 01:01:57', NULL),
(58, 2, 1, 1, 215, 'La Biblia es Nuestra Mejor guía para la Oración. Este articulo contiene una Lista de Versículos como Ejemplos de peticiones de Oración a Dios.', '1', '2018-09-26 01:03:13', NULL),
(59, 2, 3, 1, 209, '62562', '0', '2018-09-26 01:05:53', '2018-09-26 01:16:36'),
(60, 2, 3, 1, 216, 'fdgewgwe4gewgewgewgwege4wwefwefgwe', '0', '2018-09-26 01:06:39', '2018-09-26 01:34:46'),
(61, 2, 3, 1, 210, '25602155', '0', '2018-09-26 01:08:37', '2018-09-26 01:18:38'),
(2, 1, 3, 1, 144, 'hola que tal', '0', '2018-09-18 20:12:35', NULL),
(26, 1, 1, 2, 152, 'maron', '1', '2018-09-18 20:12:35', NULL),
(27, 1, 1, 1, 152, 'maron', '1', '2018-09-18 20:12:35', NULL),
(44, 1, 1, 1, 152, 'hola que haces', '1', '2018-09-18 20:12:35', NULL),
(45, 1, 2, 2, 203, 'prueba maron vera', '0', '2018-09-18 20:12:35', NULL),
(46, 1, 2, 1, 152, 'se me daño la pc tgthtrhththrtwr6h6ryuwr57yuj6rw3ure7nji7b7r5uivf6fu6ri7uiuthfergregreg5rgregregregrgrgyrhbytjh6hthrthrehrthgnhgfngfdhj6bu7tc v7tckf7kvj7t767g7t', '0', '2018-09-18 20:27:04', NULL),
(47, 1, 2, 1, 144, 'hola como estan todos', '0', '2018-09-19 20:15:36', NULL),
(48, 1, 2, 1, 144, 'moshi moshi', '0', '2018-09-19 20:22:35', NULL),
(49, 1, 1, 1, 144, 'wwwwwww', '1', '2018-09-19 22:03:03', NULL),
(50, 1, 2, 1, 199, 'hola hola', '0', '2018-09-19 22:42:26', NULL),
(51, 1, 1, 2, 199, 'Un formato de solicitud de mantenimiento es una solicitud que se hace por escrito  para  exponer las fallas, o defectos técnicos de algún  objeto, producto o aparato y solicitar su reparación, dirigido a la entidad responsable de ello, ya sea esta gubernamental, (en casos de mantenimientos de calles, escuelas o edificios públicos), a una fábrica o empresa, (en caso de productos defectuosos o incompletos), a una persona o empresa especializada (como en el caso del mantenimiento de edificios privados por parte de empresas que prestan el servicio de mantenimiento, o de parte de trabajadores individuales como fontaneros o electricistas).  URL del artículo: https://www.ejemplode.com/11-escritos/2766-ejemplo_de_formato_de_solicitud_de_mantenimiento.html Nota completa: Ejemplo de Formato de solicitud de mantenimiento', '1', '2018-09-20 02:34:21', NULL),
(52, 1, 1, 1, 200, 'dfsdfsdfsdfsdf', '1', '2018-09-22 00:10:27', NULL),
(53, 1, 1, 2, 213, 'fsadfsd', '1', '2018-09-25 18:42:44', NULL),
(54, 1, 3, 1, 213, 'fsadfsd', '0', '2018-09-25 18:42:57', '2018-09-28 00:18:09'),
(55, 2, 1, 2, 144, 'a', '1', '2018-09-26 00:53:13', NULL),
(56, 3, 2, 2, 210, 'b', '1', '2018-09-26 00:54:20', NULL),
(57, 2, 1, 2, 152, 'Por Nuestra Santa Madre Iglesia. Señor, mira con benevolencia a tu siervo Su Santidad Francisco, cabeza de tu iglesia. Concédele la gracia de edificarla con su palabra y con su ejemplo.', '1', '2018-09-26 01:01:57', NULL),
(58, 2, 1, 1, 215, 'La Biblia es Nuestra Mejor guía para la Oración. Este articulo contiene una Lista de Versículos como Ejemplos de peticiones de Oración a Dios.', '1', '2018-09-26 01:03:13', NULL),
(59, 2, 3, 1, 209, '62562', '0', '2018-09-26 01:05:53', '2018-09-26 01:16:36'),
(60, 2, 3, 1, 216, 'fdgewgwe4gewgewgewgwege4wwefwefgwe', '0', '2018-09-26 01:06:39', '2018-09-26 01:34:46'),
(61, 2, 3, 1, 210, '25602155', '0', '2018-09-26 01:08:37', '2018-09-26 01:18:38'),
(2, 1, 3, 1, 144, 'hola que tal', '0', '2018-09-18 20:12:35', NULL),
(26, 1, 1, 2, 152, 'maron', '1', '2018-09-18 20:12:35', NULL),
(27, 1, 1, 1, 152, 'maron', '1', '2018-09-18 20:12:35', NULL),
(44, 1, 1, 1, 152, 'hola que haces', '1', '2018-09-18 20:12:35', NULL),
(45, 1, 2, 2, 203, 'prueba maron vera', '0', '2018-09-18 20:12:35', NULL),
(46, 1, 2, 1, 152, 'se me daño la pc tgthtrhththrtwr6h6ryuwr57yuj6rw3ure7nji7b7r5uivf6fu6ri7uiuthfergregreg5rgregregregrgrgyrhbytjh6hthrthrehrthgnhgfngfdhj6bu7tc v7tckf7kvj7t767g7t', '0', '2018-09-18 20:27:04', NULL),
(47, 1, 2, 1, 144, 'hola como estan todos', '0', '2018-09-19 20:15:36', NULL),
(48, 1, 2, 1, 144, 'moshi moshi', '0', '2018-09-19 20:22:35', NULL),
(49, 1, 1, 1, 144, 'wwwwwww', '1', '2018-09-19 22:03:03', NULL),
(50, 1, 2, 1, 199, 'hola hola', '0', '2018-09-19 22:42:26', NULL),
(51, 1, 1, 2, 199, 'Un formato de solicitud de mantenimiento es una solicitud que se hace por escrito  para  exponer las fallas, o defectos técnicos de algún  objeto, producto o aparato y solicitar su reparación, dirigido a la entidad responsable de ello, ya sea esta gubernamental, (en casos de mantenimientos de calles, escuelas o edificios públicos), a una fábrica o empresa, (en caso de productos defectuosos o incompletos), a una persona o empresa especializada (como en el caso del mantenimiento de edificios privados por parte de empresas que prestan el servicio de mantenimiento, o de parte de trabajadores individuales como fontaneros o electricistas).  URL del artículo: https://www.ejemplode.com/11-escritos/2766-ejemplo_de_formato_de_solicitud_de_mantenimiento.html Nota completa: Ejemplo de Formato de solicitud de mantenimiento', '1', '2018-09-20 02:34:21', NULL),
(52, 1, 1, 1, 200, 'dfsdfsdfsdfsdf', '1', '2018-09-22 00:10:27', NULL),
(53, 1, 1, 2, 213, 'fsadfsd', '1', '2018-09-25 18:42:44', NULL),
(54, 1, 3, 1, 213, 'fsadfsd', '0', '2018-09-25 18:42:57', '2018-09-28 00:18:09'),
(55, 2, 1, 2, 144, 'a', '1', '2018-09-26 00:53:13', NULL),
(56, 3, 2, 2, 210, 'b', '1', '2018-09-26 00:54:20', NULL),
(57, 2, 1, 2, 152, 'Por Nuestra Santa Madre Iglesia. Señor, mira con benevolencia a tu siervo Su Santidad Francisco, cabeza de tu iglesia. Concédele la gracia de edificarla con su palabra y con su ejemplo.', '1', '2018-09-26 01:01:57', NULL),
(58, 2, 1, 1, 215, 'La Biblia es Nuestra Mejor guía para la Oración. Este articulo contiene una Lista de Versículos como Ejemplos de peticiones de Oración a Dios.', '1', '2018-09-26 01:03:13', NULL),
(59, 2, 3, 1, 209, '62562', '0', '2018-09-26 01:05:53', '2018-09-26 01:16:36'),
(60, 2, 3, 1, 216, 'fdgewgwe4gewgewgewgwege4wwefwefgwe', '0', '2018-09-26 01:06:39', '2018-09-26 01:34:46'),
(61, 2, 3, 1, 210, '25602155', '0', '2018-09-26 01:08:37', '2018-09-26 01:18:38'),
(2, 1, 3, 1, 144, 'hola que tal', '0', '2018-09-18 20:12:35', NULL),
(26, 1, 1, 2, 152, 'maron', '1', '2018-09-18 20:12:35', NULL),
(27, 1, 1, 1, 152, 'maron', '1', '2018-09-18 20:12:35', NULL),
(44, 1, 1, 1, 152, 'hola que haces', '1', '2018-09-18 20:12:35', NULL),
(45, 1, 2, 2, 203, 'prueba maron vera', '0', '2018-09-18 20:12:35', NULL),
(46, 1, 2, 1, 152, 'se me daño la pc tgthtrhththrtwr6h6ryuwr57yuj6rw3ure7nji7b7r5uivf6fu6ri7uiuthfergregreg5rgregregregrgrgyrhbytjh6hthrthrehrthgnhgfngfdhj6bu7tc v7tckf7kvj7t767g7t', '0', '2018-09-18 20:27:04', NULL),
(47, 1, 2, 1, 144, 'hola como estan todos', '0', '2018-09-19 20:15:36', NULL),
(48, 1, 2, 1, 144, 'moshi moshi', '0', '2018-09-19 20:22:35', NULL),
(49, 1, 1, 1, 144, 'wwwwwww', '1', '2018-09-19 22:03:03', NULL),
(50, 1, 2, 1, 199, 'hola hola', '0', '2018-09-19 22:42:26', NULL),
(51, 1, 1, 2, 199, 'Un formato de solicitud de mantenimiento es una solicitud que se hace por escrito  para  exponer las fallas, o defectos técnicos de algún  objeto, producto o aparato y solicitar su reparación, dirigido a la entidad responsable de ello, ya sea esta gubernamental, (en casos de mantenimientos de calles, escuelas o edificios públicos), a una fábrica o empresa, (en caso de productos defectuosos o incompletos), a una persona o empresa especializada (como en el caso del mantenimiento de edificios privados por parte de empresas que prestan el servicio de mantenimiento, o de parte de trabajadores individuales como fontaneros o electricistas).  URL del artículo: https://www.ejemplode.com/11-escritos/2766-ejemplo_de_formato_de_solicitud_de_mantenimiento.html Nota completa: Ejemplo de Formato de solicitud de mantenimiento', '1', '2018-09-20 02:34:21', NULL),
(52, 1, 1, 1, 200, 'dfsdfsdfsdfsdf', '1', '2018-09-22 00:10:27', NULL),
(53, 1, 1, 2, 213, 'fsadfsd', '1', '2018-09-25 18:42:44', NULL),
(54, 1, 3, 1, 213, 'fsadfsd', '0', '2018-09-25 18:42:57', '2018-09-28 00:18:09'),
(55, 2, 1, 2, 144, 'a', '1', '2018-09-26 00:53:13', NULL),
(56, 3, 2, 2, 210, 'b', '1', '2018-09-26 00:54:20', NULL),
(57, 2, 1, 2, 152, 'Por Nuestra Santa Madre Iglesia. Señor, mira con benevolencia a tu siervo Su Santidad Francisco, cabeza de tu iglesia. Concédele la gracia de edificarla con su palabra y con su ejemplo.', '1', '2018-09-26 01:01:57', NULL),
(58, 2, 1, 1, 215, 'La Biblia es Nuestra Mejor guía para la Oración. Este articulo contiene una Lista de Versículos como Ejemplos de peticiones de Oración a Dios.', '1', '2018-09-26 01:03:13', NULL),
(59, 2, 3, 1, 209, '62562', '0', '2018-09-26 01:05:53', '2018-09-26 01:16:36'),
(60, 2, 3, 1, 216, 'fdgewgwe4gewgewgewgwege4wwefwefgwe', '0', '2018-09-26 01:06:39', '2018-09-26 01:34:46'),
(61, 2, 3, 1, 210, '25602155', '0', '2018-09-26 01:08:37', '2018-09-26 01:18:38');

-- --------------------------------------------------------

--
-- Estructura de tabla para la tabla `prioridad`
--

CREATE TABLE `prioridad` (
  `idprioridad` int(11) NOT NULL,
  `descripcion` varchar(100) DEFAULT NULL,
  `estado_del` varchar(45) DEFAULT NULL
) ENGINE=InnoDB DEFAULT CHARSET=latin1;

--
-- Volcado de datos para la tabla `prioridad`
--

INSERT INTO `prioridad` (`idprioridad`, `descripcion`, `estado_del`) VALUES
(1, 'Alta', '1'),
(2, 'Media', '1'),
(3, 'Baja', '1'),
(1, 'Alta', '1'),
(2, 'Media', '1'),
(3, 'Baja', '1'),
(1, 'Alta', '1'),
(2, 'Media', '1'),
(3, 'Baja', '1'),
(1, 'Alta', '1'),
(2, 'Media', '1'),
(3, 'Baja', '1'),
(1, 'Alta', '1'),
(2, 'Media', '1'),
(3, 'Baja', '1'),
(1, 'Alta', '1'),
(2, 'Media', '1'),
(3, 'Baja', '1');

-- --------------------------------------------------------

--
-- Estructura de tabla para la tabla `software`
--

CREATE TABLE `software` (
  `idsoftware` int(11) NOT NULL,
  `idtiposoftware` int(11) NOT NULL,
  `nombre` varchar(200) CHARACTER SET latin1 NOT NULL,
  `descripcion` varchar(200) CHARACTER SET latin1 DEFAULT NULL
) ENGINE=InnoDB DEFAULT CHARSET=utf8 COLLATE=utf8_spanish_ci;

-- --------------------------------------------------------

--
-- Estructura de tabla para la tabla `tipodispositivos`
--

CREATE TABLE `tipodispositivos` (
  `idtipodispositivos` int(11) NOT NULL,
  `descripcion` varchar(100) DEFAULT NULL
) ENGINE=InnoDB DEFAULT CHARSET=latin1;

--
-- Volcado de datos para la tabla `tipodispositivos`
--

INSERT INTO `tipodispositivos` (`idtipodispositivos`, `descripcion`) VALUES
(1, 'Tipo uno'),
(2, 'Tipo dos'),
(3, 'Tipo tres'),
(1, 'Tipo uno'),
(2, 'Tipo dos'),
(3, 'Tipo tres'),
(1, 'Tipo uno'),
(2, 'Tipo dos'),
(3, 'Tipo tres'),
(1, 'Tipo uno'),
(2, 'Tipo dos'),
(3, 'Tipo tres'),
(1, 'Tipo uno'),
(2, 'Tipo dos'),
(3, 'Tipo tres'),
(1, 'Tipo uno'),
(2, 'Tipo dos'),
(3, 'Tipo tres');

-- --------------------------------------------------------

--
-- Estructura de tabla para la tabla `tipopeticion`
--

CREATE TABLE `tipopeticion` (
  `idtipopeticion` int(11) NOT NULL,
  `descripcion` varchar(45) DEFAULT NULL,
  `tiempoestimado` varchar(45) DEFAULT NULL,
  `tolerancia` varchar(45) DEFAULT NULL,
  `estado_del` varchar(45) DEFAULT NULL
) ENGINE=InnoDB DEFAULT CHARSET=latin1;

--
-- Volcado de datos para la tabla `tipopeticion`
--

INSERT INTO `tipopeticion` (`idtipopeticion`, `descripcion`, `tiempoestimado`, `tolerancia`, `estado_del`) VALUES
(1, 'Mantenimiento Correctivo', '1', '1', '1'),
(2, 'Mantenimiento Preventivo', '2', '1', '1'),
(1, 'Mantenimiento Correctivo', '1', '1', '1'),
(2, 'Mantenimiento Preventivo', '2', '1', '1'),
(1, 'Mantenimiento Correctivo', '1', '1', '1'),
(2, 'Mantenimiento Preventivo', '2', '1', '1'),
(1, 'Mantenimiento Correctivo', '1', '1', '1'),
(2, 'Mantenimiento Preventivo', '2', '1', '1'),
(1, 'Mantenimiento Correctivo', '1', '1', '1'),
(2, 'Mantenimiento Preventivo', '2', '1', '1'),
(1, 'Mantenimiento Correctivo', '1', '1', '1'),
(2, 'Mantenimiento Preventivo', '2', '1', '1');

-- --------------------------------------------------------

--
-- Estructura de tabla para la tabla `tipo_software`
--

CREATE TABLE `tipo_software` (
  `idtipo_software` int(11) NOT NULL,
  `descripcion` varchar(200) NOT NULL
) ENGINE=InnoDB DEFAULT CHARSET=latin1;

-- --------------------------------------------------------

--
-- Estructura de tabla para la tabla `tipo_usuario`
--

CREATE TABLE `tipo_usuario` (
  `idtipo_Usuario` int(10) NOT NULL,
  `descripcion` varchar(100) DEFAULT NULL
) ENGINE=InnoDB DEFAULT CHARSET=latin1;

--
-- Volcado de datos para la tabla `tipo_usuario`
--

INSERT INTO `tipo_usuario` (`idtipo_Usuario`, `descripcion`) VALUES
(1, 'Usuario Normal'),
(2, 'Administrador'),
(3, 'Secretaria'),
(4, 'Jefe Tecnología'),
(5, 'Técnico'),
(6, 'Municipal'),
(1, 'Usuario Normal'),
(2, 'Administrador'),
(3, 'Secretaria'),
(4, 'Jefe Tecnología'),
(5, 'Técnico'),
(6, 'Municipal'),
(1, 'Usuario Normal'),
(2, 'Administrador'),
(3, 'Secretaria'),
(4, 'Jefe Tecnología'),
(5, 'Técnico'),
(6, 'Municipal'),
(1, 'Usuario Normal'),
(2, 'Administrador'),
(3, 'Secretaria'),
(4, 'Jefe Tecnología'),
(5, 'Técnico'),
(6, 'Municipal'),
(1, 'Usuario Normal'),
(2, 'Administrador'),
(3, 'Secretaria'),
(4, 'Jefe Tecnología'),
(5, 'Técnico'),
(6, 'Municipal'),
(1, 'Usuario Normal'),
(2, 'Administrador'),
(3, 'Secretaria'),
(4, 'Jefe Tecnología'),
(5, 'Técnico'),
(6, 'Municipal');

-- --------------------------------------------------------

--
-- Estructura de tabla para la tabla `users`
--

CREATE TABLE `users` (
  `id` int(10) NOT NULL,
  `name` varchar(255) COLLATE utf8mb4_unicode_ci NOT NULL,
  `apellidos` varchar(255) COLLATE utf8mb4_unicode_ci NOT NULL,
  `cedula` varchar(255) COLLATE utf8mb4_unicode_ci NOT NULL,
  `sexo` varchar(255) COLLATE utf8mb4_unicode_ci NOT NULL,
  `celular` varchar(255) COLLATE utf8mb4_unicode_ci NOT NULL,
  `email` varchar(100) COLLATE utf8mb4_unicode_ci DEFAULT NULL,
  `password` varchar(255) COLLATE utf8mb4_unicode_ci NOT NULL,
  `idtipousuario` int(10) NOT NULL,
  `estado` varchar(255) COLLATE utf8mb4_unicode_ci NOT NULL,
  `idarea` int(11) NOT NULL,
  `remember_token` varchar(100) COLLATE utf8mb4_unicode_ci DEFAULT NULL,
  `created_at` timestamp NULL DEFAULT NULL,
  `updated_at` timestamp NULL DEFAULT NULL,
  `img` varchar(200) COLLATE utf8mb4_unicode_ci NOT NULL
) ENGINE=InnoDB DEFAULT CHARSET=utf8mb4 COLLATE=utf8mb4_unicode_ci;

--
-- Volcado de datos para la tabla `users`
--

INSERT INTO `users` (`id`, `name`, `apellidos`, `cedula`, `sexo`, `celular`, `email`, `password`, `idtipousuario`, `estado`, `idarea`, `remember_token`, `created_at`, `updated_at`, `img`) VALUES
(144, 'Luis', 'Coaboy', '1315700631', 'Masculino', '0982284179', 'luis@hotmail.com', '$2y$10$DbcPyiYIusYpKxPVC80o1.PHKHYmobZ/fIqpZrbeqdPHiHcAj6zl6', 4, 'Activo', 1, 'g2PLc3YI4e14qBCaKDKfhI01qLN0BsMVUgl6GbfoPcH5wzHhDguLe5GDB6fw', NULL, NULL, ''),
(148, 'junior', 'parraga', '1313402925', 'Masculino', '0990987071', 'junior_pg1995@hotmail.com', '$2y$10$q/4.N8wqEBttpnjbOoBJoO3qmlTj2fC1TMK/nTqyrFSZDJfhqdvdy', 5, 'Activo', 1, 'HBJc2f9AIH3oGrIcQzCod7irP0XpodFUsQqjIKBzQ5k1lCX3VwUh6xNbCeHg', NULL, NULL, ''),
(150, 'Gabriel', 'Pachard', '1315221562', 'Femenino', '0979932503', 'pachard@hotmail.com', '$2y$10$OQCetQywbKScrk.IDYjDKea7LuRBk5VXD2.IuM/w8msiuyYEBCe/2', 3, 'Inactivo', 1, 'ZszMV5kYsl94IO15OsZPgz8npTgf1j8F8RE7ki0DdUvTOYlTjIgIcq5nhZ9Y', NULL, NULL, 'img/avatar3.png'),
(152, 'Cesar', 'Andrade', '1311190027', 'Masculino', '0989873765', 'cesar@hotmail.com', '$2y$10$RNbK.WDTzhVQgdtodQT9quWNCHuSbBvYCSdjc8s5p1CJAVPoAf2Jy', 1, 'Activo', 1, 'rgZQqBM7Ah02pc7nmvh6WtUybf2mmLZ9cemx8CEp9DyoBLtrpquhMoWqKoXz', NULL, NULL, 'img/avatar3.png'),
(161, 'jose', 'sabando', '1315221562', 'Femenino', '0979932503', 'leonardo21@hotmail.com', '$2y$10$DHp9jij809P.71K5jeMXq.jjIS9eOOf0nB/9l2qtc1zYfBtKIiYwa', 5, 'Inactivo', 2, 'q4eHTwIIGLNHv7OCaaJXoee6dyECaPs8esHB8E3XeWGnE6s6ZHCZhu7ti42o', NULL, NULL, 'img/avatar5.png'),
(162, 'jose', '1', '1315221562', 'Masculino', '0979932503', 'leonardo31@hotmail.com', '$2y$10$kOWuW2lzFPUmNsWL54Ckw.w2PhjHRnDW5d0XiCq.OyIWgay9nl40y', 5, 'Inactivo', 1, NULL, NULL, NULL, 'img/avatar5.png'),
(193, '2', '2', '2', 'Femenino', '0979932503', 'leonardo13@hotmail.com', '$2y$10$CMnUCzo2n2uaelv.daTuPOqHHQp/l5A.cnf6hoLv4CYO9CgF.eyg2', 5, 'Inactivo', 1, NULL, NULL, NULL, 'img/avatar5.png'),
(197, 'jose', 'sabando', 'q', 'Femenino', '0979932503', 'cesar@hotmail.com', '$2y$10$A2tGMiUBra2dNvT2yy.VxexeqXhxI7eKuRlByqPy4d0fRtg7OEigO', 5, 'Inactivo', 1, NULL, NULL, NULL, 'img/avatar5.png'),
(198, 'Leonardo', 'Sabando', '131522', 'Femenino', '0979932503', 'leonardo1@hotmail.com', '$2y$10$J5uC5dZa0ajf177mbg6yjOodPFThy/hBedmkd6PMHCcXRKPe6YfF6', 2, 'Inactivo', 1, NULL, NULL, NULL, 'img/avatar5.png'),
(199, 'Leonardo', 'Sabando', '1315221562', 'Masculino', '0979932503', 'leonardo@hotmail.com', '$2y$10$ULO9iyNeuldCL81HcekYy.47C9VARs3sh4HqcnPxSBxREHi/ttJ9C', 2, 'Activo', 2, 'XiYaQiXzSBSO4QQySkjqSZYnkzn8wycoOQNRoGeXikYHVEcwO0SQAlFWqt1M', NULL, NULL, 'img/avatar5.png'),
(200, 'stefy', 'kuffo', '1313909025', 'Femenino', '0982456179', 'stefy@hotmail.com', '$2y$10$x9x.sf61LK77a9LOa3r8Y.6CU1o7jxg/cDxOEzbS2u4HVKu8b5IRW', 1, 'Activo', 2, 'Rb64PwPD52dYKKYbGwj7GLGCiAUMWFqGBTRHYmCVwyd1vWYebYil5IjKv49n', NULL, NULL, 'img/avatar5.png'),
(201, 'Gabriel', 'Pachard', '1313808027', 'Masculino', '0546856179', 'gabriel@hotmail.com', '$2y$10$2OGWOjxhyb5Q.Kqaxivmau/wWbIhhN50OMqn6ynzMw4aXe.5ywVBq', 2, 'Activo', 2, NULL, NULL, NULL, 'img/avatar5.png'),
(202, 'Maron', 'Vera', '1312929124', 'Masculino', '0945862187', 'maron@hotmail.com', '$2y$10$3qzXQ.FjB3ZnNkjLfWOXEuNhB6n9k1.iKNVmwdwxPP/wEGxUdZU4q', 4, 'Activo', 2, NULL, NULL, NULL, 'img/avatar5.png'),
(203, 'Sara', 'Zambrano', '1375486213', 'Femenino', '0982445821', 'sara@hotmail.com', '$2y$10$C8/88N9zVe1GEaprfi1n9ur2murmZiT7m5.Hf8fLV84KIRBKdUeme', 1, 'Activo', 2, NULL, NULL, NULL, 'img/avatar5.png'),
(204, 'Adrian', 'Alcívar', '1375487594', 'Masculino', '0982454578', 'adrian@hotmail.com', '$2y$10$3ViIhkRs7qIjp.r2lZs22eY9AbxhUx2v5DPY45mXQ7TxLCfEzf0ie', 5, 'Activo', 2, NULL, NULL, NULL, 'img/avatar5.png'),
(205, 'Joselin', 'Loor', '1375486542', 'Femenino', '0982475694', 'joselin@hotmail.com', '$2y$10$4grcXSSDaWAe8vro/AitSO6xaeVABgI6m9fbRgPstrS8DbLpojPZe', 3, 'Activo', 2, NULL, NULL, NULL, 'img/avatar5.png'),
(206, 'Pamela', 'Zambrano', '1313904216', 'Femenino', '0945215821', 'pamela@hotmail.com', '$2y$10$PrSrW0SeMBXKOd7pKsmbPOKuUsCAWgcDbnM4eVgQqfUrg9LBW.YQ.', 5, 'Activo', 2, NULL, NULL, NULL, 'img/avatar5.png'),
(207, 'Daniela', 'Loor', '1374213613', 'Femenino', '0982444521', 'daniela@hotmail.com', '$2y$10$ncbh6zjijEMgoeG2NkGU5OBafG.hd9F5n1LeinT/t5g.K6/w47oJy', 5, 'Inactivo', 2, NULL, NULL, NULL, 'img/avatar5.png'),
(208, 'marona', 'dsa', 'das', 'Femenino', 'das', 'leonardo@hotmail.com', '$2y$10$cuEXjoch3p6uK/t3zBhn3u5duVKs/bAn6IqzKk36Ezj9gRUiEJMz.', 1, 'Activo', 1, NULL, NULL, NULL, 'img/avatar5.png'),
(209, 'Yesenia', 'Zambrano', '1375484527', 'Femenino', '0982412563', 'yesenia@hotmail.com', '$2y$10$V2RRnIRmARVdW2kKe6/MpOL.nEQNBzFVHb3xWz.M1GhkGgVtKNa4K', 5, 'Activo', 1, NULL, NULL, NULL, 'img/avatar5.png'),
(210, 'Luis', 'Alcívar', '1374245213', 'Masculino', '0982442779', 'luis@hotmail.com', '$2y$10$pme4BC0nAAoTRHKSQjS/qOHg99l8A33TyI5z1CkrcTY2EcuME0SLG', 5, 'Activo', 1, NULL, NULL, NULL, 'img/avatar5.png'),
(211, 'Servio', 'Zambrano', '1375486457', 'Masculino', '0982445452', 'servio@hotmail.com', '$2y$10$ncnBWW0Hny/D8aHyaMp95ufjzFYLYz23vzU3ijyFT41iInt7sCt3W', 5, 'Activo', 1, NULL, NULL, NULL, 'img/avatar5.png'),
(212, 'Juan', 'Loor', '1375487542', 'Masculino', '0982445452', 'juan@hotmail.com', '$2y$10$qN0RfoHehjXjG2/10HI9YuBg/TXNN23yEDPQslMaeWM66dPtHCmUW', 5, 'Activo', 1, NULL, NULL, NULL, 'img/avatar5.png'),
(213, 'Rosa', 'Alcívar', '1375487452', 'Femenino', '0982445412', 'rosa@hotmail.com', '$2y$10$arPEBrPnpEbwAAwsVj1FsO7msgxW9F4Q6bwlbY5gtsncaxoF/zwbG', 5, 'Activo', 1, '6CgECUnMacC1M4oliqtRY9gR6VAXjpG7aAUBOCcRNv3MDa0AHQmZ706e48Yf', NULL, NULL, 'img/avatar5.png'),
(214, 'Mario', 'Alcívar', '1375484562', 'Masculino', '0982444521', 'mario@hotmail.com', '$2y$10$PrTTEcNYPp6FlKkl6hDwTu.ZrP5AFvnakwsx2EHLIg0sFhFYKz0uO', 5, 'Activo', 1, 'D2ZjbDWQ19q15n3eDrLnLQIaXf9rBiyms6BYBFtsR9hyr9ly9riZ5cYmIrxe', NULL, NULL, 'img/avatar5.png'),
(215, 'Valentina', 'Pachard', '1313909452', 'Femenino', '0982456452', 'valentina@hotmail.com', '$2y$10$F6h75UeRX2DSV3sn6n9v9egLY9NBJ3wvuM9TNqmNGgBDjPD8P7d6u', 1, 'Activo', 1, '4hNvZWPJ1XaUTQR1grh7nTxx2Jb9iXgq6VlgfFEXcerEtMJ4k13gbZ4C82RD', NULL, NULL, 'img/avatar3.png'),
(216, 'Jose', 'Loor', '1313904521', 'Masculino', '0982445412', 'jose@hotmail.com', '$2y$10$RMJflloO2MQypGuJ1VMfwu38mR9rE8vOVfHbxCWGh7hcMRCEZgJmG', 1, 'Activo', 1, NULL, NULL, NULL, 'img/avatar5.png'),
(217, 'Jose Leonardo', 'Sabando Valencia', '1315221562', 'Masculino', '0979932503', 'leonard23@hotmail.com', '$2y$10$JlHWlvGl7NBjYpWbIWGul.cfliA/Wuis0NDE1eFBIHhXhiUwJGsnG', 5, 'Activo', 3, NULL, NULL, NULL, 'img/avatar5.png'),
(144, 'Luis', 'Coaboy', '1315700631', 'Masculino', '0982284179', 'luis@hotmail.com', '$2y$10$DbcPyiYIusYpKxPVC80o1.PHKHYmobZ/fIqpZrbeqdPHiHcAj6zl6', 4, 'Activo', 1, 'g2PLc3YI4e14qBCaKDKfhI01qLN0BsMVUgl6GbfoPcH5wzHhDguLe5GDB6fw', NULL, NULL, ''),
(148, 'junior', 'parraga', '1313402925', 'Masculino', '0990987071', 'junior_pg1995@hotmail.com', '$2y$10$q/4.N8wqEBttpnjbOoBJoO3qmlTj2fC1TMK/nTqyrFSZDJfhqdvdy', 5, 'Activo', 1, 'HBJc2f9AIH3oGrIcQzCod7irP0XpodFUsQqjIKBzQ5k1lCX3VwUh6xNbCeHg', NULL, NULL, ''),
(150, 'Gabriel', 'Pachard', '1315221562', 'Femenino', '0979932503', 'pachard@hotmail.com', '$2y$10$OQCetQywbKScrk.IDYjDKea7LuRBk5VXD2.IuM/w8msiuyYEBCe/2', 3, 'Inactivo', 1, 'ZszMV5kYsl94IO15OsZPgz8npTgf1j8F8RE7ki0DdUvTOYlTjIgIcq5nhZ9Y', NULL, NULL, 'img/avatar3.png'),
(152, 'Cesar', 'Andrade', '1311190027', 'Masculino', '0989873765', 'cesar@hotmail.com', '$2y$10$RNbK.WDTzhVQgdtodQT9quWNCHuSbBvYCSdjc8s5p1CJAVPoAf2Jy', 1, 'Activo', 1, 'rgZQqBM7Ah02pc7nmvh6WtUybf2mmLZ9cemx8CEp9DyoBLtrpquhMoWqKoXz', NULL, NULL, 'img/avatar3.png'),
(161, 'jose', 'sabando', '1315221562', 'Femenino', '0979932503', 'leonardo21@hotmail.com', '$2y$10$DHp9jij809P.71K5jeMXq.jjIS9eOOf0nB/9l2qtc1zYfBtKIiYwa', 5, 'Inactivo', 2, 'q4eHTwIIGLNHv7OCaaJXoee6dyECaPs8esHB8E3XeWGnE6s6ZHCZhu7ti42o', NULL, NULL, 'img/avatar5.png'),
(162, 'jose', '1', '1315221562', 'Masculino', '0979932503', 'leonardo31@hotmail.com', '$2y$10$kOWuW2lzFPUmNsWL54Ckw.w2PhjHRnDW5d0XiCq.OyIWgay9nl40y', 5, 'Inactivo', 1, NULL, NULL, NULL, 'img/avatar5.png'),
(193, '2', '2', '2', 'Femenino', '0979932503', 'leonardo13@hotmail.com', '$2y$10$CMnUCzo2n2uaelv.daTuPOqHHQp/l5A.cnf6hoLv4CYO9CgF.eyg2', 5, 'Inactivo', 1, NULL, NULL, NULL, 'img/avatar5.png'),
(197, 'jose', 'sabando', 'q', 'Femenino', '0979932503', 'cesar@hotmail.com', '$2y$10$A2tGMiUBra2dNvT2yy.VxexeqXhxI7eKuRlByqPy4d0fRtg7OEigO', 5, 'Inactivo', 1, NULL, NULL, NULL, 'img/avatar5.png'),
(198, 'Leonardo', 'Sabando', '131522', 'Femenino', '0979932503', 'leonardo1@hotmail.com', '$2y$10$J5uC5dZa0ajf177mbg6yjOodPFThy/hBedmkd6PMHCcXRKPe6YfF6', 2, 'Inactivo', 1, NULL, NULL, NULL, 'img/avatar5.png'),
(199, 'Leonardo', 'Sabando', '1315221562', 'Masculino', '0979932503', 'leonardo@hotmail.com', '$2y$10$ULO9iyNeuldCL81HcekYy.47C9VARs3sh4HqcnPxSBxREHi/ttJ9C', 2, 'Activo', 2, 'XiYaQiXzSBSO4QQySkjqSZYnkzn8wycoOQNRoGeXikYHVEcwO0SQAlFWqt1M', NULL, NULL, 'img/avatar5.png'),
(200, 'stefy', 'kuffo', '1313909025', 'Femenino', '0982456179', 'stefy@hotmail.com', '$2y$10$x9x.sf61LK77a9LOa3r8Y.6CU1o7jxg/cDxOEzbS2u4HVKu8b5IRW', 1, 'Activo', 2, 'Rb64PwPD52dYKKYbGwj7GLGCiAUMWFqGBTRHYmCVwyd1vWYebYil5IjKv49n', NULL, NULL, 'img/avatar5.png'),
(201, 'Gabriel', 'Pachard', '1313808027', 'Masculino', '0546856179', 'gabriel@hotmail.com', '$2y$10$2OGWOjxhyb5Q.Kqaxivmau/wWbIhhN50OMqn6ynzMw4aXe.5ywVBq', 2, 'Activo', 2, NULL, NULL, NULL, 'img/avatar5.png'),
(202, 'Maron', 'Vera', '1312929124', 'Masculino', '0945862187', 'maron@hotmail.com', '$2y$10$3qzXQ.FjB3ZnNkjLfWOXEuNhB6n9k1.iKNVmwdwxPP/wEGxUdZU4q', 4, 'Activo', 2, NULL, NULL, NULL, 'img/avatar5.png'),
(203, 'Sara', 'Zambrano', '1375486213', 'Femenino', '0982445821', 'sara@hotmail.com', '$2y$10$C8/88N9zVe1GEaprfi1n9ur2murmZiT7m5.Hf8fLV84KIRBKdUeme', 1, 'Activo', 2, NULL, NULL, NULL, 'img/avatar5.png'),
(204, 'Adrian', 'Alcívar', '1375487594', 'Masculino', '0982454578', 'adrian@hotmail.com', '$2y$10$3ViIhkRs7qIjp.r2lZs22eY9AbxhUx2v5DPY45mXQ7TxLCfEzf0ie', 5, 'Activo', 2, NULL, NULL, NULL, 'img/avatar5.png'),
(205, 'Joselin', 'Loor', '1375486542', 'Femenino', '0982475694', 'joselin@hotmail.com', '$2y$10$4grcXSSDaWAe8vro/AitSO6xaeVABgI6m9fbRgPstrS8DbLpojPZe', 3, 'Activo', 2, NULL, NULL, NULL, 'img/avatar5.png'),
(206, 'Pamela', 'Zambrano', '1313904216', 'Femenino', '0945215821', 'pamela@hotmail.com', '$2y$10$PrSrW0SeMBXKOd7pKsmbPOKuUsCAWgcDbnM4eVgQqfUrg9LBW.YQ.', 5, 'Activo', 2, NULL, NULL, NULL, 'img/avatar5.png'),
(207, 'Daniela', 'Loor', '1374213613', 'Femenino', '0982444521', 'daniela@hotmail.com', '$2y$10$ncbh6zjijEMgoeG2NkGU5OBafG.hd9F5n1LeinT/t5g.K6/w47oJy', 5, 'Inactivo', 2, NULL, NULL, NULL, 'img/avatar5.png'),
(208, 'marona', 'dsa', 'das', 'Femenino', 'das', 'leonardo@hotmail.com', '$2y$10$cuEXjoch3p6uK/t3zBhn3u5duVKs/bAn6IqzKk36Ezj9gRUiEJMz.', 1, 'Activo', 1, NULL, NULL, NULL, 'img/avatar5.png'),
(209, 'Yesenia', 'Zambrano', '1375484527', 'Femenino', '0982412563', 'yesenia@hotmail.com', '$2y$10$V2RRnIRmARVdW2kKe6/MpOL.nEQNBzFVHb3xWz.M1GhkGgVtKNa4K', 5, 'Activo', 1, NULL, NULL, NULL, 'img/avatar5.png'),
(210, 'Luis', 'Alcívar', '1374245213', 'Masculino', '0982442779', 'luis@hotmail.com', '$2y$10$pme4BC0nAAoTRHKSQjS/qOHg99l8A33TyI5z1CkrcTY2EcuME0SLG', 5, 'Activo', 1, NULL, NULL, NULL, 'img/avatar5.png'),
(211, 'Servio', 'Zambrano', '1375486457', 'Masculino', '0982445452', 'servio@hotmail.com', '$2y$10$ncnBWW0Hny/D8aHyaMp95ufjzFYLYz23vzU3ijyFT41iInt7sCt3W', 5, 'Activo', 1, NULL, NULL, NULL, 'img/avatar5.png'),
(212, 'Juan', 'Loor', '1375487542', 'Masculino', '0982445452', 'juan@hotmail.com', '$2y$10$qN0RfoHehjXjG2/10HI9YuBg/TXNN23yEDPQslMaeWM66dPtHCmUW', 5, 'Activo', 1, NULL, NULL, NULL, 'img/avatar5.png'),
(213, 'Rosa', 'Alcívar', '1375487452', 'Femenino', '0982445412', 'rosa@hotmail.com', '$2y$10$arPEBrPnpEbwAAwsVj1FsO7msgxW9F4Q6bwlbY5gtsncaxoF/zwbG', 5, 'Activo', 1, '6CgECUnMacC1M4oliqtRY9gR6VAXjpG7aAUBOCcRNv3MDa0AHQmZ706e48Yf', NULL, NULL, 'img/avatar5.png'),
(214, 'Mario', 'Alcívar', '1375484562', 'Masculino', '0982444521', 'mario@hotmail.com', '$2y$10$PrTTEcNYPp6FlKkl6hDwTu.ZrP5AFvnakwsx2EHLIg0sFhFYKz0uO', 5, 'Activo', 1, 'D2ZjbDWQ19q15n3eDrLnLQIaXf9rBiyms6BYBFtsR9hyr9ly9riZ5cYmIrxe', NULL, NULL, 'img/avatar5.png'),
(215, 'Valentina', 'Pachard', '1313909452', 'Femenino', '0982456452', 'valentina@hotmail.com', '$2y$10$F6h75UeRX2DSV3sn6n9v9egLY9NBJ3wvuM9TNqmNGgBDjPD8P7d6u', 1, 'Activo', 1, '4hNvZWPJ1XaUTQR1grh7nTxx2Jb9iXgq6VlgfFEXcerEtMJ4k13gbZ4C82RD', NULL, NULL, 'img/avatar3.png'),
(216, 'Jose', 'Loor', '1313904521', 'Masculino', '0982445412', 'jose@hotmail.com', '$2y$10$RMJflloO2MQypGuJ1VMfwu38mR9rE8vOVfHbxCWGh7hcMRCEZgJmG', 1, 'Activo', 1, NULL, NULL, NULL, 'img/avatar5.png'),
(217, 'Jose Leonardo', 'Sabando Valencia', '1315221562', 'Masculino', '0979932503', 'leonard23@hotmail.com', '$2y$10$JlHWlvGl7NBjYpWbIWGul.cfliA/Wuis0NDE1eFBIHhXhiUwJGsnG', 5, 'Activo', 3, NULL, NULL, NULL, 'img/avatar5.png'),
(144, 'Luis', 'Coaboy', '1315700631', 'Masculino', '0982284179', 'luis@hotmail.com', '$2y$10$DbcPyiYIusYpKxPVC80o1.PHKHYmobZ/fIqpZrbeqdPHiHcAj6zl6', 4, 'Activo', 1, 'g2PLc3YI4e14qBCaKDKfhI01qLN0BsMVUgl6GbfoPcH5wzHhDguLe5GDB6fw', NULL, NULL, ''),
(148, 'junior', 'parraga', '1313402925', 'Masculino', '0990987071', 'junior_pg1995@hotmail.com', '$2y$10$q/4.N8wqEBttpnjbOoBJoO3qmlTj2fC1TMK/nTqyrFSZDJfhqdvdy', 5, 'Activo', 1, 'HBJc2f9AIH3oGrIcQzCod7irP0XpodFUsQqjIKBzQ5k1lCX3VwUh6xNbCeHg', NULL, NULL, ''),
(150, 'Gabriel', 'Pachard', '1315221562', 'Femenino', '0979932503', 'pachard@hotmail.com', '$2y$10$OQCetQywbKScrk.IDYjDKea7LuRBk5VXD2.IuM/w8msiuyYEBCe/2', 3, 'Inactivo', 1, 'ZszMV5kYsl94IO15OsZPgz8npTgf1j8F8RE7ki0DdUvTOYlTjIgIcq5nhZ9Y', NULL, NULL, 'img/avatar3.png'),
(152, 'Cesar', 'Andrade', '1311190027', 'Masculino', '0989873765', 'cesar@hotmail.com', '$2y$10$RNbK.WDTzhVQgdtodQT9quWNCHuSbBvYCSdjc8s5p1CJAVPoAf2Jy', 1, 'Activo', 1, 'rgZQqBM7Ah02pc7nmvh6WtUybf2mmLZ9cemx8CEp9DyoBLtrpquhMoWqKoXz', NULL, NULL, 'img/avatar3.png'),
(161, 'jose', 'sabando', '1315221562', 'Femenino', '0979932503', 'leonardo21@hotmail.com', '$2y$10$DHp9jij809P.71K5jeMXq.jjIS9eOOf0nB/9l2qtc1zYfBtKIiYwa', 5, 'Inactivo', 2, 'q4eHTwIIGLNHv7OCaaJXoee6dyECaPs8esHB8E3XeWGnE6s6ZHCZhu7ti42o', NULL, NULL, 'img/avatar5.png'),
(162, 'jose', '1', '1315221562', 'Masculino', '0979932503', 'leonardo31@hotmail.com', '$2y$10$kOWuW2lzFPUmNsWL54Ckw.w2PhjHRnDW5d0XiCq.OyIWgay9nl40y', 5, 'Inactivo', 1, NULL, NULL, NULL, 'img/avatar5.png'),
(193, '2', '2', '2', 'Femenino', '0979932503', 'leonardo13@hotmail.com', '$2y$10$CMnUCzo2n2uaelv.daTuPOqHHQp/l5A.cnf6hoLv4CYO9CgF.eyg2', 5, 'Inactivo', 1, NULL, NULL, NULL, 'img/avatar5.png'),
(197, 'jose', 'sabando', 'q', 'Femenino', '0979932503', 'cesar@hotmail.com', '$2y$10$A2tGMiUBra2dNvT2yy.VxexeqXhxI7eKuRlByqPy4d0fRtg7OEigO', 5, 'Inactivo', 1, NULL, NULL, NULL, 'img/avatar5.png'),
(198, 'Leonardo', 'Sabando', '131522', 'Femenino', '0979932503', 'leonardo1@hotmail.com', '$2y$10$J5uC5dZa0ajf177mbg6yjOodPFThy/hBedmkd6PMHCcXRKPe6YfF6', 2, 'Inactivo', 1, NULL, NULL, NULL, 'img/avatar5.png'),
(199, 'Leonardo', 'Sabando', '1315221562', 'Masculino', '0979932503', 'leonardo@hotmail.com', '$2y$10$ULO9iyNeuldCL81HcekYy.47C9VARs3sh4HqcnPxSBxREHi/ttJ9C', 2, 'Activo', 2, 'XiYaQiXzSBSO4QQySkjqSZYnkzn8wycoOQNRoGeXikYHVEcwO0SQAlFWqt1M', NULL, NULL, 'img/avatar5.png'),
(200, 'stefy', 'kuffo', '1313909025', 'Femenino', '0982456179', 'stefy@hotmail.com', '$2y$10$x9x.sf61LK77a9LOa3r8Y.6CU1o7jxg/cDxOEzbS2u4HVKu8b5IRW', 1, 'Activo', 2, 'Rb64PwPD52dYKKYbGwj7GLGCiAUMWFqGBTRHYmCVwyd1vWYebYil5IjKv49n', NULL, NULL, 'img/avatar5.png'),
(201, 'Gabriel', 'Pachard', '1313808027', 'Masculino', '0546856179', 'gabriel@hotmail.com', '$2y$10$2OGWOjxhyb5Q.Kqaxivmau/wWbIhhN50OMqn6ynzMw4aXe.5ywVBq', 2, 'Activo', 2, NULL, NULL, NULL, 'img/avatar5.png'),
(202, 'Maron', 'Vera', '1312929124', 'Masculino', '0945862187', 'maron@hotmail.com', '$2y$10$3qzXQ.FjB3ZnNkjLfWOXEuNhB6n9k1.iKNVmwdwxPP/wEGxUdZU4q', 4, 'Activo', 2, NULL, NULL, NULL, 'img/avatar5.png'),
(203, 'Sara', 'Zambrano', '1375486213', 'Femenino', '0982445821', 'sara@hotmail.com', '$2y$10$C8/88N9zVe1GEaprfi1n9ur2murmZiT7m5.Hf8fLV84KIRBKdUeme', 1, 'Activo', 2, NULL, NULL, NULL, 'img/avatar5.png'),
(204, 'Adrian', 'Alcívar', '1375487594', 'Masculino', '0982454578', 'adrian@hotmail.com', '$2y$10$3ViIhkRs7qIjp.r2lZs22eY9AbxhUx2v5DPY45mXQ7TxLCfEzf0ie', 5, 'Activo', 2, NULL, NULL, NULL, 'img/avatar5.png'),
(205, 'Joselin', 'Loor', '1375486542', 'Femenino', '0982475694', 'joselin@hotmail.com', '$2y$10$4grcXSSDaWAe8vro/AitSO6xaeVABgI6m9fbRgPstrS8DbLpojPZe', 3, 'Activo', 2, NULL, NULL, NULL, 'img/avatar5.png'),
(206, 'Pamela', 'Zambrano', '1313904216', 'Femenino', '0945215821', 'pamela@hotmail.com', '$2y$10$PrSrW0SeMBXKOd7pKsmbPOKuUsCAWgcDbnM4eVgQqfUrg9LBW.YQ.', 5, 'Activo', 2, NULL, NULL, NULL, 'img/avatar5.png'),
(207, 'Daniela', 'Loor', '1374213613', 'Femenino', '0982444521', 'daniela@hotmail.com', '$2y$10$ncbh6zjijEMgoeG2NkGU5OBafG.hd9F5n1LeinT/t5g.K6/w47oJy', 5, 'Inactivo', 2, NULL, NULL, NULL, 'img/avatar5.png'),
(208, 'marona', 'dsa', 'das', 'Femenino', 'das', 'leonardo@hotmail.com', '$2y$10$cuEXjoch3p6uK/t3zBhn3u5duVKs/bAn6IqzKk36Ezj9gRUiEJMz.', 1, 'Activo', 1, NULL, NULL, NULL, 'img/avatar5.png'),
(209, 'Yesenia', 'Zambrano', '1375484527', 'Femenino', '0982412563', 'yesenia@hotmail.com', '$2y$10$V2RRnIRmARVdW2kKe6/MpOL.nEQNBzFVHb3xWz.M1GhkGgVtKNa4K', 5, 'Activo', 1, NULL, NULL, NULL, 'img/avatar5.png'),
(210, 'Luis', 'Alcívar', '1374245213', 'Masculino', '0982442779', 'luis@hotmail.com', '$2y$10$pme4BC0nAAoTRHKSQjS/qOHg99l8A33TyI5z1CkrcTY2EcuME0SLG', 5, 'Activo', 1, NULL, NULL, NULL, 'img/avatar5.png'),
(211, 'Servio', 'Zambrano', '1375486457', 'Masculino', '0982445452', 'servio@hotmail.com', '$2y$10$ncnBWW0Hny/D8aHyaMp95ufjzFYLYz23vzU3ijyFT41iInt7sCt3W', 5, 'Activo', 1, NULL, NULL, NULL, 'img/avatar5.png'),
(212, 'Juan', 'Loor', '1375487542', 'Masculino', '0982445452', 'juan@hotmail.com', '$2y$10$qN0RfoHehjXjG2/10HI9YuBg/TXNN23yEDPQslMaeWM66dPtHCmUW', 5, 'Activo', 1, NULL, NULL, NULL, 'img/avatar5.png'),
(213, 'Rosa', 'Alcívar', '1375487452', 'Femenino', '0982445412', 'rosa@hotmail.com', '$2y$10$arPEBrPnpEbwAAwsVj1FsO7msgxW9F4Q6bwlbY5gtsncaxoF/zwbG', 5, 'Activo', 1, '6CgECUnMacC1M4oliqtRY9gR6VAXjpG7aAUBOCcRNv3MDa0AHQmZ706e48Yf', NULL, NULL, 'img/avatar5.png'),
(214, 'Mario', 'Alcívar', '1375484562', 'Masculino', '0982444521', 'mario@hotmail.com', '$2y$10$PrTTEcNYPp6FlKkl6hDwTu.ZrP5AFvnakwsx2EHLIg0sFhFYKz0uO', 5, 'Activo', 1, 'D2ZjbDWQ19q15n3eDrLnLQIaXf9rBiyms6BYBFtsR9hyr9ly9riZ5cYmIrxe', NULL, NULL, 'img/avatar5.png'),
(215, 'Valentina', 'Pachard', '1313909452', 'Femenino', '0982456452', 'valentina@hotmail.com', '$2y$10$F6h75UeRX2DSV3sn6n9v9egLY9NBJ3wvuM9TNqmNGgBDjPD8P7d6u', 1, 'Activo', 1, '4hNvZWPJ1XaUTQR1grh7nTxx2Jb9iXgq6VlgfFEXcerEtMJ4k13gbZ4C82RD', NULL, NULL, 'img/avatar3.png'),
(216, 'Jose', 'Loor', '1313904521', 'Masculino', '0982445412', 'jose@hotmail.com', '$2y$10$RMJflloO2MQypGuJ1VMfwu38mR9rE8vOVfHbxCWGh7hcMRCEZgJmG', 1, 'Activo', 1, NULL, NULL, NULL, 'img/avatar5.png'),
(217, 'Jose Leonardo', 'Sabando Valencia', '1315221562', 'Masculino', '0979932503', 'leonard23@hotmail.com', '$2y$10$JlHWlvGl7NBjYpWbIWGul.cfliA/Wuis0NDE1eFBIHhXhiUwJGsnG', 5, 'Activo', 3, NULL, NULL, NULL, 'img/avatar5.png'),
(144, 'Luis', 'Coaboy', '1315700631', 'Masculino', '0982284179', 'luis@hotmail.com', '$2y$10$DbcPyiYIusYpKxPVC80o1.PHKHYmobZ/fIqpZrbeqdPHiHcAj6zl6', 4, 'Activo', 1, 'g2PLc3YI4e14qBCaKDKfhI01qLN0BsMVUgl6GbfoPcH5wzHhDguLe5GDB6fw', NULL, NULL, ''),
(148, 'junior', 'parraga', '1313402925', 'Masculino', '0990987071', 'junior_pg1995@hotmail.com', '$2y$10$q/4.N8wqEBttpnjbOoBJoO3qmlTj2fC1TMK/nTqyrFSZDJfhqdvdy', 5, 'Activo', 1, 'HBJc2f9AIH3oGrIcQzCod7irP0XpodFUsQqjIKBzQ5k1lCX3VwUh6xNbCeHg', NULL, NULL, ''),
(150, 'Gabriel', 'Pachard', '1315221562', 'Femenino', '0979932503', 'pachard@hotmail.com', '$2y$10$OQCetQywbKScrk.IDYjDKea7LuRBk5VXD2.IuM/w8msiuyYEBCe/2', 3, 'Inactivo', 1, 'ZszMV5kYsl94IO15OsZPgz8npTgf1j8F8RE7ki0DdUvTOYlTjIgIcq5nhZ9Y', NULL, NULL, 'img/avatar3.png'),
(152, 'Cesar', 'Andrade', '1311190027', 'Masculino', '0989873765', 'cesar@hotmail.com', '$2y$10$RNbK.WDTzhVQgdtodQT9quWNCHuSbBvYCSdjc8s5p1CJAVPoAf2Jy', 1, 'Activo', 1, 'rgZQqBM7Ah02pc7nmvh6WtUybf2mmLZ9cemx8CEp9DyoBLtrpquhMoWqKoXz', NULL, NULL, 'img/avatar3.png'),
(161, 'jose', 'sabando', '1315221562', 'Femenino', '0979932503', 'leonardo21@hotmail.com', '$2y$10$DHp9jij809P.71K5jeMXq.jjIS9eOOf0nB/9l2qtc1zYfBtKIiYwa', 5, 'Inactivo', 2, 'q4eHTwIIGLNHv7OCaaJXoee6dyECaPs8esHB8E3XeWGnE6s6ZHCZhu7ti42o', NULL, NULL, 'img/avatar5.png'),
(162, 'jose', '1', '1315221562', 'Masculino', '0979932503', 'leonardo31@hotmail.com', '$2y$10$kOWuW2lzFPUmNsWL54Ckw.w2PhjHRnDW5d0XiCq.OyIWgay9nl40y', 5, 'Inactivo', 1, NULL, NULL, NULL, 'img/avatar5.png'),
(193, '2', '2', '2', 'Femenino', '0979932503', 'leonardo13@hotmail.com', '$2y$10$CMnUCzo2n2uaelv.daTuPOqHHQp/l5A.cnf6hoLv4CYO9CgF.eyg2', 5, 'Inactivo', 1, NULL, NULL, NULL, 'img/avatar5.png'),
(197, 'jose', 'sabando', 'q', 'Femenino', '0979932503', 'cesar@hotmail.com', '$2y$10$A2tGMiUBra2dNvT2yy.VxexeqXhxI7eKuRlByqPy4d0fRtg7OEigO', 5, 'Inactivo', 1, NULL, NULL, NULL, 'img/avatar5.png'),
(198, 'Leonardo', 'Sabando', '131522', 'Femenino', '0979932503', 'leonardo1@hotmail.com', '$2y$10$J5uC5dZa0ajf177mbg6yjOodPFThy/hBedmkd6PMHCcXRKPe6YfF6', 2, 'Inactivo', 1, NULL, NULL, NULL, 'img/avatar5.png'),
(199, 'Leonardo', 'Sabando', '1315221562', 'Masculino', '0979932503', 'leonardo@hotmail.com', '$2y$10$ULO9iyNeuldCL81HcekYy.47C9VARs3sh4HqcnPxSBxREHi/ttJ9C', 2, 'Activo', 2, 'XiYaQiXzSBSO4QQySkjqSZYnkzn8wycoOQNRoGeXikYHVEcwO0SQAlFWqt1M', NULL, NULL, 'img/avatar5.png'),
(200, 'stefy', 'kuffo', '1313909025', 'Femenino', '0982456179', 'stefy@hotmail.com', '$2y$10$x9x.sf61LK77a9LOa3r8Y.6CU1o7jxg/cDxOEzbS2u4HVKu8b5IRW', 1, 'Activo', 2, 'Rb64PwPD52dYKKYbGwj7GLGCiAUMWFqGBTRHYmCVwyd1vWYebYil5IjKv49n', NULL, NULL, 'img/avatar5.png'),
(201, 'Gabriel', 'Pachard', '1313808027', 'Masculino', '0546856179', 'gabriel@hotmail.com', '$2y$10$2OGWOjxhyb5Q.Kqaxivmau/wWbIhhN50OMqn6ynzMw4aXe.5ywVBq', 2, 'Activo', 2, NULL, NULL, NULL, 'img/avatar5.png'),
(202, 'Maron', 'Vera', '1312929124', 'Masculino', '0945862187', 'maron@hotmail.com', '$2y$10$3qzXQ.FjB3ZnNkjLfWOXEuNhB6n9k1.iKNVmwdwxPP/wEGxUdZU4q', 4, 'Activo', 2, NULL, NULL, NULL, 'img/avatar5.png'),
(203, 'Sara', 'Zambrano', '1375486213', 'Femenino', '0982445821', 'sara@hotmail.com', '$2y$10$C8/88N9zVe1GEaprfi1n9ur2murmZiT7m5.Hf8fLV84KIRBKdUeme', 1, 'Activo', 2, NULL, NULL, NULL, 'img/avatar5.png'),
(204, 'Adrian', 'Alcívar', '1375487594', 'Masculino', '0982454578', 'adrian@hotmail.com', '$2y$10$3ViIhkRs7qIjp.r2lZs22eY9AbxhUx2v5DPY45mXQ7TxLCfEzf0ie', 5, 'Activo', 2, NULL, NULL, NULL, 'img/avatar5.png'),
(205, 'Joselin', 'Loor', '1375486542', 'Femenino', '0982475694', 'joselin@hotmail.com', '$2y$10$4grcXSSDaWAe8vro/AitSO6xaeVABgI6m9fbRgPstrS8DbLpojPZe', 3, 'Activo', 2, NULL, NULL, NULL, 'img/avatar5.png'),
(206, 'Pamela', 'Zambrano', '1313904216', 'Femenino', '0945215821', 'pamela@hotmail.com', '$2y$10$PrSrW0SeMBXKOd7pKsmbPOKuUsCAWgcDbnM4eVgQqfUrg9LBW.YQ.', 5, 'Activo', 2, NULL, NULL, NULL, 'img/avatar5.png'),
(207, 'Daniela', 'Loor', '1374213613', 'Femenino', '0982444521', 'daniela@hotmail.com', '$2y$10$ncbh6zjijEMgoeG2NkGU5OBafG.hd9F5n1LeinT/t5g.K6/w47oJy', 5, 'Inactivo', 2, NULL, NULL, NULL, 'img/avatar5.png'),
(208, 'marona', 'dsa', 'das', 'Femenino', 'das', 'leonardo@hotmail.com', '$2y$10$cuEXjoch3p6uK/t3zBhn3u5duVKs/bAn6IqzKk36Ezj9gRUiEJMz.', 1, 'Activo', 1, NULL, NULL, NULL, 'img/avatar5.png'),
(209, 'Yesenia', 'Zambrano', '1375484527', 'Femenino', '0982412563', 'yesenia@hotmail.com', '$2y$10$V2RRnIRmARVdW2kKe6/MpOL.nEQNBzFVHb3xWz.M1GhkGgVtKNa4K', 5, 'Activo', 1, NULL, NULL, NULL, 'img/avatar5.png'),
(210, 'Luis', 'Alcívar', '1374245213', 'Masculino', '0982442779', 'luis@hotmail.com', '$2y$10$pme4BC0nAAoTRHKSQjS/qOHg99l8A33TyI5z1CkrcTY2EcuME0SLG', 5, 'Activo', 1, NULL, NULL, NULL, 'img/avatar5.png'),
(211, 'Servio', 'Zambrano', '1375486457', 'Masculino', '0982445452', 'servio@hotmail.com', '$2y$10$ncnBWW0Hny/D8aHyaMp95ufjzFYLYz23vzU3ijyFT41iInt7sCt3W', 5, 'Activo', 1, NULL, NULL, NULL, 'img/avatar5.png'),
(212, 'Juan', 'Loor', '1375487542', 'Masculino', '0982445452', 'juan@hotmail.com', '$2y$10$qN0RfoHehjXjG2/10HI9YuBg/TXNN23yEDPQslMaeWM66dPtHCmUW', 5, 'Activo', 1, NULL, NULL, NULL, 'img/avatar5.png'),
(213, 'Rosa', 'Alcívar', '1375487452', 'Femenino', '0982445412', 'rosa@hotmail.com', '$2y$10$arPEBrPnpEbwAAwsVj1FsO7msgxW9F4Q6bwlbY5gtsncaxoF/zwbG', 5, 'Activo', 1, '6CgECUnMacC1M4oliqtRY9gR6VAXjpG7aAUBOCcRNv3MDa0AHQmZ706e48Yf', NULL, NULL, 'img/avatar5.png'),
(214, 'Mario', 'Alcívar', '1375484562', 'Masculino', '0982444521', 'mario@hotmail.com', '$2y$10$PrTTEcNYPp6FlKkl6hDwTu.ZrP5AFvnakwsx2EHLIg0sFhFYKz0uO', 5, 'Activo', 1, 'D2ZjbDWQ19q15n3eDrLnLQIaXf9rBiyms6BYBFtsR9hyr9ly9riZ5cYmIrxe', NULL, NULL, 'img/avatar5.png'),
(215, 'Valentina', 'Pachard', '1313909452', 'Femenino', '0982456452', 'valentina@hotmail.com', '$2y$10$F6h75UeRX2DSV3sn6n9v9egLY9NBJ3wvuM9TNqmNGgBDjPD8P7d6u', 1, 'Activo', 1, '4hNvZWPJ1XaUTQR1grh7nTxx2Jb9iXgq6VlgfFEXcerEtMJ4k13gbZ4C82RD', NULL, NULL, 'img/avatar3.png'),
(216, 'Jose', 'Loor', '1313904521', 'Masculino', '0982445412', 'jose@hotmail.com', '$2y$10$RMJflloO2MQypGuJ1VMfwu38mR9rE8vOVfHbxCWGh7hcMRCEZgJmG', 1, 'Activo', 1, NULL, NULL, NULL, 'img/avatar5.png'),
(217, 'Jose Leonardo', 'Sabando Valencia', '1315221562', 'Masculino', '0979932503', 'leonard23@hotmail.com', '$2y$10$JlHWlvGl7NBjYpWbIWGul.cfliA/Wuis0NDE1eFBIHhXhiUwJGsnG', 5, 'Activo', 3, NULL, NULL, NULL, 'img/avatar5.png'),
(144, 'Luis', 'Coaboy', '1315700631', 'Masculino', '0982284179', 'luis@hotmail.com', '$2y$10$DbcPyiYIusYpKxPVC80o1.PHKHYmobZ/fIqpZrbeqdPHiHcAj6zl6', 4, 'Activo', 1, 'g2PLc3YI4e14qBCaKDKfhI01qLN0BsMVUgl6GbfoPcH5wzHhDguLe5GDB6fw', NULL, NULL, ''),
(148, 'junior', 'parraga', '1313402925', 'Masculino', '0990987071', 'junior_pg1995@hotmail.com', '$2y$10$q/4.N8wqEBttpnjbOoBJoO3qmlTj2fC1TMK/nTqyrFSZDJfhqdvdy', 5, 'Activo', 1, 'HBJc2f9AIH3oGrIcQzCod7irP0XpodFUsQqjIKBzQ5k1lCX3VwUh6xNbCeHg', NULL, NULL, ''),
(150, 'Gabriel', 'Pachard', '1315221562', 'Femenino', '0979932503', 'pachard@hotmail.com', '$2y$10$OQCetQywbKScrk.IDYjDKea7LuRBk5VXD2.IuM/w8msiuyYEBCe/2', 3, 'Inactivo', 1, 'ZszMV5kYsl94IO15OsZPgz8npTgf1j8F8RE7ki0DdUvTOYlTjIgIcq5nhZ9Y', NULL, NULL, 'img/avatar3.png'),
(152, 'Cesar', 'Andrade', '1311190027', 'Masculino', '0989873765', 'cesar@hotmail.com', '$2y$10$RNbK.WDTzhVQgdtodQT9quWNCHuSbBvYCSdjc8s5p1CJAVPoAf2Jy', 1, 'Activo', 1, 'rgZQqBM7Ah02pc7nmvh6WtUybf2mmLZ9cemx8CEp9DyoBLtrpquhMoWqKoXz', NULL, NULL, 'img/avatar3.png'),
(161, 'jose', 'sabando', '1315221562', 'Femenino', '0979932503', 'leonardo21@hotmail.com', '$2y$10$DHp9jij809P.71K5jeMXq.jjIS9eOOf0nB/9l2qtc1zYfBtKIiYwa', 5, 'Inactivo', 2, 'q4eHTwIIGLNHv7OCaaJXoee6dyECaPs8esHB8E3XeWGnE6s6ZHCZhu7ti42o', NULL, NULL, 'img/avatar5.png'),
(162, 'jose', '1', '1315221562', 'Masculino', '0979932503', 'leonardo31@hotmail.com', '$2y$10$kOWuW2lzFPUmNsWL54Ckw.w2PhjHRnDW5d0XiCq.OyIWgay9nl40y', 5, 'Inactivo', 1, NULL, NULL, NULL, 'img/avatar5.png'),
(193, '2', '2', '2', 'Femenino', '0979932503', 'leonardo13@hotmail.com', '$2y$10$CMnUCzo2n2uaelv.daTuPOqHHQp/l5A.cnf6hoLv4CYO9CgF.eyg2', 5, 'Inactivo', 1, NULL, NULL, NULL, 'img/avatar5.png'),
(197, 'jose', 'sabando', 'q', 'Femenino', '0979932503', 'cesar@hotmail.com', '$2y$10$A2tGMiUBra2dNvT2yy.VxexeqXhxI7eKuRlByqPy4d0fRtg7OEigO', 5, 'Inactivo', 1, NULL, NULL, NULL, 'img/avatar5.png'),
(198, 'Leonardo', 'Sabando', '131522', 'Femenino', '0979932503', 'leonardo1@hotmail.com', '$2y$10$J5uC5dZa0ajf177mbg6yjOodPFThy/hBedmkd6PMHCcXRKPe6YfF6', 2, 'Inactivo', 1, NULL, NULL, NULL, 'img/avatar5.png'),
(199, 'Leonardo', 'Sabando', '1315221562', 'Masculino', '0979932503', 'leonardo@hotmail.com', '$2y$10$ULO9iyNeuldCL81HcekYy.47C9VARs3sh4HqcnPxSBxREHi/ttJ9C', 2, 'Activo', 2, 'XiYaQiXzSBSO4QQySkjqSZYnkzn8wycoOQNRoGeXikYHVEcwO0SQAlFWqt1M', NULL, NULL, 'img/avatar5.png'),
(200, 'stefy', 'kuffo', '1313909025', 'Femenino', '0982456179', 'stefy@hotmail.com', '$2y$10$x9x.sf61LK77a9LOa3r8Y.6CU1o7jxg/cDxOEzbS2u4HVKu8b5IRW', 1, 'Activo', 2, 'Rb64PwPD52dYKKYbGwj7GLGCiAUMWFqGBTRHYmCVwyd1vWYebYil5IjKv49n', NULL, NULL, 'img/avatar5.png'),
(201, 'Gabriel', 'Pachard', '1313808027', 'Masculino', '0546856179', 'gabriel@hotmail.com', '$2y$10$2OGWOjxhyb5Q.Kqaxivmau/wWbIhhN50OMqn6ynzMw4aXe.5ywVBq', 2, 'Activo', 2, NULL, NULL, NULL, 'img/avatar5.png'),
(202, 'Maron', 'Vera', '1312929124', 'Masculino', '0945862187', 'maron@hotmail.com', '$2y$10$3qzXQ.FjB3ZnNkjLfWOXEuNhB6n9k1.iKNVmwdwxPP/wEGxUdZU4q', 4, 'Activo', 2, NULL, NULL, NULL, 'img/avatar5.png'),
(203, 'Sara', 'Zambrano', '1375486213', 'Femenino', '0982445821', 'sara@hotmail.com', '$2y$10$C8/88N9zVe1GEaprfi1n9ur2murmZiT7m5.Hf8fLV84KIRBKdUeme', 1, 'Activo', 2, NULL, NULL, NULL, 'img/avatar5.png'),
(204, 'Adrian', 'Alcívar', '1375487594', 'Masculino', '0982454578', 'adrian@hotmail.com', '$2y$10$3ViIhkRs7qIjp.r2lZs22eY9AbxhUx2v5DPY45mXQ7TxLCfEzf0ie', 5, 'Activo', 2, NULL, NULL, NULL, 'img/avatar5.png'),
(205, 'Joselin', 'Loor', '1375486542', 'Femenino', '0982475694', 'joselin@hotmail.com', '$2y$10$4grcXSSDaWAe8vro/AitSO6xaeVABgI6m9fbRgPstrS8DbLpojPZe', 3, 'Activo', 2, NULL, NULL, NULL, 'img/avatar5.png'),
(206, 'Pamela', 'Zambrano', '1313904216', 'Femenino', '0945215821', 'pamela@hotmail.com', '$2y$10$PrSrW0SeMBXKOd7pKsmbPOKuUsCAWgcDbnM4eVgQqfUrg9LBW.YQ.', 5, 'Activo', 2, NULL, NULL, NULL, 'img/avatar5.png'),
(207, 'Daniela', 'Loor', '1374213613', 'Femenino', '0982444521', 'daniela@hotmail.com', '$2y$10$ncbh6zjijEMgoeG2NkGU5OBafG.hd9F5n1LeinT/t5g.K6/w47oJy', 5, 'Inactivo', 2, NULL, NULL, NULL, 'img/avatar5.png'),
(208, 'marona', 'dsa', 'das', 'Femenino', 'das', 'leonardo@hotmail.com', '$2y$10$cuEXjoch3p6uK/t3zBhn3u5duVKs/bAn6IqzKk36Ezj9gRUiEJMz.', 1, 'Activo', 1, NULL, NULL, NULL, 'img/avatar5.png'),
(209, 'Yesenia', 'Zambrano', '1375484527', 'Femenino', '0982412563', 'yesenia@hotmail.com', '$2y$10$V2RRnIRmARVdW2kKe6/MpOL.nEQNBzFVHb3xWz.M1GhkGgVtKNa4K', 5, 'Activo', 1, NULL, NULL, NULL, 'img/avatar5.png'),
(210, 'Luis', 'Alcívar', '1374245213', 'Masculino', '0982442779', 'luis@hotmail.com', '$2y$10$pme4BC0nAAoTRHKSQjS/qOHg99l8A33TyI5z1CkrcTY2EcuME0SLG', 5, 'Activo', 1, NULL, NULL, NULL, 'img/avatar5.png'),
(211, 'Servio', 'Zambrano', '1375486457', 'Masculino', '0982445452', 'servio@hotmail.com', '$2y$10$ncnBWW0Hny/D8aHyaMp95ufjzFYLYz23vzU3ijyFT41iInt7sCt3W', 5, 'Activo', 1, NULL, NULL, NULL, 'img/avatar5.png'),
(212, 'Juan', 'Loor', '1375487542', 'Masculino', '0982445452', 'juan@hotmail.com', '$2y$10$qN0RfoHehjXjG2/10HI9YuBg/TXNN23yEDPQslMaeWM66dPtHCmUW', 5, 'Activo', 1, NULL, NULL, NULL, 'img/avatar5.png'),
(213, 'Rosa', 'Alcívar', '1375487452', 'Femenino', '0982445412', 'rosa@hotmail.com', '$2y$10$arPEBrPnpEbwAAwsVj1FsO7msgxW9F4Q6bwlbY5gtsncaxoF/zwbG', 5, 'Activo', 1, '6CgECUnMacC1M4oliqtRY9gR6VAXjpG7aAUBOCcRNv3MDa0AHQmZ706e48Yf', NULL, NULL, 'img/avatar5.png'),
(214, 'Mario', 'Alcívar', '1375484562', 'Masculino', '0982444521', 'mario@hotmail.com', '$2y$10$PrTTEcNYPp6FlKkl6hDwTu.ZrP5AFvnakwsx2EHLIg0sFhFYKz0uO', 5, 'Activo', 1, 'D2ZjbDWQ19q15n3eDrLnLQIaXf9rBiyms6BYBFtsR9hyr9ly9riZ5cYmIrxe', NULL, NULL, 'img/avatar5.png'),
(215, 'Valentina', 'Pachard', '1313909452', 'Femenino', '0982456452', 'valentina@hotmail.com', '$2y$10$F6h75UeRX2DSV3sn6n9v9egLY9NBJ3wvuM9TNqmNGgBDjPD8P7d6u', 1, 'Activo', 1, '4hNvZWPJ1XaUTQR1grh7nTxx2Jb9iXgq6VlgfFEXcerEtMJ4k13gbZ4C82RD', NULL, NULL, 'img/avatar3.png'),
(216, 'Jose', 'Loor', '1313904521', 'Masculino', '0982445412', 'jose@hotmail.com', '$2y$10$RMJflloO2MQypGuJ1VMfwu38mR9rE8vOVfHbxCWGh7hcMRCEZgJmG', 1, 'Activo', 1, NULL, NULL, NULL, 'img/avatar5.png'),
(217, 'Jose Leonardo', 'Sabando Valencia', '1315221562', 'Masculino', '0979932503', 'leonard23@hotmail.com', '$2y$10$JlHWlvGl7NBjYpWbIWGul.cfliA/Wuis0NDE1eFBIHhXhiUwJGsnG', 5, 'Activo', 3, NULL, NULL, NULL, 'img/avatar5.png'),
(144, 'Luis', 'Coaboy', '1315700631', 'Masculino', '0982284179', 'luis@hotmail.com', '$2y$10$DbcPyiYIusYpKxPVC80o1.PHKHYmobZ/fIqpZrbeqdPHiHcAj6zl6', 4, 'Activo', 1, 'g2PLc3YI4e14qBCaKDKfhI01qLN0BsMVUgl6GbfoPcH5wzHhDguLe5GDB6fw', NULL, NULL, ''),
(148, 'junior', 'parraga', '1313402925', 'Masculino', '0990987071', 'junior_pg1995@hotmail.com', '$2y$10$q/4.N8wqEBttpnjbOoBJoO3qmlTj2fC1TMK/nTqyrFSZDJfhqdvdy', 5, 'Activo', 1, 'HBJc2f9AIH3oGrIcQzCod7irP0XpodFUsQqjIKBzQ5k1lCX3VwUh6xNbCeHg', NULL, NULL, ''),
(150, 'Gabriel', 'Pachard', '1315221562', 'Femenino', '0979932503', 'pachard@hotmail.com', '$2y$10$OQCetQywbKScrk.IDYjDKea7LuRBk5VXD2.IuM/w8msiuyYEBCe/2', 3, 'Inactivo', 1, 'ZszMV5kYsl94IO15OsZPgz8npTgf1j8F8RE7ki0DdUvTOYlTjIgIcq5nhZ9Y', NULL, NULL, 'img/avatar3.png'),
(152, 'Cesar', 'Andrade', '1311190027', 'Masculino', '0989873765', 'cesar@hotmail.com', '$2y$10$RNbK.WDTzhVQgdtodQT9quWNCHuSbBvYCSdjc8s5p1CJAVPoAf2Jy', 1, 'Activo', 1, 'rgZQqBM7Ah02pc7nmvh6WtUybf2mmLZ9cemx8CEp9DyoBLtrpquhMoWqKoXz', NULL, NULL, 'img/avatar3.png'),
(161, 'jose', 'sabando', '1315221562', 'Femenino', '0979932503', 'leonardo21@hotmail.com', '$2y$10$DHp9jij809P.71K5jeMXq.jjIS9eOOf0nB/9l2qtc1zYfBtKIiYwa', 5, 'Inactivo', 2, 'q4eHTwIIGLNHv7OCaaJXoee6dyECaPs8esHB8E3XeWGnE6s6ZHCZhu7ti42o', NULL, NULL, 'img/avatar5.png'),
(162, 'jose', '1', '1315221562', 'Masculino', '0979932503', 'leonardo31@hotmail.com', '$2y$10$kOWuW2lzFPUmNsWL54Ckw.w2PhjHRnDW5d0XiCq.OyIWgay9nl40y', 5, 'Inactivo', 1, NULL, NULL, NULL, 'img/avatar5.png'),
(193, '2', '2', '2', 'Femenino', '0979932503', 'leonardo13@hotmail.com', '$2y$10$CMnUCzo2n2uaelv.daTuPOqHHQp/l5A.cnf6hoLv4CYO9CgF.eyg2', 5, 'Inactivo', 1, NULL, NULL, NULL, 'img/avatar5.png'),
(197, 'jose', 'sabando', 'q', 'Femenino', '0979932503', 'cesar@hotmail.com', '$2y$10$A2tGMiUBra2dNvT2yy.VxexeqXhxI7eKuRlByqPy4d0fRtg7OEigO', 5, 'Inactivo', 1, NULL, NULL, NULL, 'img/avatar5.png'),
(198, 'Leonardo', 'Sabando', '131522', 'Femenino', '0979932503', 'leonardo1@hotmail.com', '$2y$10$J5uC5dZa0ajf177mbg6yjOodPFThy/hBedmkd6PMHCcXRKPe6YfF6', 2, 'Inactivo', 1, NULL, NULL, NULL, 'img/avatar5.png'),
(199, 'Leonardo', 'Sabando', '1315221562', 'Masculino', '0979932503', 'leonardo@hotmail.com', '$2y$10$ULO9iyNeuldCL81HcekYy.47C9VARs3sh4HqcnPxSBxREHi/ttJ9C', 2, 'Activo', 2, 'XiYaQiXzSBSO4QQySkjqSZYnkzn8wycoOQNRoGeXikYHVEcwO0SQAlFWqt1M', NULL, NULL, 'img/avatar5.png'),
(200, 'stefy', 'kuffo', '1313909025', 'Femenino', '0982456179', 'stefy@hotmail.com', '$2y$10$x9x.sf61LK77a9LOa3r8Y.6CU1o7jxg/cDxOEzbS2u4HVKu8b5IRW', 1, 'Activo', 2, 'Rb64PwPD52dYKKYbGwj7GLGCiAUMWFqGBTRHYmCVwyd1vWYebYil5IjKv49n', NULL, NULL, 'img/avatar5.png'),
(201, 'Gabriel', 'Pachard', '1313808027', 'Masculino', '0546856179', 'gabriel@hotmail.com', '$2y$10$2OGWOjxhyb5Q.Kqaxivmau/wWbIhhN50OMqn6ynzMw4aXe.5ywVBq', 2, 'Activo', 2, NULL, NULL, NULL, 'img/avatar5.png'),
(202, 'Maron', 'Vera', '1312929124', 'Masculino', '0945862187', 'maron@hotmail.com', '$2y$10$3qzXQ.FjB3ZnNkjLfWOXEuNhB6n9k1.iKNVmwdwxPP/wEGxUdZU4q', 4, 'Activo', 2, NULL, NULL, NULL, 'img/avatar5.png'),
(203, 'Sara', 'Zambrano', '1375486213', 'Femenino', '0982445821', 'sara@hotmail.com', '$2y$10$C8/88N9zVe1GEaprfi1n9ur2murmZiT7m5.Hf8fLV84KIRBKdUeme', 1, 'Activo', 2, NULL, NULL, NULL, 'img/avatar5.png'),
(204, 'Adrian', 'Alcívar', '1375487594', 'Masculino', '0982454578', 'adrian@hotmail.com', '$2y$10$3ViIhkRs7qIjp.r2lZs22eY9AbxhUx2v5DPY45mXQ7TxLCfEzf0ie', 5, 'Activo', 2, NULL, NULL, NULL, 'img/avatar5.png'),
(205, 'Joselin', 'Loor', '1375486542', 'Femenino', '0982475694', 'joselin@hotmail.com', '$2y$10$4grcXSSDaWAe8vro/AitSO6xaeVABgI6m9fbRgPstrS8DbLpojPZe', 3, 'Activo', 2, NULL, NULL, NULL, 'img/avatar5.png'),
(206, 'Pamela', 'Zambrano', '1313904216', 'Femenino', '0945215821', 'pamela@hotmail.com', '$2y$10$PrSrW0SeMBXKOd7pKsmbPOKuUsCAWgcDbnM4eVgQqfUrg9LBW.YQ.', 5, 'Activo', 2, NULL, NULL, NULL, 'img/avatar5.png'),
(207, 'Daniela', 'Loor', '1374213613', 'Femenino', '0982444521', 'daniela@hotmail.com', '$2y$10$ncbh6zjijEMgoeG2NkGU5OBafG.hd9F5n1LeinT/t5g.K6/w47oJy', 5, 'Inactivo', 2, NULL, NULL, NULL, 'img/avatar5.png'),
(208, 'marona', 'dsa', 'das', 'Femenino', 'das', 'leonardo@hotmail.com', '$2y$10$cuEXjoch3p6uK/t3zBhn3u5duVKs/bAn6IqzKk36Ezj9gRUiEJMz.', 1, 'Activo', 1, NULL, NULL, NULL, 'img/avatar5.png'),
(209, 'Yesenia', 'Zambrano', '1375484527', 'Femenino', '0982412563', 'yesenia@hotmail.com', '$2y$10$V2RRnIRmARVdW2kKe6/MpOL.nEQNBzFVHb3xWz.M1GhkGgVtKNa4K', 5, 'Activo', 1, NULL, NULL, NULL, 'img/avatar5.png'),
(210, 'Luis', 'Alcívar', '1374245213', 'Masculino', '0982442779', 'luis@hotmail.com', '$2y$10$pme4BC0nAAoTRHKSQjS/qOHg99l8A33TyI5z1CkrcTY2EcuME0SLG', 5, 'Activo', 1, NULL, NULL, NULL, 'img/avatar5.png'),
(211, 'Servio', 'Zambrano', '1375486457', 'Masculino', '0982445452', 'servio@hotmail.com', '$2y$10$ncnBWW0Hny/D8aHyaMp95ufjzFYLYz23vzU3ijyFT41iInt7sCt3W', 5, 'Activo', 1, NULL, NULL, NULL, 'img/avatar5.png'),
(212, 'Juan', 'Loor', '1375487542', 'Masculino', '0982445452', 'juan@hotmail.com', '$2y$10$qN0RfoHehjXjG2/10HI9YuBg/TXNN23yEDPQslMaeWM66dPtHCmUW', 5, 'Activo', 1, NULL, NULL, NULL, 'img/avatar5.png'),
(213, 'Rosa', 'Alcívar', '1375487452', 'Femenino', '0982445412', 'rosa@hotmail.com', '$2y$10$arPEBrPnpEbwAAwsVj1FsO7msgxW9F4Q6bwlbY5gtsncaxoF/zwbG', 5, 'Activo', 1, '6CgECUnMacC1M4oliqtRY9gR6VAXjpG7aAUBOCcRNv3MDa0AHQmZ706e48Yf', NULL, NULL, 'img/avatar5.png'),
(214, 'Mario', 'Alcívar', '1375484562', 'Masculino', '0982444521', 'mario@hotmail.com', '$2y$10$PrTTEcNYPp6FlKkl6hDwTu.ZrP5AFvnakwsx2EHLIg0sFhFYKz0uO', 5, 'Activo', 1, 'D2ZjbDWQ19q15n3eDrLnLQIaXf9rBiyms6BYBFtsR9hyr9ly9riZ5cYmIrxe', NULL, NULL, 'img/avatar5.png'),
(215, 'Valentina', 'Pachard', '1313909452', 'Femenino', '0982456452', 'valentina@hotmail.com', '$2y$10$F6h75UeRX2DSV3sn6n9v9egLY9NBJ3wvuM9TNqmNGgBDjPD8P7d6u', 1, 'Activo', 1, '4hNvZWPJ1XaUTQR1grh7nTxx2Jb9iXgq6VlgfFEXcerEtMJ4k13gbZ4C82RD', NULL, NULL, 'img/avatar3.png'),
(216, 'Jose', 'Loor', '1313904521', 'Masculino', '0982445412', 'jose@hotmail.com', '$2y$10$RMJflloO2MQypGuJ1VMfwu38mR9rE8vOVfHbxCWGh7hcMRCEZgJmG', 1, 'Activo', 1, NULL, NULL, NULL, 'img/avatar5.png'),
(217, 'Jose Leonardo', 'Sabando Valencia', '1315221562', 'Masculino', '0979932503', 'leonard23@hotmail.com', '$2y$10$JlHWlvGl7NBjYpWbIWGul.cfliA/Wuis0NDE1eFBIHhXhiUwJGsnG', 5, 'Activo', 3, NULL, NULL, NULL, 'img/avatar5.png');

-- --------------------------------------------------------

--
-- Estructura de tabla para la tabla `user_asignacion`
--

CREATE TABLE `user_asignacion` (
  `iduser_asignacion` int(11) NOT NULL,
  `usuario_idUsuario` int(11) DEFAULT NULL,
  `peticion_idpeticion` int(11) DEFAULT NULL,
  `FechaRegistro` date DEFAULT NULL,
  `FechaInicio` date DEFAULT NULL,
  `FechaLimite` date DEFAULT NULL,
  `Observacion` varchar(3000) DEFAULT NULL,
  `HoraInicial` time NOT NULL,
  `HoraLimite` time NOT NULL
) ENGINE=InnoDB DEFAULT CHARSET=latin1;

--
-- Volcado de datos para la tabla `user_asignacion`
--

INSERT INTO `user_asignacion` (`iduser_asignacion`, `usuario_idUsuario`, `peticion_idpeticion`, `FechaRegistro`, `FechaInicio`, `FechaLimite`, `Observacion`, `HoraInicial`, `HoraLimite`) VALUES
(197, 148, 44, '2018-09-19', '2018-09-19', '2018-09-14', 'Dolor de Cabeza', '20:26:00', '03:02:00'),
(198, 204, 49, '2018-09-19', '2018-09-21', '2018-09-29', 'Para Reparar', '10:20:00', '13:25:00'),
(199, 209, 49, '2018-09-19', '2018-09-19', '2018-09-21', 'Dolor en la pierna', '20:40:00', '05:59:00'),
(200, 148, 44, '2018-09-19', '2018-09-19', '2018-09-15', 'Un formato de solicitud de mantenimiento es una solicitud que se hace por escrito  para  exponer las fallas, o defectos técnicos de algún  objeto, producto o aparato y solicitar su reparación, dirigido a la entidad responsable de ello, ya sea esta gubernamental, (en casos de mantenimientos de calles, escuelas o edificios públicos), a una fábrica o empresa, (en caso de productos defectuosos o incompletos), a una persona o empresa especializada (como en el caso del mantenimiento de edificios privados por parte de empresas que prestan el servicio de mantenimiento, o de parte de trabajadores individuales como fontaneros o electricistas).\n\nURL del artículo: https://www.ejemplode.com/11-escritos/2766-ejemplo_de_formato_de_solicitud_de_mantenimiento.html\nNota completa: Ejemplo de Formato de solicitud de mantenimiento', '21:14:00', '04:23:00'),
(201, 204, 27, '2018-09-19', '2018-09-01', '2018-09-05', 'hola que haces!', '03:21:00', '03:21:00'),
(202, 206, 27, '2018-09-19', '2018-09-08', '2018-09-09', 'dasdasdasdasd', '03:42:00', '23:04:00'),
(203, 210, 51, '2018-09-20', '2018-09-20', '2018-09-13', 'Hola que tal', '14:04:00', '03:02:00'),
(204, 213, 52, '2018-09-25', '2018-09-24', '2018-09-25', 'fsd', '14:30:00', '17:00:00'),
(205, 213, 27, '2018-09-25', '2018-09-24', '2018-09-25', '´piuouo', '14:30:00', '17:00:00'),
(206, 213, 51, '2018-09-25', '2018-09-25', '2018-09-29', 'yrtyhrt', '14:30:00', '17:00:00'),
(207, 213, 49, '2018-09-25', '2018-09-24', '2018-09-25', 'dsfdsf', '14:30:00', '17:00:00'),
(208, 204, 26, '2018-09-25', '2018-09-25', '2018-09-13', 'hgjgh', '15:00:00', '17:00:00'),
(209, 206, 26, '2018-09-25', '2018-09-15', '2018-09-25', 'dsa', '03:02:00', '03:02:00'),
(210, 210, 52, '2018-09-25', '2018-09-20', '2018-09-13', 'dsadsa', '15:00:00', '16:00:00'),
(211, 204, 53, '2018-09-25', '2018-09-25', '2018-09-25', 'sfdsdf', '10:00:00', '12:00:00'),
(212, 213, 60, '2018-09-25', '2018-09-25', '2018-08-31', 'ikjukhj', '23:45:00', '05:45:00'),
(213, 212, 60, '2018-09-25', '2018-09-25', '2018-09-25', 'Holasdhlaksjh', '10:00:00', '12:00:00'),
(214, 206, 53, '2018-09-26', '2018-09-26', '2018-09-26', 'fsdf', '04:03:00', '04:03:00'),
(215, 204, 57, '2018-09-27', '2018-09-27', '2018-09-27', 'gdfgfd', '07:21:00', '12:00:00'),
(216, 204, 55, '2018-09-27', '2018-09-27', '2018-09-27', 'hjghjhgjg', '14:30:00', '16:00:00'),
(217, 204, 58, '2018-09-27', '2018-09-27', '2018-09-27', 'hjdfsfgdsfd', '16:35:00', '17:00:00'),
(218, 206, 58, '2018-09-27', '2018-09-27', '2018-09-27', 'dfgdf', '21:30:00', '23:23:00'),
(197, 148, 44, '2018-09-19', '2018-09-19', '2018-09-14', 'Dolor de Cabeza', '20:26:00', '03:02:00'),
(198, 204, 49, '2018-09-19', '2018-09-21', '2018-09-29', 'Para Reparar', '10:20:00', '13:25:00'),
(199, 209, 49, '2018-09-19', '2018-09-19', '2018-09-21', 'Dolor en la pierna', '20:40:00', '05:59:00'),
(200, 148, 44, '2018-09-19', '2018-09-19', '2018-09-15', 'Un formato de solicitud de mantenimiento es una solicitud que se hace por escrito  para  exponer las fallas, o defectos técnicos de algún  objeto, producto o aparato y solicitar su reparación, dirigido a la entidad responsable de ello, ya sea esta gubernamental, (en casos de mantenimientos de calles, escuelas o edificios públicos), a una fábrica o empresa, (en caso de productos defectuosos o incompletos), a una persona o empresa especializada (como en el caso del mantenimiento de edificios privados por parte de empresas que prestan el servicio de mantenimiento, o de parte de trabajadores individuales como fontaneros o electricistas).\n\nURL del artículo: https://www.ejemplode.com/11-escritos/2766-ejemplo_de_formato_de_solicitud_de_mantenimiento.html\nNota completa: Ejemplo de Formato de solicitud de mantenimiento', '21:14:00', '04:23:00'),
(201, 204, 27, '2018-09-19', '2018-09-01', '2018-09-05', 'hola que haces!', '03:21:00', '03:21:00'),
(202, 206, 27, '2018-09-19', '2018-09-08', '2018-09-09', 'dasdasdasdasd', '03:42:00', '23:04:00'),
(203, 210, 51, '2018-09-20', '2018-09-20', '2018-09-13', 'Hola que tal', '14:04:00', '03:02:00'),
(204, 213, 52, '2018-09-25', '2018-09-24', '2018-09-25', 'fsd', '14:30:00', '17:00:00'),
(205, 213, 27, '2018-09-25', '2018-09-24', '2018-09-25', '´piuouo', '14:30:00', '17:00:00'),
(206, 213, 51, '2018-09-25', '2018-09-25', '2018-09-29', 'yrtyhrt', '14:30:00', '17:00:00'),
(207, 213, 49, '2018-09-25', '2018-09-24', '2018-09-25', 'dsfdsf', '14:30:00', '17:00:00'),
(208, 204, 26, '2018-09-25', '2018-09-25', '2018-09-13', 'hgjgh', '15:00:00', '17:00:00'),
(209, 206, 26, '2018-09-25', '2018-09-15', '2018-09-25', 'dsa', '03:02:00', '03:02:00'),
(210, 210, 52, '2018-09-25', '2018-09-20', '2018-09-13', 'dsadsa', '15:00:00', '16:00:00'),
(211, 204, 53, '2018-09-25', '2018-09-25', '2018-09-25', 'sfdsdf', '10:00:00', '12:00:00'),
(212, 213, 60, '2018-09-25', '2018-09-25', '2018-08-31', 'ikjukhj', '23:45:00', '05:45:00'),
(213, 212, 60, '2018-09-25', '2018-09-25', '2018-09-25', 'Holasdhlaksjh', '10:00:00', '12:00:00'),
(214, 206, 53, '2018-09-26', '2018-09-26', '2018-09-26', 'fsdf', '04:03:00', '04:03:00'),
(215, 204, 57, '2018-09-27', '2018-09-27', '2018-09-27', 'gdfgfd', '07:21:00', '12:00:00'),
(216, 204, 55, '2018-09-27', '2018-09-27', '2018-09-27', 'hjghjhgjg', '14:30:00', '16:00:00'),
(217, 204, 58, '2018-09-27', '2018-09-27', '2018-09-27', 'hjdfsfgdsfd', '16:35:00', '17:00:00'),
(218, 206, 58, '2018-09-27', '2018-09-27', '2018-09-27', 'dfgdf', '21:30:00', '23:23:00'),
(197, 148, 44, '2018-09-19', '2018-09-19', '2018-09-14', 'Dolor de Cabeza', '20:26:00', '03:02:00'),
(198, 204, 49, '2018-09-19', '2018-09-21', '2018-09-29', 'Para Reparar', '10:20:00', '13:25:00'),
(199, 209, 49, '2018-09-19', '2018-09-19', '2018-09-21', 'Dolor en la pierna', '20:40:00', '05:59:00'),
(200, 148, 44, '2018-09-19', '2018-09-19', '2018-09-15', 'Un formato de solicitud de mantenimiento es una solicitud que se hace por escrito  para  exponer las fallas, o defectos técnicos de algún  objeto, producto o aparato y solicitar su reparación, dirigido a la entidad responsable de ello, ya sea esta gubernamental, (en casos de mantenimientos de calles, escuelas o edificios públicos), a una fábrica o empresa, (en caso de productos defectuosos o incompletos), a una persona o empresa especializada (como en el caso del mantenimiento de edificios privados por parte de empresas que prestan el servicio de mantenimiento, o de parte de trabajadores individuales como fontaneros o electricistas).\n\nURL del artículo: https://www.ejemplode.com/11-escritos/2766-ejemplo_de_formato_de_solicitud_de_mantenimiento.html\nNota completa: Ejemplo de Formato de solicitud de mantenimiento', '21:14:00', '04:23:00'),
(201, 204, 27, '2018-09-19', '2018-09-01', '2018-09-05', 'hola que haces!', '03:21:00', '03:21:00'),
(202, 206, 27, '2018-09-19', '2018-09-08', '2018-09-09', 'dasdasdasdasd', '03:42:00', '23:04:00'),
(203, 210, 51, '2018-09-20', '2018-09-20', '2018-09-13', 'Hola que tal', '14:04:00', '03:02:00'),
(204, 213, 52, '2018-09-25', '2018-09-24', '2018-09-25', 'fsd', '14:30:00', '17:00:00'),
(205, 213, 27, '2018-09-25', '2018-09-24', '2018-09-25', '´piuouo', '14:30:00', '17:00:00'),
(206, 213, 51, '2018-09-25', '2018-09-25', '2018-09-29', 'yrtyhrt', '14:30:00', '17:00:00'),
(207, 213, 49, '2018-09-25', '2018-09-24', '2018-09-25', 'dsfdsf', '14:30:00', '17:00:00'),
(208, 204, 26, '2018-09-25', '2018-09-25', '2018-09-13', 'hgjgh', '15:00:00', '17:00:00'),
(209, 206, 26, '2018-09-25', '2018-09-15', '2018-09-25', 'dsa', '03:02:00', '03:02:00'),
(210, 210, 52, '2018-09-25', '2018-09-20', '2018-09-13', 'dsadsa', '15:00:00', '16:00:00'),
(211, 204, 53, '2018-09-25', '2018-09-25', '2018-09-25', 'sfdsdf', '10:00:00', '12:00:00'),
(212, 213, 60, '2018-09-25', '2018-09-25', '2018-08-31', 'ikjukhj', '23:45:00', '05:45:00'),
(213, 212, 60, '2018-09-25', '2018-09-25', '2018-09-25', 'Holasdhlaksjh', '10:00:00', '12:00:00'),
(214, 206, 53, '2018-09-26', '2018-09-26', '2018-09-26', 'fsdf', '04:03:00', '04:03:00'),
(215, 204, 57, '2018-09-27', '2018-09-27', '2018-09-27', 'gdfgfd', '07:21:00', '12:00:00'),
(216, 204, 55, '2018-09-27', '2018-09-27', '2018-09-27', 'hjghjhgjg', '14:30:00', '16:00:00'),
(217, 204, 58, '2018-09-27', '2018-09-27', '2018-09-27', 'hjdfsfgdsfd', '16:35:00', '17:00:00'),
(218, 206, 58, '2018-09-27', '2018-09-27', '2018-09-27', 'dfgdf', '21:30:00', '23:23:00'),
(197, 148, 44, '2018-09-19', '2018-09-19', '2018-09-14', 'Dolor de Cabeza', '20:26:00', '03:02:00'),
(198, 204, 49, '2018-09-19', '2018-09-21', '2018-09-29', 'Para Reparar', '10:20:00', '13:25:00'),
(199, 209, 49, '2018-09-19', '2018-09-19', '2018-09-21', 'Dolor en la pierna', '20:40:00', '05:59:00'),
(200, 148, 44, '2018-09-19', '2018-09-19', '2018-09-15', 'Un formato de solicitud de mantenimiento es una solicitud que se hace por escrito  para  exponer las fallas, o defectos técnicos de algún  objeto, producto o aparato y solicitar su reparación, dirigido a la entidad responsable de ello, ya sea esta gubernamental, (en casos de mantenimientos de calles, escuelas o edificios públicos), a una fábrica o empresa, (en caso de productos defectuosos o incompletos), a una persona o empresa especializada (como en el caso del mantenimiento de edificios privados por parte de empresas que prestan el servicio de mantenimiento, o de parte de trabajadores individuales como fontaneros o electricistas).\n\nURL del artículo: https://www.ejemplode.com/11-escritos/2766-ejemplo_de_formato_de_solicitud_de_mantenimiento.html\nNota completa: Ejemplo de Formato de solicitud de mantenimiento', '21:14:00', '04:23:00'),
(201, 204, 27, '2018-09-19', '2018-09-01', '2018-09-05', 'hola que haces!', '03:21:00', '03:21:00'),
(202, 206, 27, '2018-09-19', '2018-09-08', '2018-09-09', 'dasdasdasdasd', '03:42:00', '23:04:00'),
(203, 210, 51, '2018-09-20', '2018-09-20', '2018-09-13', 'Hola que tal', '14:04:00', '03:02:00'),
(204, 213, 52, '2018-09-25', '2018-09-24', '2018-09-25', 'fsd', '14:30:00', '17:00:00'),
(205, 213, 27, '2018-09-25', '2018-09-24', '2018-09-25', '´piuouo', '14:30:00', '17:00:00'),
(206, 213, 51, '2018-09-25', '2018-09-25', '2018-09-29', 'yrtyhrt', '14:30:00', '17:00:00'),
(207, 213, 49, '2018-09-25', '2018-09-24', '2018-09-25', 'dsfdsf', '14:30:00', '17:00:00'),
(208, 204, 26, '2018-09-25', '2018-09-25', '2018-09-13', 'hgjgh', '15:00:00', '17:00:00'),
(209, 206, 26, '2018-09-25', '2018-09-15', '2018-09-25', 'dsa', '03:02:00', '03:02:00'),
(210, 210, 52, '2018-09-25', '2018-09-20', '2018-09-13', 'dsadsa', '15:00:00', '16:00:00'),
(211, 204, 53, '2018-09-25', '2018-09-25', '2018-09-25', 'sfdsdf', '10:00:00', '12:00:00'),
(212, 213, 60, '2018-09-25', '2018-09-25', '2018-08-31', 'ikjukhj', '23:45:00', '05:45:00'),
(213, 212, 60, '2018-09-25', '2018-09-25', '2018-09-25', 'Holasdhlaksjh', '10:00:00', '12:00:00'),
(214, 206, 53, '2018-09-26', '2018-09-26', '2018-09-26', 'fsdf', '04:03:00', '04:03:00'),
(215, 204, 57, '2018-09-27', '2018-09-27', '2018-09-27', 'gdfgfd', '07:21:00', '12:00:00'),
(216, 204, 55, '2018-09-27', '2018-09-27', '2018-09-27', 'hjghjhgjg', '14:30:00', '16:00:00'),
(217, 204, 58, '2018-09-27', '2018-09-27', '2018-09-27', 'hjdfsfgdsfd', '16:35:00', '17:00:00'),
(218, 206, 58, '2018-09-27', '2018-09-27', '2018-09-27', 'dfgdf', '21:30:00', '23:23:00'),
(197, 148, 44, '2018-09-19', '2018-09-19', '2018-09-14', 'Dolor de Cabeza', '20:26:00', '03:02:00'),
(198, 204, 49, '2018-09-19', '2018-09-21', '2018-09-29', 'Para Reparar', '10:20:00', '13:25:00'),
(199, 209, 49, '2018-09-19', '2018-09-19', '2018-09-21', 'Dolor en la pierna', '20:40:00', '05:59:00'),
(200, 148, 44, '2018-09-19', '2018-09-19', '2018-09-15', 'Un formato de solicitud de mantenimiento es una solicitud que se hace por escrito  para  exponer las fallas, o defectos técnicos de algún  objeto, producto o aparato y solicitar su reparación, dirigido a la entidad responsable de ello, ya sea esta gubernamental, (en casos de mantenimientos de calles, escuelas o edificios públicos), a una fábrica o empresa, (en caso de productos defectuosos o incompletos), a una persona o empresa especializada (como en el caso del mantenimiento de edificios privados por parte de empresas que prestan el servicio de mantenimiento, o de parte de trabajadores individuales como fontaneros o electricistas).\n\nURL del artículo: https://www.ejemplode.com/11-escritos/2766-ejemplo_de_formato_de_solicitud_de_mantenimiento.html\nNota completa: Ejemplo de Formato de solicitud de mantenimiento', '21:14:00', '04:23:00'),
(201, 204, 27, '2018-09-19', '2018-09-01', '2018-09-05', 'hola que haces!', '03:21:00', '03:21:00'),
(202, 206, 27, '2018-09-19', '2018-09-08', '2018-09-09', 'dasdasdasdasd', '03:42:00', '23:04:00'),
(203, 210, 51, '2018-09-20', '2018-09-20', '2018-09-13', 'Hola que tal', '14:04:00', '03:02:00'),
(204, 213, 52, '2018-09-25', '2018-09-24', '2018-09-25', 'fsd', '14:30:00', '17:00:00'),
(205, 213, 27, '2018-09-25', '2018-09-24', '2018-09-25', '´piuouo', '14:30:00', '17:00:00'),
(206, 213, 51, '2018-09-25', '2018-09-25', '2018-09-29', 'yrtyhrt', '14:30:00', '17:00:00'),
(207, 213, 49, '2018-09-25', '2018-09-24', '2018-09-25', 'dsfdsf', '14:30:00', '17:00:00'),
(208, 204, 26, '2018-09-25', '2018-09-25', '2018-09-13', 'hgjgh', '15:00:00', '17:00:00'),
(209, 206, 26, '2018-09-25', '2018-09-15', '2018-09-25', 'dsa', '03:02:00', '03:02:00'),
(210, 210, 52, '2018-09-25', '2018-09-20', '2018-09-13', 'dsadsa', '15:00:00', '16:00:00'),
(211, 204, 53, '2018-09-25', '2018-09-25', '2018-09-25', 'sfdsdf', '10:00:00', '12:00:00'),
(212, 213, 60, '2018-09-25', '2018-09-25', '2018-08-31', 'ikjukhj', '23:45:00', '05:45:00'),
(213, 212, 60, '2018-09-25', '2018-09-25', '2018-09-25', 'Holasdhlaksjh', '10:00:00', '12:00:00'),
(214, 206, 53, '2018-09-26', '2018-09-26', '2018-09-26', 'fsdf', '04:03:00', '04:03:00'),
(215, 204, 57, '2018-09-27', '2018-09-27', '2018-09-27', 'gdfgfd', '07:21:00', '12:00:00'),
(216, 204, 55, '2018-09-27', '2018-09-27', '2018-09-27', 'hjghjhgjg', '14:30:00', '16:00:00'),
(217, 204, 58, '2018-09-27', '2018-09-27', '2018-09-27', 'hjdfsfgdsfd', '16:35:00', '17:00:00'),
(218, 206, 58, '2018-09-27', '2018-09-27', '2018-09-27', 'dfgdf', '21:30:00', '23:23:00'),
(197, 148, 44, '2018-09-19', '2018-09-19', '2018-09-14', 'Dolor de Cabeza', '20:26:00', '03:02:00'),
(198, 204, 49, '2018-09-19', '2018-09-21', '2018-09-29', 'Para Reparar', '10:20:00', '13:25:00'),
(199, 209, 49, '2018-09-19', '2018-09-19', '2018-09-21', 'Dolor en la pierna', '20:40:00', '05:59:00'),
(200, 148, 44, '2018-09-19', '2018-09-19', '2018-09-15', 'Un formato de solicitud de mantenimiento es una solicitud que se hace por escrito  para  exponer las fallas, o defectos técnicos de algún  objeto, producto o aparato y solicitar su reparación, dirigido a la entidad responsable de ello, ya sea esta gubernamental, (en casos de mantenimientos de calles, escuelas o edificios públicos), a una fábrica o empresa, (en caso de productos defectuosos o incompletos), a una persona o empresa especializada (como en el caso del mantenimiento de edificios privados por parte de empresas que prestan el servicio de mantenimiento, o de parte de trabajadores individuales como fontaneros o electricistas).\n\nURL del artículo: https://www.ejemplode.com/11-escritos/2766-ejemplo_de_formato_de_solicitud_de_mantenimiento.html\nNota completa: Ejemplo de Formato de solicitud de mantenimiento', '21:14:00', '04:23:00'),
(201, 204, 27, '2018-09-19', '2018-09-01', '2018-09-05', 'hola que haces!', '03:21:00', '03:21:00'),
(202, 206, 27, '2018-09-19', '2018-09-08', '2018-09-09', 'dasdasdasdasd', '03:42:00', '23:04:00'),
(203, 210, 51, '2018-09-20', '2018-09-20', '2018-09-13', 'Hola que tal', '14:04:00', '03:02:00'),
(204, 213, 52, '2018-09-25', '2018-09-24', '2018-09-25', 'fsd', '14:30:00', '17:00:00'),
(205, 213, 27, '2018-09-25', '2018-09-24', '2018-09-25', '´piuouo', '14:30:00', '17:00:00'),
(206, 213, 51, '2018-09-25', '2018-09-25', '2018-09-29', 'yrtyhrt', '14:30:00', '17:00:00'),
(207, 213, 49, '2018-09-25', '2018-09-24', '2018-09-25', 'dsfdsf', '14:30:00', '17:00:00'),
(208, 204, 26, '2018-09-25', '2018-09-25', '2018-09-13', 'hgjgh', '15:00:00', '17:00:00'),
(209, 206, 26, '2018-09-25', '2018-09-15', '2018-09-25', 'dsa', '03:02:00', '03:02:00'),
(210, 210, 52, '2018-09-25', '2018-09-20', '2018-09-13', 'dsadsa', '15:00:00', '16:00:00'),
(211, 204, 53, '2018-09-25', '2018-09-25', '2018-09-25', 'sfdsdf', '10:00:00', '12:00:00'),
(212, 213, 60, '2018-09-25', '2018-09-25', '2018-08-31', 'ikjukhj', '23:45:00', '05:45:00'),
(213, 212, 60, '2018-09-25', '2018-09-25', '2018-09-25', 'Holasdhlaksjh', '10:00:00', '12:00:00'),
(214, 206, 53, '2018-09-26', '2018-09-26', '2018-09-26', 'fsdf', '04:03:00', '04:03:00'),
(215, 204, 57, '2018-09-27', '2018-09-27', '2018-09-27', 'gdfgfd', '07:21:00', '12:00:00'),
(216, 204, 55, '2018-09-27', '2018-09-27', '2018-09-27', 'hjghjhgjg', '14:30:00', '16:00:00'),
(217, 204, 58, '2018-09-27', '2018-09-27', '2018-09-27', 'hjdfsfgdsfd', '16:35:00', '17:00:00'),
(218, 206, 58, '2018-09-27', '2018-09-27', '2018-09-27', 'dfgdf', '21:30:00', '23:23:00');

-- --------------------------------------------------------

--
-- Estructura de tabla para la tabla `usuario_dispositivo`
--

CREATE TABLE `usuario_dispositivo` (
  `idusuario_dispositivo` int(11) NOT NULL,
  `fecha_inicio` varchar(100) DEFAULT NULL,
  `fecha_fin` varchar(100) DEFAULT NULL,
  `usuario_idUsuario` int(11) DEFAULT NULL,
  `dispositivos_iddispositivos` int(11) DEFAULT NULL
) ENGINE=InnoDB DEFAULT CHARSET=latin1;

--
-- Volcado de datos para la tabla `usuario_dispositivo`
--

INSERT INTO `usuario_dispositivo` (`idusuario_dispositivo`, `fecha_inicio`, `fecha_fin`, `usuario_idUsuario`, `dispositivos_iddispositivos`) VALUES
(32, '2018-09-20', '2018-09-30', 148, 24),
(32, '2018-09-20', '2018-09-30', 148, 24),
(32, '2018-09-20', '2018-09-30', 148, 24),
(32, '2018-09-20', '2018-09-30', 148, 24),
(32, '2018-09-20', '2018-09-30', 148, 24),
(32, '2018-09-20', '2018-09-30', 148, 24);

-- --------------------------------------------------------

--
-- Estructura de tabla para la tabla `usuario_software`
--

CREATE TABLE `usuario_software` (
  `idusuario_software` int(11) NOT NULL,
  `idusuario` int(10) NOT NULL,
  `idsoftware` int(11) NOT NULL,
  `estado` varchar(45) CHARACTER SET latin1 DEFAULT NULL
) ENGINE=InnoDB DEFAULT CHARSET=utf8 COLLATE=utf8_spanish_ci;

--
-- Índices para tablas volcadas
--

--
-- Indices de la tabla `archivos`
--
ALTER TABLE `archivos`
  ADD PRIMARY KEY (`id`);

--
-- Indices de la tabla `area`
--
ALTER TABLE `area`
  ADD PRIMARY KEY (`idarea`);

--
-- Indices de la tabla `asignacion`
--
ALTER TABLE `asignacion`
  ADD PRIMARY KEY (`idasignacion`,`Ficha_idFicha`,`peticion_idpeticion`);

--
-- Indices de la tabla `dispositivos`
--
ALTER TABLE `dispositivos`
  ADD PRIMARY KEY (`iddispositivos`,`idtipodispositivos`),
  ADD KEY `fk_dispositivos_tipodispositivos1_idx` (`idtipodispositivos`);

--
-- Indices de la tabla `especialidad`
--
ALTER TABLE `especialidad`
  ADD PRIMARY KEY (`idespecialidad`);

--
-- Indices de la tabla `estado`
--
ALTER TABLE `estado`
  ADD PRIMARY KEY (`idestado`);
--
-- Base de datos: `phpmyadmin`
--
CREATE DATABASE IF NOT EXISTS `phpmyadmin` DEFAULT CHARACTER SET utf8 COLLATE utf8_bin;
USE `phpmyadmin`;

-- --------------------------------------------------------

--
-- Estructura de tabla para la tabla `pma__bookmark`
--

CREATE TABLE `pma__bookmark` (
  `id` int(10) UNSIGNED NOT NULL,
  `dbase` varchar(255) COLLATE utf8_bin NOT NULL DEFAULT '',
  `user` varchar(255) COLLATE utf8_bin NOT NULL DEFAULT '',
  `label` varchar(255) CHARACTER SET utf8 NOT NULL DEFAULT '',
  `query` text COLLATE utf8_bin NOT NULL
) ENGINE=InnoDB DEFAULT CHARSET=utf8 COLLATE=utf8_bin COMMENT='Bookmarks';

-- --------------------------------------------------------

--
-- Estructura de tabla para la tabla `pma__central_columns`
--

CREATE TABLE `pma__central_columns` (
  `db_name` varchar(64) COLLATE utf8_bin NOT NULL,
  `col_name` varchar(64) COLLATE utf8_bin NOT NULL,
  `col_type` varchar(64) COLLATE utf8_bin NOT NULL,
  `col_length` text COLLATE utf8_bin DEFAULT NULL,
  `col_collation` varchar(64) COLLATE utf8_bin NOT NULL,
  `col_isNull` tinyint(1) NOT NULL,
  `col_extra` varchar(255) COLLATE utf8_bin DEFAULT '',
  `col_default` text COLLATE utf8_bin DEFAULT NULL
) ENGINE=InnoDB DEFAULT CHARSET=utf8 COLLATE=utf8_bin COMMENT='Central list of columns';

-- --------------------------------------------------------

--
-- Estructura de tabla para la tabla `pma__column_info`
--

CREATE TABLE `pma__column_info` (
  `id` int(5) UNSIGNED NOT NULL,
  `db_name` varchar(64) COLLATE utf8_bin NOT NULL DEFAULT '',
  `table_name` varchar(64) COLLATE utf8_bin NOT NULL DEFAULT '',
  `column_name` varchar(64) COLLATE utf8_bin NOT NULL DEFAULT '',
  `comment` varchar(255) CHARACTER SET utf8 NOT NULL DEFAULT '',
  `mimetype` varchar(255) CHARACTER SET utf8 NOT NULL DEFAULT '',
  `transformation` varchar(255) COLLATE utf8_bin NOT NULL DEFAULT '',
  `transformation_options` varchar(255) COLLATE utf8_bin NOT NULL DEFAULT '',
  `input_transformation` varchar(255) COLLATE utf8_bin NOT NULL DEFAULT '',
  `input_transformation_options` varchar(255) COLLATE utf8_bin NOT NULL DEFAULT ''
) ENGINE=InnoDB DEFAULT CHARSET=utf8 COLLATE=utf8_bin COMMENT='Column information for phpMyAdmin';

-- --------------------------------------------------------

--
-- Estructura de tabla para la tabla `pma__designer_settings`
--

CREATE TABLE `pma__designer_settings` (
  `username` varchar(64) COLLATE utf8_bin NOT NULL,
  `settings_data` text COLLATE utf8_bin NOT NULL
) ENGINE=InnoDB DEFAULT CHARSET=utf8 COLLATE=utf8_bin COMMENT='Settings related to Designer';

-- --------------------------------------------------------

--
-- Estructura de tabla para la tabla `pma__export_templates`
--

CREATE TABLE `pma__export_templates` (
  `id` int(5) UNSIGNED NOT NULL,
  `username` varchar(64) COLLATE utf8_bin NOT NULL,
  `export_type` varchar(10) COLLATE utf8_bin NOT NULL,
  `template_name` varchar(64) COLLATE utf8_bin NOT NULL,
  `template_data` text COLLATE utf8_bin NOT NULL
) ENGINE=InnoDB DEFAULT CHARSET=utf8 COLLATE=utf8_bin COMMENT='Saved export templates';

-- --------------------------------------------------------

--
-- Estructura de tabla para la tabla `pma__favorite`
--

CREATE TABLE `pma__favorite` (
  `username` varchar(64) COLLATE utf8_bin NOT NULL,
  `tables` text COLLATE utf8_bin NOT NULL
) ENGINE=InnoDB DEFAULT CHARSET=utf8 COLLATE=utf8_bin COMMENT='Favorite tables';

-- --------------------------------------------------------

--
-- Estructura de tabla para la tabla `pma__history`
--

CREATE TABLE `pma__history` (
  `id` bigint(20) UNSIGNED NOT NULL,
  `username` varchar(64) COLLATE utf8_bin NOT NULL DEFAULT '',
  `db` varchar(64) COLLATE utf8_bin NOT NULL DEFAULT '',
  `table` varchar(64) COLLATE utf8_bin NOT NULL DEFAULT '',
  `timevalue` timestamp NOT NULL DEFAULT current_timestamp(),
  `sqlquery` text COLLATE utf8_bin NOT NULL
) ENGINE=InnoDB DEFAULT CHARSET=utf8 COLLATE=utf8_bin COMMENT='SQL history for phpMyAdmin';

-- --------------------------------------------------------

--
-- Estructura de tabla para la tabla `pma__navigationhiding`
--

CREATE TABLE `pma__navigationhiding` (
  `username` varchar(64) COLLATE utf8_bin NOT NULL,
  `item_name` varchar(64) COLLATE utf8_bin NOT NULL,
  `item_type` varchar(64) COLLATE utf8_bin NOT NULL,
  `db_name` varchar(64) COLLATE utf8_bin NOT NULL,
  `table_name` varchar(64) COLLATE utf8_bin NOT NULL
) ENGINE=InnoDB DEFAULT CHARSET=utf8 COLLATE=utf8_bin COMMENT='Hidden items of navigation tree';

-- --------------------------------------------------------

--
-- Estructura de tabla para la tabla `pma__pdf_pages`
--

CREATE TABLE `pma__pdf_pages` (
  `db_name` varchar(64) COLLATE utf8_bin NOT NULL DEFAULT '',
  `page_nr` int(10) UNSIGNED NOT NULL,
  `page_descr` varchar(50) CHARACTER SET utf8 NOT NULL DEFAULT ''
) ENGINE=InnoDB DEFAULT CHARSET=utf8 COLLATE=utf8_bin COMMENT='PDF relation pages for phpMyAdmin';

-- --------------------------------------------------------

--
-- Estructura de tabla para la tabla `pma__recent`
--

CREATE TABLE `pma__recent` (
  `username` varchar(64) COLLATE utf8_bin NOT NULL,
  `tables` text COLLATE utf8_bin NOT NULL
) ENGINE=InnoDB DEFAULT CHARSET=utf8 COLLATE=utf8_bin COMMENT='Recently accessed tables';

--
-- Volcado de datos para la tabla `pma__recent`
--

INSERT INTO `pma__recent` (`username`, `tables`) VALUES
('root', '[{\"db\":\"cardiocentro_manta\",\"table\":\"area\"}]');

-- --------------------------------------------------------

--
-- Estructura de tabla para la tabla `pma__relation`
--

CREATE TABLE `pma__relation` (
  `master_db` varchar(64) COLLATE utf8_bin NOT NULL DEFAULT '',
  `master_table` varchar(64) COLLATE utf8_bin NOT NULL DEFAULT '',
  `master_field` varchar(64) COLLATE utf8_bin NOT NULL DEFAULT '',
  `foreign_db` varchar(64) COLLATE utf8_bin NOT NULL DEFAULT '',
  `foreign_table` varchar(64) COLLATE utf8_bin NOT NULL DEFAULT '',
  `foreign_field` varchar(64) COLLATE utf8_bin NOT NULL DEFAULT ''
) ENGINE=InnoDB DEFAULT CHARSET=utf8 COLLATE=utf8_bin COMMENT='Relation table';

-- --------------------------------------------------------

--
-- Estructura de tabla para la tabla `pma__savedsearches`
--

CREATE TABLE `pma__savedsearches` (
  `id` int(5) UNSIGNED NOT NULL,
  `username` varchar(64) COLLATE utf8_bin NOT NULL DEFAULT '',
  `db_name` varchar(64) COLLATE utf8_bin NOT NULL DEFAULT '',
  `search_name` varchar(64) COLLATE utf8_bin NOT NULL DEFAULT '',
  `search_data` text COLLATE utf8_bin NOT NULL
) ENGINE=InnoDB DEFAULT CHARSET=utf8 COLLATE=utf8_bin COMMENT='Saved searches';

-- --------------------------------------------------------

--
-- Estructura de tabla para la tabla `pma__table_coords`
--

CREATE TABLE `pma__table_coords` (
  `db_name` varchar(64) COLLATE utf8_bin NOT NULL DEFAULT '',
  `table_name` varchar(64) COLLATE utf8_bin NOT NULL DEFAULT '',
  `pdf_page_number` int(11) NOT NULL DEFAULT 0,
  `x` float UNSIGNED NOT NULL DEFAULT 0,
  `y` float UNSIGNED NOT NULL DEFAULT 0
) ENGINE=InnoDB DEFAULT CHARSET=utf8 COLLATE=utf8_bin COMMENT='Table coordinates for phpMyAdmin PDF output';

-- --------------------------------------------------------

--
-- Estructura de tabla para la tabla `pma__table_info`
--

CREATE TABLE `pma__table_info` (
  `db_name` varchar(64) COLLATE utf8_bin NOT NULL DEFAULT '',
  `table_name` varchar(64) COLLATE utf8_bin NOT NULL DEFAULT '',
  `display_field` varchar(64) COLLATE utf8_bin NOT NULL DEFAULT ''
) ENGINE=InnoDB DEFAULT CHARSET=utf8 COLLATE=utf8_bin COMMENT='Table information for phpMyAdmin';

-- --------------------------------------------------------

--
-- Estructura de tabla para la tabla `pma__table_uiprefs`
--

CREATE TABLE `pma__table_uiprefs` (
  `username` varchar(64) COLLATE utf8_bin NOT NULL,
  `db_name` varchar(64) COLLATE utf8_bin NOT NULL,
  `table_name` varchar(64) COLLATE utf8_bin NOT NULL,
  `prefs` text COLLATE utf8_bin NOT NULL,
  `last_update` timestamp NOT NULL DEFAULT current_timestamp() ON UPDATE current_timestamp()
) ENGINE=InnoDB DEFAULT CHARSET=utf8 COLLATE=utf8_bin COMMENT='Tables'' UI preferences';

-- --------------------------------------------------------

--
-- Estructura de tabla para la tabla `pma__tracking`
--

CREATE TABLE `pma__tracking` (
  `db_name` varchar(64) COLLATE utf8_bin NOT NULL,
  `table_name` varchar(64) COLLATE utf8_bin NOT NULL,
  `version` int(10) UNSIGNED NOT NULL,
  `date_created` datetime NOT NULL,
  `date_updated` datetime NOT NULL,
  `schema_snapshot` text COLLATE utf8_bin NOT NULL,
  `schema_sql` text COLLATE utf8_bin DEFAULT NULL,
  `data_sql` longtext COLLATE utf8_bin DEFAULT NULL,
  `tracking` set('UPDATE','REPLACE','INSERT','DELETE','TRUNCATE','CREATE DATABASE','ALTER DATABASE','DROP DATABASE','CREATE TABLE','ALTER TABLE','RENAME TABLE','DROP TABLE','CREATE INDEX','DROP INDEX','CREATE VIEW','ALTER VIEW','DROP VIEW') COLLATE utf8_bin DEFAULT NULL,
  `tracking_active` int(1) UNSIGNED NOT NULL DEFAULT 1
) ENGINE=InnoDB DEFAULT CHARSET=utf8 COLLATE=utf8_bin COMMENT='Database changes tracking for phpMyAdmin';

-- --------------------------------------------------------

--
-- Estructura de tabla para la tabla `pma__userconfig`
--

CREATE TABLE `pma__userconfig` (
  `username` varchar(64) COLLATE utf8_bin NOT NULL,
  `timevalue` timestamp NOT NULL DEFAULT current_timestamp() ON UPDATE current_timestamp(),
  `config_data` text COLLATE utf8_bin NOT NULL
) ENGINE=InnoDB DEFAULT CHARSET=utf8 COLLATE=utf8_bin COMMENT='User preferences storage for phpMyAdmin';

--
-- Volcado de datos para la tabla `pma__userconfig`
--

INSERT INTO `pma__userconfig` (`username`, `timevalue`, `config_data`) VALUES
('root', '2019-09-17 05:31:30', '{\"Console\\/Mode\":\"collapse\",\"lang\":\"es\"}');

-- --------------------------------------------------------

--
-- Estructura de tabla para la tabla `pma__usergroups`
--

CREATE TABLE `pma__usergroups` (
  `usergroup` varchar(64) COLLATE utf8_bin NOT NULL,
  `tab` varchar(64) COLLATE utf8_bin NOT NULL,
  `allowed` enum('Y','N') COLLATE utf8_bin NOT NULL DEFAULT 'N'
) ENGINE=InnoDB DEFAULT CHARSET=utf8 COLLATE=utf8_bin COMMENT='User groups with configured menu items';

-- --------------------------------------------------------

--
-- Estructura de tabla para la tabla `pma__users`
--

CREATE TABLE `pma__users` (
  `username` varchar(64) COLLATE utf8_bin NOT NULL,
  `usergroup` varchar(64) COLLATE utf8_bin NOT NULL
) ENGINE=InnoDB DEFAULT CHARSET=utf8 COLLATE=utf8_bin COMMENT='Users and their assignments to user groups';

--
-- Índices para tablas volcadas
--

--
-- Indices de la tabla `pma__bookmark`
--
ALTER TABLE `pma__bookmark`
  ADD PRIMARY KEY (`id`);

--
-- Indices de la tabla `pma__central_columns`
--
ALTER TABLE `pma__central_columns`
  ADD PRIMARY KEY (`db_name`,`col_name`);

--
-- Indices de la tabla `pma__column_info`
--
ALTER TABLE `pma__column_info`
  ADD PRIMARY KEY (`id`),
  ADD UNIQUE KEY `db_name` (`db_name`,`table_name`,`column_name`);

--
-- Indices de la tabla `pma__designer_settings`
--
ALTER TABLE `pma__designer_settings`
  ADD PRIMARY KEY (`username`);

--
-- Indices de la tabla `pma__export_templates`
--
ALTER TABLE `pma__export_templates`
  ADD PRIMARY KEY (`id`),
  ADD UNIQUE KEY `u_user_type_template` (`username`,`export_type`,`template_name`);

--
-- Indices de la tabla `pma__favorite`
--
ALTER TABLE `pma__favorite`
  ADD PRIMARY KEY (`username`);

--
-- Indices de la tabla `pma__history`
--
ALTER TABLE `pma__history`
  ADD PRIMARY KEY (`id`),
  ADD KEY `username` (`username`,`db`,`table`,`timevalue`);

--
-- Indices de la tabla `pma__navigationhiding`
--
ALTER TABLE `pma__navigationhiding`
  ADD PRIMARY KEY (`username`,`item_name`,`item_type`,`db_name`,`table_name`);

--
-- Indices de la tabla `pma__pdf_pages`
--
ALTER TABLE `pma__pdf_pages`
  ADD PRIMARY KEY (`page_nr`),
  ADD KEY `db_name` (`db_name`);

--
-- Indices de la tabla `pma__recent`
--
ALTER TABLE `pma__recent`
  ADD PRIMARY KEY (`username`);

--
-- Indices de la tabla `pma__relation`
--
ALTER TABLE `pma__relation`
  ADD PRIMARY KEY (`master_db`,`master_table`,`master_field`),
  ADD KEY `foreign_field` (`foreign_db`,`foreign_table`);

--
-- Indices de la tabla `pma__savedsearches`
--
ALTER TABLE `pma__savedsearches`
  ADD PRIMARY KEY (`id`),
  ADD UNIQUE KEY `u_savedsearches_username_dbname` (`username`,`db_name`,`search_name`);

--
-- Indices de la tabla `pma__table_coords`
--
ALTER TABLE `pma__table_coords`
  ADD PRIMARY KEY (`db_name`,`table_name`,`pdf_page_number`);

--
-- Indices de la tabla `pma__table_info`
--
ALTER TABLE `pma__table_info`
  ADD PRIMARY KEY (`db_name`,`table_name`);

--
-- Indices de la tabla `pma__table_uiprefs`
--
ALTER TABLE `pma__table_uiprefs`
  ADD PRIMARY KEY (`username`,`db_name`,`table_name`);

--
-- Indices de la tabla `pma__tracking`
--
ALTER TABLE `pma__tracking`
  ADD PRIMARY KEY (`db_name`,`table_name`,`version`);

--
-- Indices de la tabla `pma__userconfig`
--
ALTER TABLE `pma__userconfig`
  ADD PRIMARY KEY (`username`);

--
-- Indices de la tabla `pma__usergroups`
--
ALTER TABLE `pma__usergroups`
  ADD PRIMARY KEY (`usergroup`,`tab`,`allowed`);

--
-- Indices de la tabla `pma__users`
--
ALTER TABLE `pma__users`
  ADD PRIMARY KEY (`username`,`usergroup`);

--
-- AUTO_INCREMENT de las tablas volcadas
--

--
-- AUTO_INCREMENT de la tabla `pma__bookmark`
--
ALTER TABLE `pma__bookmark`
  MODIFY `id` int(10) UNSIGNED NOT NULL AUTO_INCREMENT;

--
-- AUTO_INCREMENT de la tabla `pma__column_info`
--
ALTER TABLE `pma__column_info`
  MODIFY `id` int(5) UNSIGNED NOT NULL AUTO_INCREMENT;

--
-- AUTO_INCREMENT de la tabla `pma__export_templates`
--
ALTER TABLE `pma__export_templates`
  MODIFY `id` int(5) UNSIGNED NOT NULL AUTO_INCREMENT;

--
-- AUTO_INCREMENT de la tabla `pma__history`
--
ALTER TABLE `pma__history`
  MODIFY `id` bigint(20) UNSIGNED NOT NULL AUTO_INCREMENT;

--
-- AUTO_INCREMENT de la tabla `pma__pdf_pages`
--
ALTER TABLE `pma__pdf_pages`
  MODIFY `page_nr` int(10) UNSIGNED NOT NULL AUTO_INCREMENT;

--
-- AUTO_INCREMENT de la tabla `pma__savedsearches`
--
ALTER TABLE `pma__savedsearches`
  MODIFY `id` int(5) UNSIGNED NOT NULL AUTO_INCREMENT;
--
-- Base de datos: `test`
--
CREATE DATABASE IF NOT EXISTS `test` DEFAULT CHARACTER SET latin1 COLLATE latin1_swedish_ci;
USE `test`;
COMMIT;

/*!40101 SET CHARACTER_SET_CLIENT=@OLD_CHARACTER_SET_CLIENT */;
/*!40101 SET CHARACTER_SET_RESULTS=@OLD_CHARACTER_SET_RESULTS */;
/*!40101 SET COLLATION_CONNECTION=@OLD_COLLATION_CONNECTION */;
